B365H,B365D,B365A,BWH,BWD,BWA,BFH,BFD,BFA,PSH,PSD,PSA,WHH,WHD,WHA,1XBH,1XBD,1XBA,MaxH,MaxD,MaxA,AvgH,AvgD,AvgA,B365>2.5,B365<2.5,P>2.5,P<2.5,Max>2.5,Max<2.5,Avg>2.5,Avg<2.5,AHh,B365AHH,B365AHA,PAHH,PAHA,home_win,league
1.6,4.2,5.25,1.6,4.4,5.25,1.6,4.33,5.0,1.63,4.38,5.3,1.65,4.2,5.0,1.68,4.32,5.03,1.68,4.5,5.5,1.62,4.36,5.15,1.53,2.5,1.56,2.56,1.57,2.6,1.53,2.52,-1.0,2.05,1.88,2.07,1.86,1,Premier League
8.5,5.5,1.33,7.5,5.5,1.36,8.5,5.5,1.33,8.18,5.84,1.34,8.5,5.5,1.33,8.6,5.85,1.35,9.0,6.1,1.37,8.28,5.76,1.34,1.4,3.0,1.41,3.0,1.43,3.07,1.41,2.94,1.5,2.02,1.91,1.99,1.92,0,Premier League
1.18,7.5,13.0,1.2,7.5,13.5,1.15,8.0,16.0,1.16,8.56,16.22,1.18,7.0,17.0,1.2,7.65,16.0,1.2,9.1,18.0,1.18,7.86,15.87,1.44,2.75,1.46,2.79,1.5,2.82,1.46,2.7,-2.0,1.93,2.0,1.88,2.0,1,Premier League
2.63,3.3,2.63,2.65,3.4,2.6,2.7,3.4,2.63,2.73,3.36,2.71,2.6,3.5,2.7,2.68,3.66,2.63,2.76,3.66,2.78,2.67,3.41,2.68,1.8,2.0,1.83,2.05,1.85,2.08,1.81,2.04,0.0,1.96,1.97,1.96,1.94,0,Premier League
1.36,5.25,8.0,1.35,5.5,7.75,1.33,5.5,8.5,1.35,5.7,8.25,1.35,5.5,8.0,1.37,5.74,8.1,1.37,5.9,8.6,1.35,5.62,8.1,1.4,3.0,1.4,3.09,1.42,3.12,1.4,3.01,-1.5,1.98,1.95,1.94,1.96,1,Premier League
2.45,3.5,2.8,2.45,3.5,2.8,2.45,3.5,2.88,2.47,3.42,2.97,2.5,3.5,2.8,2.46,3.7,2.87,2.51,3.7,3.0,2.45,3.49,2.89,1.73,2.1,1.79,2.11,1.81,2.14,1.77,2.08,0.0,1.82,2.11,1.78,2.14,0,Premier League
2.45,3.6,2.75,2.45,3.6,2.7,2.4,3.6,2.8,2.49,3.65,2.8,2.4,3.75,2.75,2.42,3.91,2.81,2.49,3.91,2.87,2.44,3.69,2.79,1.57,2.38,1.59,2.46,1.59,2.52,1.57,2.43,-0.25,2.08,1.73,2.16,1.76,0,Premier League
2.4,3.4,2.9,2.4,3.4,2.87,2.45,3.4,2.88,2.5,3.4,2.95,2.45,3.5,2.88,2.47,3.66,2.88,2.52,3.66,2.99,2.46,3.44,2.9,1.8,2.0,1.83,2.05,1.85,2.08,1.81,2.03,-0.25,2.11,1.82,2.15,1.78,1,Premier League
4.1,3.9,1.8,3.9,4.1,1.82,4.1,3.9,1.8,4.19,3.93,1.84,4.0,4.0,1.83,4.02,4.22,1.85,4.3,4.22,1.88,4.05,4.0,1.83,1.5,2.63,1.52,2.62,1.53,2.69,1.5,2.59,0.5,2.07,1.86,2.06,1.85,0,Premier League
5.0,4.33,1.62,5.0,4.33,1.63,5.0,4.33,1.57,5.09,4.39,1.63,5.0,4.33,1.65,4.98,4.52,1.66,5.3,4.52,1.67,5.01,4.37,1.63,1.53,2.5,1.53,2.61,1.55,2.63,1.52,2.54,1.0,1.86,2.07,1.86,2.05,0,Premier League
2.5,3.7,2.63,2.5,3.75,2.6,2.5,3.75,2.7,2.51,3.66,2.76,2.5,3.7,2.7,2.54,3.87,2.68,2.54,3.87,2.79,2.5,3.72,2.69,1.57,2.38,1.6,2.45,1.63,2.5,1.58,2.42,0.0,1.86,2.04,1.86,2.05,1,Premier League
2.15,3.6,3.2,2.15,3.5,3.2,2.15,3.5,3.3,2.17,3.68,3.33,2.2,3.5,3.3,2.19,3.76,3.31,2.21,3.76,3.36,2.17,3.63,3.25,1.73,2.1,1.76,2.15,1.81,2.19,1.76,2.1,-0.25,1.91,1.99,1.88,2.02,0,Premier League
1.8,3.75,4.2,1.8,3.75,4.33,1.83,3.7,4.5,1.84,3.67,4.56,1.83,3.7,4.33,1.86,3.89,4.32,1.9,3.89,4.7,1.83,3.73,4.38,1.89,2.01,1.9,1.99,1.91,2.06,1.87,1.97,-0.75,2.03,1.78,2.1,1.81,1,Premier League
1.08,12.0,21.0,1.1,12.5,23.0,1.08,13.0,31.0,1.08,13.21,25.71,1.1,11.0,26.0,1.1,12.2,27.0,1.1,14.0,34.0,1.09,12.17,26.97,1.3,3.5,1.29,3.36,1.3,3.8,1.29,3.54,-2.75,2.04,1.86,2.05,1.85,1,Premier League
2.55,3.3,2.8,2.5,3.4,2.8,2.55,3.4,2.8,2.59,3.28,2.92,2.5,3.4,2.88,2.59,3.42,2.88,2.66,3.42,2.92,2.57,3.32,2.84,2.01,1.89,2.01,1.88,2.02,1.93,1.97,1.87,0.0,1.83,2.07,1.84,2.08,0,Premier League
1.44,4.75,6.5,1.43,5.0,6.75,1.4,5.0,7.0,1.45,4.87,7.03,1.44,4.8,7.0,1.47,5.08,6.81,1.49,5.1,7.3,1.44,4.95,6.75,1.5,2.63,1.54,2.59,1.54,2.63,1.51,2.55,-1.25,1.95,1.95,1.98,1.93,1,Premier League
4.33,3.8,1.75,4.2,3.9,1.8,4.5,3.9,1.75,4.55,3.98,1.77,4.33,3.9,1.8,4.32,4.0,1.84,4.7,4.1,1.84,4.41,3.92,1.78,1.73,2.1,1.75,2.15,1.78,2.23,1.73,2.13,0.75,1.9,2.0,1.9,2.0,0,Premier League
2.9,3.8,2.2,3.0,3.9,2.2,3.0,3.8,2.2,3.05,3.73,2.28,3.0,3.8,2.25,3.05,3.95,2.25,3.06,3.95,2.32,2.99,3.8,2.25,1.57,2.38,1.61,2.43,1.61,2.5,1.56,2.44,0.25,1.92,1.98,1.91,2.0,0,Premier League
4.33,4.0,1.75,4.4,4.0,1.75,4.5,4.0,1.75,4.46,4.03,1.78,4.4,4.0,1.75,4.27,4.17,1.81,4.6,4.17,1.82,4.37,4.0,1.77,1.62,2.3,1.65,2.33,1.68,2.34,1.64,2.29,0.75,1.89,2.01,1.9,2.01,0,Premier League
1.27,5.75,11.0,1.25,6.75,10.5,1.22,7.0,11.0,1.25,7.05,10.11,1.25,6.5,11.0,1.28,6.6,10.6,1.28,7.5,11.5,1.25,6.78,10.37,1.36,3.2,1.36,3.23,1.4,3.4,1.35,3.2,-1.75,1.89,2.01,1.89,1.99,1,Premier League
1.33,5.5,8.5,1.36,5.5,8.0,1.33,5.5,8.5,1.34,5.87,8.1,1.33,5.5,8.5,1.37,5.84,7.9,1.37,6.0,9.0,1.35,5.66,8.11,1.53,2.5,1.54,2.59,1.57,2.59,1.53,2.52,-1.5,2.01,1.89,2.02,1.89,0,Premier League
1.75,3.9,4.33,1.75,3.9,4.4,1.75,3.9,4.6,1.79,3.9,4.51,1.75,3.9,4.6,1.79,4.12,4.47,1.82,4.12,4.7,1.77,3.97,4.46,1.73,2.1,1.74,2.18,1.76,2.21,1.73,2.15,-0.75,2.01,1.89,2.0,1.9,1,Premier League
2.75,3.4,2.55,2.65,3.4,2.6,2.75,3.4,2.6,2.82,3.38,2.62,2.75,3.4,2.6,2.83,3.48,2.6,2.85,3.5,2.64,2.78,3.4,2.59,1.92,1.98,1.93,1.96,1.93,2.0,1.87,1.95,0.0,2.01,1.89,2.03,1.88,0,Premier League
3.0,3.5,2.3,3.1,3.5,2.25,3.1,3.4,2.3,3.14,3.53,2.32,3.1,3.5,2.3,3.13,3.66,2.31,3.2,3.66,2.38,3.1,3.5,2.31,1.84,2.06,1.83,2.06,1.88,2.07,1.82,2.03,0.25,1.87,2.03,1.89,2.01,0,Premier League
4.5,4.0,1.7,4.4,3.9,1.77,4.6,3.9,1.75,4.8,4.09,1.71,4.6,3.9,1.75,4.53,4.17,1.77,4.9,4.2,1.78,4.62,4.02,1.74,1.67,2.2,1.68,2.27,1.76,2.3,1.69,2.21,0.75,1.95,1.95,1.98,1.93,0,Premier League
2.0,3.7,3.7,2.1,3.6,3.5,2.0,3.6,3.75,2.02,3.7,3.71,2.05,3.6,3.6,2.04,3.76,3.7,2.1,3.76,3.79,2.03,3.66,3.65,1.85,2.05,1.85,2.04,1.86,2.09,1.83,2.02,-0.5,2.03,1.87,2.03,1.88,0,Premier League
7.0,5.5,1.38,7.25,5.25,1.39,7.5,5.5,1.36,7.69,5.64,1.37,8.0,5.0,1.4,7.7,5.44,1.4,8.0,5.8,1.41,7.57,5.49,1.38,1.44,2.75,1.49,2.72,1.5,2.8,1.46,2.73,1.5,1.86,2.04,1.87,2.04,0,Premier League
1.6,4.33,5.0,1.6,4.4,5.0,1.6,4.4,5.0,1.63,4.4,5.06,1.65,4.33,5.0,1.66,4.52,4.98,1.68,4.55,5.2,1.63,4.4,5.01,1.5,2.63,1.53,2.61,1.55,2.63,1.52,2.56,-1.0,2.04,1.86,2.08,1.84,0,Premier League
2.5,4.0,2.5,2.45,4.0,2.55,2.5,3.9,2.55,2.5,3.96,2.62,2.5,4.0,2.5,2.54,4.12,2.56,2.56,4.12,2.63,2.51,3.97,2.56,1.36,3.2,1.41,3.04,1.41,3.22,1.38,3.07,0.0,1.95,1.95,1.91,2.0,1,Premier League
3.7,4.2,1.85,3.7,4.1,1.87,3.9,4.1,1.85,3.93,4.31,1.82,3.8,4.2,1.85,3.98,4.17,1.87,4.0,4.4,1.9,3.82,4.2,1.85,1.44,2.75,1.44,2.89,1.45,3.02,1.43,2.84,0.5,2.04,1.86,2.08,1.82,0,Premier League
4.5,4.0,1.7,4.5,4.0,1.73,4.6,3.9,1.75,4.5,4.13,1.74,4.75,3.8,1.75,4.83,3.85,1.79,4.83,4.2,1.79,4.56,4.04,1.74,1.62,2.3,1.6,2.41,1.67,2.45,1.61,2.36,0.75,1.95,1.95,1.94,1.94,0,Premier League
1.38,5.0,7.5,1.38,5.25,7.75,1.36,5.0,8.5,1.38,5.13,8.05,1.4,5.0,8.0,1.41,5.24,7.8,1.41,5.4,8.5,1.38,5.16,7.89,1.53,2.5,1.56,2.49,1.59,2.52,1.56,2.46,-1.5,2.03,1.78,2.09,1.79,0,Premier League
1.62,4.0,5.5,1.62,4.1,5.25,1.62,4.0,5.5,1.62,4.13,5.48,1.65,4.0,5.5,1.66,4.27,5.33,1.66,4.3,5.6,1.63,4.14,5.38,1.73,2.1,1.76,2.11,1.8,2.17,1.76,2.1,-1.0,2.08,1.82,2.09,1.81,0,Premier League
2.38,3.25,3.0,2.4,3.6,2.8,2.45,3.4,2.88,2.4,3.53,2.97,2.5,3.4,2.88,2.49,3.4,3.03,2.5,3.6,3.03,2.42,3.48,2.92,1.73,2.1,1.72,2.18,1.75,2.22,1.72,2.16,-0.25,2.08,1.82,2.08,1.81,0,Premier League
1.22,6.5,12.0,1.22,7.0,12.0,1.2,7.0,13.0,1.21,7.23,12.71,1.22,6.5,13.0,1.25,6.86,12.4,1.25,7.7,13.0,1.22,7.03,12.4,1.44,2.75,1.41,2.95,1.46,3.1,1.41,2.91,-2.0,2.07,1.83,2.05,1.83,0,Premier League
1.18,8.0,12.0,1.19,7.75,14.0,1.15,9.0,15.0,1.17,8.43,14.62,1.18,7.5,15.0,1.19,8.1,15.0,1.21,9.2,17.0,1.17,8.2,14.79,1.36,3.2,1.36,3.17,1.4,3.45,1.35,3.22,-2.0,1.92,1.98,1.91,1.96,1,Premier League
1.5,4.2,6.5,1.5,4.5,6.25,1.47,4.5,6.5,1.51,4.45,6.48,1.5,4.4,6.5,1.54,4.63,6.3,1.55,4.65,6.7,1.51,4.48,6.34,1.67,2.2,1.69,2.23,1.72,2.28,1.67,2.23,-1.0,1.85,2.05,1.87,2.02,1,Premier League
3.4,3.8,2.0,3.3,3.9,2.05,3.4,3.9,2.0,3.32,3.97,2.06,3.4,3.9,2.05,3.4,4.12,2.05,3.45,4.12,2.09,3.33,3.96,2.05,1.44,2.75,1.46,2.81,1.48,2.86,1.45,2.76,0.5,1.85,2.05,1.83,2.07,0,Premier League
3.0,3.5,2.3,2.95,3.7,2.25,2.9,3.6,2.3,3.03,3.62,2.32,3.0,3.6,2.3,3.13,3.46,2.4,3.13,3.75,2.4,2.99,3.59,2.33,1.57,2.38,1.59,2.44,1.66,2.5,1.58,2.41,0.25,1.88,2.02,1.86,2.02,0,Premier League
3.4,3.5,2.1,3.2,3.75,2.1,3.3,3.7,2.1,3.41,3.71,2.1,3.3,3.7,2.1,3.48,3.58,2.18,3.48,3.8,2.18,3.36,3.69,2.11,1.57,2.38,1.57,2.49,1.59,2.55,1.56,2.47,0.25,2.06,1.84,2.06,1.83,0,Premier League
3.6,3.9,1.95,3.4,3.8,2.05,3.4,3.9,2.0,3.59,3.93,1.99,3.4,3.75,2.05,3.62,3.95,2.02,3.71,4.0,2.05,3.49,3.89,2.01,1.5,2.63,1.53,2.6,1.55,2.66,1.52,2.54,0.5,1.9,2.0,1.9,2.0,0,Premier League
1.57,4.2,5.25,1.58,4.4,5.25,1.57,4.33,5.5,1.59,4.47,5.44,1.6,4.2,5.5,1.62,4.52,5.38,1.62,4.6,5.6,1.59,4.39,5.35,1.57,2.38,1.58,2.47,1.63,2.47,1.58,2.41,-1.0,2.0,1.9,1.98,1.93,1,Premier League
3.0,3.4,2.4,2.87,3.6,2.35,2.8,3.5,2.45,2.89,3.54,2.47,2.88,3.4,2.5,2.93,3.54,2.49,3.0,3.61,2.52,2.86,3.51,2.45,1.67,2.2,1.71,2.22,1.72,2.29,1.68,2.22,0.25,1.82,2.08,1.78,2.13,1,Premier League
2.45,3.4,2.88,2.55,3.4,2.7,2.5,3.4,2.8,2.54,3.43,2.88,2.5,3.5,2.75,2.53,3.6,2.83,2.58,3.6,2.92,2.52,3.44,2.82,1.87,2.03,1.9,1.99,1.9,2.05,1.86,1.98,0.0,1.81,2.09,1.83,2.08,0,Premier League
1.3,6.25,9.0,1.29,6.5,9.0,1.25,6.5,10.0,1.28,6.36,9.45,1.3,6.5,8.5,1.31,6.3,9.75,1.31,6.7,10.0,1.29,6.31,9.35,1.36,3.2,1.36,3.2,1.39,3.27,1.36,3.12,-1.75,2.0,1.9,1.97,1.92,1,Premier League
2.25,3.5,3.2,2.25,3.6,3.0,2.3,3.4,3.1,2.27,3.5,3.24,2.2,3.6,3.2,2.26,3.7,3.2,2.3,3.7,3.27,2.25,3.52,3.17,1.8,2.0,1.8,2.09,1.82,2.13,1.77,2.06,-0.25,1.97,1.93,1.97,1.93,0,Premier League
1.55,4.5,5.5,1.53,4.75,5.5,1.55,4.6,5.5,1.55,4.77,5.48,1.57,4.5,5.5,1.58,4.83,5.43,1.58,5.0,5.6,1.55,4.72,5.41,1.44,2.75,1.44,2.89,1.45,2.93,1.42,2.81,-1.0,1.89,2.01,1.88,2.04,1,Premier League
2.88,3.75,2.3,2.75,3.7,2.4,2.8,3.7,2.38,2.92,3.76,2.35,2.88,3.6,2.38,2.92,3.88,2.35,2.96,3.88,2.42,2.85,3.72,2.36,1.57,2.38,1.62,2.41,1.64,2.45,1.6,2.39,0.25,1.85,2.05,1.85,2.06,0,Premier League
1.75,3.75,4.75,1.78,3.8,4.4,1.75,3.9,4.6,1.79,3.91,4.51,1.8,3.8,4.5,1.8,3.98,4.57,2.44,3.99,4.75,1.86,3.83,4.21,1.86,2.04,1.85,2.04,1.87,2.07,1.83,2.02,-0.75,2.04,1.86,2.03,1.88,0,Premier League
1.8,3.6,4.5,1.8,3.6,4.6,1.83,3.5,4.75,1.85,3.66,4.54,1.85,3.5,4.5,1.85,3.71,4.63,1.87,3.75,4.75,1.83,3.62,4.52,2.04,1.86,2.05,1.85,2.08,1.87,2.02,1.82,-0.75,2.07,1.83,2.11,1.79,0,Premier League
5.25,4.33,1.6,5.0,4.33,1.61,5.0,4.5,1.57,5.18,4.54,1.6,5.0,4.33,1.62,5.14,4.59,1.63,5.3,4.7,1.63,5.09,4.47,1.61,1.5,2.63,1.5,2.67,1.53,2.8,1.49,2.64,1.0,1.89,2.01,1.93,1.96,0,Premier League
1.17,8.0,15.0,1.19,7.75,14.0,1.17,8.0,16.0,1.18,8.27,14.09,1.2,7.0,15.0,1.21,7.43,16.0,1.21,8.8,18.0,1.18,7.82,15.12,1.5,2.63,1.54,2.57,1.55,2.75,1.49,2.55,-2.0,1.98,1.92,2.0,1.88,1,Premier League
2.2,3.5,3.2,2.2,3.6,3.1,2.2,3.5,3.25,2.23,3.63,3.22,2.25,3.6,3.1,2.23,3.82,3.16,2.27,3.82,3.26,2.23,3.62,3.16,1.67,2.2,1.65,2.33,1.71,2.34,1.66,2.27,-0.25,1.93,1.97,1.94,1.96,0,Premier League
1.73,4.2,4.2,1.71,4.1,4.5,1.7,4.2,4.5,1.75,4.3,4.32,1.75,4.2,4.33,1.76,4.33,4.39,1.77,4.35,4.5,1.74,4.23,4.35,1.5,2.63,1.51,2.66,1.54,2.69,1.5,2.58,-0.75,1.95,1.95,1.95,1.95,1,Premier League
2.7,3.3,2.63,2.7,3.4,2.55,2.7,3.4,2.63,2.76,3.35,2.69,2.75,3.4,2.6,2.75,3.59,2.61,2.8,3.59,2.71,2.73,3.39,2.63,1.88,2.02,1.86,2.03,1.92,2.04,1.87,1.97,0.0,1.98,1.92,1.98,1.93,1,Premier League
2.38,3.3,3.0,2.37,3.3,3.0,2.3,3.3,3.1,2.49,3.32,3.03,2.38,3.3,3.1,2.37,3.52,3.14,2.51,3.52,3.23,2.4,3.34,3.07,2.02,1.88,2.01,1.88,2.04,1.89,2.0,1.85,-0.25,2.06,1.84,2.08,1.84,0,Premier League
8.0,5.75,1.33,7.75,5.25,1.38,8.0,5.5,1.33,8.09,5.63,1.36,8.0,5.5,1.35,8.45,5.7,1.37,8.5,5.9,1.38,8.05,5.55,1.35,1.44,2.75,1.48,2.73,1.49,2.95,1.45,2.77,1.5,1.93,1.97,1.96,1.94,0,Premier League
4.0,3.75,1.85,3.9,3.7,1.9,4.2,3.75,1.87,4.34,3.77,1.85,4.0,3.7,1.91,4.23,4.0,1.86,4.4,4.0,1.91,4.15,3.77,1.87,1.73,2.1,1.74,2.18,1.79,2.2,1.73,2.14,0.5,2.01,1.89,2.05,1.86,0,Premier League
2.35,3.75,2.75,2.3,3.9,2.8,2.38,3.9,2.75,2.42,3.9,2.75,2.3,4.0,2.75,2.38,4.13,2.75,2.42,4.13,2.8,2.36,3.89,2.77,1.44,2.75,1.45,2.88,1.45,3.07,1.42,2.87,-0.25,2.08,1.82,2.12,1.79,0,Premier League
1.65,4.1,5.0,1.65,4.2,5.0,1.62,4.1,5.0,1.65,4.37,5.01,1.67,4.2,4.8,1.67,4.53,4.84,1.68,4.53,5.25,1.65,4.29,4.91,1.5,2.63,1.49,2.7,1.52,2.75,1.49,2.6,-0.75,1.83,2.07,1.8,2.1,1,Premier League
6.0,4.5,1.5,6.0,4.6,1.5,6.5,4.6,1.47,6.38,4.71,1.5,6.5,4.4,1.5,6.67,4.69,1.51,6.67,4.9,1.52,6.36,4.65,1.49,1.57,2.38,1.62,2.39,1.64,2.5,1.59,2.4,1.0,2.05,1.75,2.11,1.82,0,Premier League
1.14,9.0,17.0,1.14,9.5,17.0,1.11,9.5,21.0,1.13,9.46,19.13,1.14,8.5,19.0,1.15,9.4,20.0,1.16,10.0,21.0,1.14,9.2,18.63,1.36,3.2,1.38,3.16,1.4,3.25,1.36,3.13,-2.25,1.89,2.01,1.91,1.98,1,Premier League
2.05,3.6,3.4,2.0,3.6,3.6,2.05,3.6,3.6,2.14,3.62,3.44,2.1,3.6,3.5,2.11,3.75,3.51,2.14,3.75,3.7,2.09,3.64,3.47,1.73,2.1,1.81,2.08,1.81,2.13,1.78,2.08,-0.25,1.85,2.05,1.87,2.05,1,Premier League
3.1,3.75,2.15,3.1,3.7,2.15,3.4,3.6,2.15,3.35,3.63,2.17,3.2,3.7,2.15,3.32,3.81,2.16,3.4,3.81,2.22,3.24,3.66,2.17,1.67,2.2,1.73,2.2,1.74,2.29,1.69,2.21,0.25,1.99,1.91,2.01,1.89,1,Premier League
1.25,7.0,9.5,1.24,6.75,11.0,1.22,7.0,12.0,1.23,7.15,10.66,1.25,6.0,12.0,1.27,6.52,11.4,1.27,7.6,12.0,1.24,6.85,11.11,1.44,2.75,1.47,2.74,1.49,2.82,1.45,2.74,-1.75,1.9,2.0,1.91,1.98,1,Premier League
1.8,3.8,4.33,1.8,3.9,4.1,1.75,3.9,4.4,1.81,4.02,4.29,1.8,3.9,4.33,1.83,4.06,4.28,1.86,4.1,4.45,1.8,3.96,4.25,1.67,2.2,1.71,2.22,1.72,2.29,1.69,2.21,-0.75,2.04,1.86,2.04,1.87,1,Premier League
3.2,3.6,2.2,3.1,3.6,2.2,3.1,3.6,2.25,3.18,3.59,2.27,3.1,3.7,2.2,3.14,3.77,2.26,3.25,3.77,2.29,3.15,3.62,2.23,1.67,2.2,1.73,2.19,1.75,2.29,1.69,2.21,0.25,1.95,1.95,1.93,1.98,0,Premier League
2.2,3.75,3.0,2.2,3.7,3.0,2.2,3.8,3.0,2.22,3.87,3.09,2.2,3.7,3.1,2.22,3.99,3.08,2.25,3.99,3.2,2.21,3.82,3.06,1.53,2.5,1.55,2.57,1.55,2.63,1.53,2.52,-0.25,1.95,1.95,1.95,1.95,0,Premier League
1.48,4.5,6.5,1.47,4.6,6.25,1.44,4.6,7.0,1.5,4.81,6.2,1.5,4.5,6.5,1.52,4.79,6.31,1.52,4.95,7.0,1.48,4.73,6.32,1.57,2.38,1.57,2.49,1.59,2.55,1.55,2.46,-1.25,2.05,1.85,2.07,1.85,0,Premier League
2.9,4.0,2.2,2.85,4.0,2.25,2.88,3.9,2.25,2.95,3.99,2.25,2.9,4.0,2.2,2.94,4.18,2.24,2.99,4.18,2.28,2.9,4.01,2.23,1.4,3.0,1.42,3.0,1.42,3.12,1.39,3.0,0.25,1.93,1.97,1.92,1.99,1,Premier League
1.5,5.0,5.25,1.5,4.8,5.75,1.47,4.2,6.0,1.5,5.01,5.88,1.53,4.75,5.5,1.53,5.04,5.76,1.54,5.1,6.0,1.5,4.91,5.73,1.36,3.2,1.38,3.18,1.4,3.22,1.37,3.08,-1.25,2.04,1.86,2.04,1.88,1,Premier League
2.45,3.5,2.8,2.4,3.5,2.85,2.4,3.4,2.9,2.46,3.5,2.94,2.4,3.6,2.88,2.45,3.71,2.88,2.5,3.71,2.98,2.44,3.5,2.89,1.73,2.1,1.75,2.17,1.78,2.2,1.73,2.14,-0.25,2.08,1.7,2.13,1.8,0,Premier League
2.38,3.3,3.0,2.4,3.4,2.9,2.4,3.4,3.0,2.4,3.43,3.07,2.4,3.4,3.0,2.42,3.48,3.08,2.42,3.5,3.11,2.4,3.42,3.01,1.86,2.04,1.86,2.03,1.88,2.06,1.83,2.01,-0.25,2.08,1.82,2.08,1.84,0,Premier League
1.7,4.2,4.5,1.7,4.2,4.5,1.67,4.33,4.6,1.72,4.37,4.43,1.7,4.2,4.5,1.74,4.38,4.48,1.75,4.5,4.75,1.71,4.28,4.48,1.5,2.63,1.51,2.64,1.53,2.66,1.49,2.58,-0.75,1.83,1.95,1.92,1.99,1,Premier League
1.95,3.7,3.6,2.0,3.75,3.5,1.95,3.9,3.6,2.01,3.91,3.55,2.0,3.8,3.5,2.03,4.08,3.48,2.05,4.08,3.66,2.01,3.88,3.51,1.49,2.45,1.52,2.63,1.54,2.69,1.51,2.56,-0.5,2.01,1.89,2.02,1.88,0,Premier League
2.3,3.5,3.0,2.35,3.5,2.9,2.3,3.5,3.0,2.34,3.53,3.09,2.38,3.5,3.0,2.36,3.61,3.08,2.38,3.63,3.14,2.33,3.54,3.03,1.73,2.1,1.79,2.11,1.8,2.16,1.76,2.08,-0.25,1.97,1.81,2.03,1.88,0,Premier League
5.0,3.9,1.65,4.8,4.1,1.66,5.0,3.9,1.67,5.01,4.13,1.68,5.0,4.0,1.67,4.99,4.23,1.7,5.1,4.23,1.71,4.94,4.09,1.68,1.73,2.1,1.74,2.18,1.75,2.2,1.72,2.15,0.75,2.04,1.86,2.04,1.88,1,Premier League
8.0,6.0,1.33,9.0,5.75,1.32,9.5,6.0,1.3,9.01,5.92,1.32,9.0,5.5,1.33,9.25,5.91,1.34,9.8,6.0,1.34,8.88,5.85,1.31,1.44,2.75,1.48,2.73,1.5,2.95,1.45,2.75,1.5,2.02,1.88,2.02,1.88,0,Premier League
1.62,4.1,5.0,1.66,4.2,4.75,1.65,4.2,5.0,1.62,4.47,5.08,1.65,4.33,4.8,1.65,4.69,4.84,1.67,4.69,5.1,1.63,4.39,4.89,1.4,3.0,1.41,3.02,1.43,3.07,1.4,2.93,-1.0,2.03,1.87,2.0,1.91,1,Premier League
2.3,3.5,3.0,2.37,3.25,3.1,2.38,3.2,3.0,2.41,3.28,3.19,2.38,3.25,3.2,2.41,3.41,3.16,2.41,3.5,3.21,2.36,3.31,3.11,2.1,1.73,2.17,1.75,2.23,1.76,2.14,1.73,-0.25,2.06,1.84,2.07,1.85,1,Premier League
3.0,3.3,2.4,3.0,3.25,2.4,3.1,3.3,2.4,3.14,3.35,2.43,3.1,3.3,2.38,3.1,3.45,2.42,3.2,3.45,2.45,3.09,3.32,2.41,2.0,1.8,2.12,1.79,2.13,1.82,2.06,1.79,0.25,1.83,2.07,1.85,2.09,0,Premier League
1.85,3.9,3.8,1.87,3.9,3.9,1.85,3.9,4.0,1.86,4.0,4.03,1.85,3.9,4.0,1.9,4.0,4.03,1.9,4.1,4.1,1.86,3.97,3.97,1.57,2.38,1.61,2.42,1.62,2.45,1.6,2.39,-0.5,1.86,2.04,1.87,2.04,0,Premier League
1.65,4.33,4.75,1.68,4.2,4.75,1.65,4.2,5.0,1.65,4.35,4.94,1.7,4.2,4.6,1.71,4.38,4.69,1.71,4.4,5.1,1.67,4.27,4.86,1.67,2.2,1.67,2.29,1.69,2.33,1.65,2.28,-0.75,1.82,2.08,1.83,2.09,1,Premier League
1.62,4.5,4.5,1.62,4.33,5.0,1.62,4.33,5.0,1.66,4.34,4.9,1.65,4.2,5.0,1.68,4.38,4.94,1.68,4.5,5.1,1.64,4.32,4.94,1.57,2.38,1.59,2.46,1.6,2.5,1.56,2.43,-1.0,2.03,1.75,2.11,1.79,0,Premier League
1.11,10.0,17.0,1.12,11.0,19.0,1.1,11.0,23.0,1.1,11.9,20.73,1.12,9.5,21.0,1.13,10.5,20.0,1.13,13.0,26.0,1.11,10.94,21.04,1.29,3.75,1.32,3.28,1.3,3.95,1.27,3.73,-2.5,1.92,1.98,1.93,1.96,1,Premier League
2.75,3.25,2.63,2.75,3.3,2.55,2.8,3.4,2.55,2.8,3.38,2.63,2.75,3.3,2.62,2.81,3.45,2.63,2.83,3.45,2.66,2.76,3.37,2.6,1.91,1.99,1.88,2.01,1.96,2.01,1.89,1.95,0.0,1.95,1.83,2.02,1.89,0,Premier League
1.73,4.33,4.2,1.82,4.0,4.0,1.75,4.2,4.2,1.75,4.35,4.28,1.8,4.2,4.0,1.8,4.33,4.17,1.82,4.43,4.3,1.76,4.26,4.15,1.44,2.75,1.44,2.89,1.47,2.93,1.44,2.78,-0.75,1.95,1.95,1.95,1.95,1,Premier League
3.9,4.0,1.83,4.0,3.9,1.83,3.9,3.9,1.87,4.05,3.98,1.86,4.0,4.0,1.83,4.05,4.13,1.86,4.1,4.13,1.88,3.97,3.97,1.85,1.57,2.38,1.61,2.41,1.63,2.48,1.59,2.4,0.5,2.04,1.86,2.04,1.87,1,Premier League
2.88,3.75,2.3,2.87,3.75,2.3,2.88,3.7,2.3,2.94,3.73,2.35,2.88,3.75,2.3,2.91,3.98,2.33,2.98,3.98,2.38,2.89,3.71,2.33,1.53,2.5,1.53,2.6,1.55,2.69,1.51,2.53,0.25,1.86,2.04,1.85,2.06,1,Premier League
2.5,3.25,2.9,2.45,3.4,2.9,2.5,3.3,2.9,2.54,3.4,2.9,2.45,3.4,2.9,2.51,3.59,2.87,2.54,3.59,2.96,2.49,3.37,2.89,1.92,1.98,1.93,1.95,1.94,1.99,1.89,1.94,0.0,1.82,2.08,1.83,2.09,0,Premier League
3.75,3.75,1.95,3.8,3.7,1.95,3.9,3.6,1.95,3.85,3.69,1.99,3.7,3.6,2.0,3.8,3.8,2.0,3.88,3.8,2.03,3.77,3.69,1.98,1.84,2.06,1.83,2.05,1.86,2.07,1.82,2.02,0.5,1.92,1.98,1.91,2.0,1,Premier League
5.5,4.2,1.57,5.25,4.5,1.57,5.5,4.4,1.57,5.29,4.48,1.6,5.5,4.33,1.6,5.3,4.54,1.62,5.5,4.6,1.62,5.32,4.44,1.59,1.57,2.38,1.59,2.46,1.62,2.52,1.57,2.42,1.0,1.91,1.99,1.89,2.01,1,Premier League
2.25,3.5,3.1,2.25,3.5,3.1,2.3,3.5,3.1,2.28,3.63,3.13,2.25,3.6,3.1,2.28,3.77,3.11,2.3,3.77,3.18,2.27,3.61,3.09,1.73,2.1,1.72,2.2,1.74,2.25,1.71,2.18,-0.25,2.0,1.9,1.99,1.92,0,Premier League
1.4,5.0,7.5,1.41,5.25,6.75,1.36,5.0,7.0,1.39,5.54,7.11,1.4,5.0,7.5,1.43,5.4,7.13,1.43,5.8,7.5,1.39,5.4,7.12,1.4,3.0,1.39,3.13,1.41,3.17,1.39,2.99,-1.5,2.04,1.86,2.06,1.85,1,Premier League
2.15,3.5,3.4,2.15,3.5,3.3,2.15,3.4,3.5,2.15,3.51,3.53,2.15,3.5,3.4,2.13,3.69,3.51,2.2,3.69,3.58,2.15,3.52,3.43,1.89,2.01,1.88,2.02,1.9,2.03,1.86,1.98,-0.25,1.87,2.03,1.86,2.05,1,Premier League
2.63,3.4,2.63,2.55,3.5,2.65,2.7,3.4,2.63,2.7,3.45,2.69,2.62,3.5,2.62,2.69,3.63,2.64,2.7,3.63,2.75,2.65,3.48,2.66,1.84,2.06,1.85,2.05,1.86,2.06,1.83,2.02,0.0,1.95,1.95,1.95,1.95,1,Premier League
2.5,3.4,2.88,2.55,3.4,2.75,2.5,3.4,2.8,2.55,3.34,2.92,2.5,3.5,2.8,2.53,3.59,2.85,2.61,3.59,2.92,2.53,3.4,2.85,1.9,2.0,1.92,1.97,1.93,2.0,1.89,1.95,0.0,1.82,2.08,1.83,2.1,0,Premier League
1.91,4.0,3.6,1.88,4.0,3.7,1.91,4.0,3.7,1.97,4.07,3.55,1.91,4.0,3.7,1.92,4.28,3.71,1.98,4.28,3.71,1.93,4.07,3.55,1.44,2.75,1.47,2.81,1.47,2.9,1.44,2.78,-0.5,1.95,1.95,1.98,1.93,1,Premier League
2.6,3.5,2.6,2.55,3.8,2.55,2.63,3.7,2.55,2.61,3.81,2.58,2.6,3.8,2.5,2.61,4.06,2.53,2.63,4.06,2.61,2.58,3.78,2.56,1.44,2.75,1.45,2.85,1.47,2.93,1.44,2.79,0.0,1.95,1.95,1.97,1.93,0,Premier League
2.0,3.7,3.5,2.05,3.6,3.5,2.0,3.6,3.5,2.04,3.73,3.61,2.05,3.7,3.5,2.05,3.89,3.57,2.08,3.9,3.61,2.03,3.73,3.52,1.67,2.2,1.68,2.28,1.7,2.31,1.67,2.23,-0.5,2.04,1.86,2.05,1.86,1,Premier League
2.5,3.5,2.7,2.4,3.6,2.8,2.55,3.6,2.63,2.59,3.56,2.73,2.5,3.5,2.75,2.55,3.69,2.76,2.61,3.7,2.8,2.53,3.59,2.72,1.62,2.3,1.63,2.39,1.63,2.47,1.6,2.39,0.0,1.89,2.01,1.9,2.01,1,Premier League
2.7,3.5,2.55,2.6,3.4,2.7,2.7,3.4,2.63,2.79,3.44,2.6,2.7,3.4,2.62,2.72,3.57,2.65,2.82,3.73,2.7,2.7,3.48,2.61,1.95,1.95,1.94,1.94,1.99,1.96,1.93,1.91,0.0,1.99,1.91,2.03,1.88,0,Premier League
2.15,3.4,3.4,2.15,3.4,3.4,2.15,3.4,3.4,2.2,3.55,3.37,2.15,3.5,3.4,2.18,3.71,3.36,2.23,3.71,3.5,2.18,3.47,3.38,1.84,2.06,1.79,2.1,1.87,2.13,1.81,2.03,-0.25,1.88,2.02,1.88,2.03,0,Premier League
1.91,3.75,3.75,1.95,3.7,3.7,1.91,3.8,3.8,1.99,3.84,3.7,1.95,3.75,3.7,1.99,3.94,3.72,2.01,4.13,3.8,1.96,3.84,3.67,1.67,2.2,1.67,2.3,1.72,2.34,1.66,2.26,-0.5,1.98,1.92,1.99,1.91,1,Premier League
4.1,4.2,1.73,4.33,4.0,1.77,4.33,4.2,1.75,4.49,4.18,1.74,4.4,4.0,1.75,4.33,4.33,1.77,4.6,4.33,1.8,4.34,4.17,1.75,1.53,2.5,1.56,2.53,1.57,2.63,1.53,2.5,0.75,1.95,1.95,1.95,1.95,1,Premier League
1.42,5.25,6.5,1.44,5.0,6.25,1.4,5.0,6.5,1.42,5.45,6.7,1.44,4.8,7.0,1.44,5.35,6.98,1.45,5.5,7.4,1.42,5.26,6.7,1.44,2.75,1.44,2.87,1.45,2.98,1.43,2.83,-1.25,1.87,2.03,1.86,2.06,1,Premier League
1.38,5.5,6.5,1.38,5.25,7.5,1.36,5.5,7.5,1.39,5.34,7.62,1.4,5.0,7.5,1.41,5.39,7.7,1.43,5.6,8.0,1.39,5.35,7.46,1.44,2.75,1.5,2.69,1.51,2.8,1.46,2.72,-1.5,2.04,1.86,2.07,1.85,1,Premier League
2.7,3.3,2.7,2.7,3.3,2.65,2.6,3.4,2.7,2.71,3.29,2.78,2.62,3.4,2.7,2.68,3.57,2.69,2.75,3.57,2.82,2.69,3.31,2.72,1.97,1.93,1.94,1.94,2.0,1.96,1.94,1.9,0.0,1.95,1.95,1.93,1.97,0,Premier League
1.25,6.5,9.0,1.26,6.75,10.0,1.25,7.0,10.0,1.25,6.95,9.87,1.25,6.5,11.0,1.27,6.88,10.4,1.27,7.3,11.0,1.26,6.76,9.98,1.3,3.5,1.32,3.49,1.33,3.7,1.3,3.49,-1.75,1.85,2.05,1.83,2.07,0,Premier League
2.7,3.4,2.55,2.8,3.5,2.45,2.8,3.4,2.55,2.75,3.53,2.59,2.75,3.5,2.5,2.75,3.72,2.54,2.8,3.72,2.59,2.75,3.49,2.53,1.73,2.1,1.72,2.21,1.76,2.26,1.71,2.17,0.0,2.02,1.88,2.01,1.9,0,Premier League
6.5,4.75,1.44,6.5,4.8,1.46,7.0,4.75,1.44,7.05,4.78,1.46,7.0,4.6,1.44,6.42,4.94,1.5,7.44,5.03,1.5,6.75,4.81,1.46,1.5,2.63,1.51,2.65,1.52,2.75,1.48,2.64,1.25,1.95,1.95,1.93,1.98,0,Premier League
1.38,4.75,9.0,1.37,5.0,8.75,1.33,5.0,9.5,1.38,5.03,8.73,1.4,4.6,9.5,1.43,4.89,8.35,1.43,5.2,9.69,1.37,4.97,8.9,1.8,2.0,1.85,2.05,1.87,2.09,1.81,2.03,-1.25,1.87,2.03,1.9,2.01,1,Premier League
1.62,4.0,5.5,1.62,4.2,5.25,1.62,4.1,5.5,1.63,4.06,5.59,1.62,4.2,5.5,1.65,4.28,5.35,1.68,4.28,5.7,1.63,4.11,5.45,1.73,2.1,1.78,2.12,1.79,2.17,1.75,2.11,-1.0,2.07,1.83,2.11,1.82,0,Premier League
2.4,3.6,2.8,2.35,3.6,2.87,2.45,3.6,2.8,2.42,3.62,2.91,2.45,3.6,2.8,2.42,3.69,2.93,2.45,3.75,2.99,2.41,3.62,2.86,1.57,2.38,1.6,2.46,1.6,2.51,1.57,2.41,-0.25,2.08,1.73,2.11,1.81,0,Premier League
2.45,3.4,2.88,2.4,3.4,2.95,2.45,3.4,3.0,2.5,3.38,2.97,2.4,3.4,3.0,2.45,3.62,2.94,2.52,3.62,3.11,2.46,3.41,2.94,1.86,2.04,1.83,2.05,1.9,2.07,1.84,2.01,-0.25,2.08,1.73,2.14,1.78,0,Premier League
1.62,4.0,5.25,1.66,4.0,5.0,1.65,4.0,5.0,1.64,4.11,5.43,1.67,4.0,5.0,1.68,4.28,5.09,1.71,4.28,6.14,1.65,4.09,5.23,1.67,2.2,1.7,2.24,1.72,2.28,1.68,2.21,-0.75,1.78,2.03,1.81,2.09,0,Premier League
1.48,4.75,6.0,1.51,4.8,5.5,1.47,5.0,6.0,1.48,4.98,6.13,1.5,5.0,5.8,1.5,5.29,5.9,1.52,5.29,6.36,1.49,5.01,5.92,1.3,3.5,1.34,3.39,1.34,3.64,1.31,3.46,-1.25,1.98,1.92,1.96,1.94,0,Premier League
11.0,5.75,1.27,10.0,6.25,1.28,10.5,6.0,1.29,10.83,5.79,1.28,10.0,5.8,1.29,10.1,6.21,1.3,11.0,6.4,1.32,10.4,5.96,1.28,1.44,2.75,1.46,2.78,1.48,2.94,1.44,2.8,1.75,1.9,2.0,1.88,2.01,0,Premier League
5.25,4.0,1.62,4.8,4.2,1.65,5.0,4.2,1.62,5.24,4.25,1.64,5.0,4.2,1.65,4.99,4.48,1.66,5.3,4.48,1.68,5.06,4.22,1.63,1.57,2.38,1.57,2.5,1.62,2.57,1.56,2.44,1.0,1.83,2.07,1.84,2.08,0,Premier League
1.5,4.5,6.0,1.51,4.5,6.0,1.44,4.5,6.0,1.5,4.58,6.49,1.53,4.4,6.0,1.53,4.79,6.16,1.54,4.79,6.6,1.5,4.57,6.21,1.53,2.5,1.58,2.49,1.58,2.55,1.55,2.45,-1.0,1.75,2.05,1.79,2.12,0,Premier League
1.38,5.0,7.5,1.38,5.25,7.5,1.36,5.0,7.5,1.39,5.33,7.66,1.4,5.0,7.5,1.43,5.35,7.23,1.43,5.5,8.0,1.39,5.29,7.57,1.44,2.75,1.43,2.9,1.45,2.98,1.43,2.84,-1.5,2.02,1.88,2.04,1.87,0,Premier League
1.65,4.2,4.75,1.68,4.1,4.6,1.65,4.2,4.75,1.65,4.33,4.98,1.65,4.2,4.8,1.68,4.38,4.94,1.68,4.4,5.1,1.66,4.24,4.87,1.57,2.38,1.6,2.43,1.63,2.55,1.58,2.41,-0.75,1.85,2.05,1.83,2.1,1,Premier League
2.9,3.6,2.3,2.95,3.5,2.35,3.0,3.5,2.3,3.16,3.52,2.31,3.0,3.5,2.3,3.14,3.69,2.29,3.21,4.1,2.36,3.04,3.56,2.3,1.8,2.0,1.81,2.08,1.84,3.15,1.79,2.08,0.25,1.87,2.03,1.9,2.01,0,Premier League
1.7,3.8,4.75,1.73,3.8,4.75,1.73,3.8,5.0,1.78,3.75,4.85,1.73,3.75,4.8,1.77,3.95,4.79,1.81,4.0,5.06,1.75,3.82,4.79,1.92,1.98,1.93,1.95,1.95,1.99,1.89,1.94,-0.75,1.92,1.86,2.01,1.9,1,Premier League
2.8,3.6,2.4,2.65,3.6,2.5,2.75,3.6,2.5,2.86,3.6,2.46,2.8,3.6,2.4,2.85,3.81,2.42,2.93,3.81,2.5,2.81,3.61,2.44,1.67,2.2,1.67,2.31,1.69,2.34,1.65,2.27,0.0,2.09,1.81,2.11,1.81,0,Premier League
7.0,4.5,1.45,6.5,4.5,1.49,7.0,4.75,1.44,7.07,4.76,1.46,7.5,4.5,1.44,7.24,4.84,1.47,7.5,4.9,1.49,7.09,4.68,1.46,1.73,2.1,1.71,2.21,1.74,2.28,1.7,2.19,1.25,1.87,2.03,1.89,2.02,0,Premier League
1.7,4.1,4.5,1.75,4.1,4.33,1.7,4.2,4.6,1.7,4.3,4.6,1.73,4.2,4.4,1.74,4.33,4.53,1.75,4.35,4.7,1.71,4.21,4.51,1.53,2.5,1.56,2.54,1.56,2.6,1.53,2.51,-0.75,1.89,2.01,1.89,2.01,1,Premier League
1.53,4.2,6.0,1.51,4.5,6.25,1.5,4.33,6.5,1.55,4.36,6.17,1.53,4.33,6.0,1.56,4.48,6.21,1.56,4.5,6.5,1.54,4.33,6.08,1.73,2.1,1.78,2.11,1.8,2.17,1.75,2.11,-1.0,1.93,1.97,1.94,1.96,1,Premier League
1.7,4.5,4.1,1.7,4.33,4.33,1.7,4.4,4.33,1.75,4.35,4.28,1.73,4.2,4.33,1.77,4.38,4.28,1.77,4.5,4.4,1.72,4.35,4.24,1.44,2.75,1.44,2.89,1.45,2.98,1.42,2.84,-0.75,1.91,1.99,1.94,1.96,0,Premier League
2.1,3.6,3.3,2.1,3.75,3.25,2.1,3.7,3.5,2.08,3.76,3.48,2.1,3.6,3.4,2.14,3.71,3.46,2.14,3.8,3.55,2.09,3.7,3.37,1.57,2.38,1.58,2.5,1.58,2.51,1.54,2.42,-0.25,1.85,2.05,1.81,2.09,1,Premier League
3.0,3.4,2.35,3.0,3.3,2.4,3.1,3.3,2.38,3.15,3.41,2.39,3.1,3.3,2.38,3.11,3.54,2.37,3.2,3.54,2.44,3.09,3.37,2.38,2.01,1.89,2.03,1.88,2.02,1.9,1.98,1.86,0.25,1.85,2.05,1.87,2.07,0,Premier League
2.9,3.4,2.38,2.9,3.4,2.45,2.88,3.4,2.45,2.95,3.43,2.52,2.88,3.5,2.4,2.91,3.67,2.45,2.95,3.67,2.57,2.9,3.44,2.47,1.73,2.1,1.78,2.13,1.84,2.15,1.79,2.06,0.25,1.81,2.09,1.78,2.16,1,Premier League
2.1,3.4,3.5,2.1,3.5,3.4,2.15,3.4,3.5,2.16,3.4,3.62,2.1,3.5,3.5,2.15,3.59,3.55,2.18,3.59,3.62,2.14,3.46,3.51,2.03,1.87,2.04,1.86,2.04,1.92,1.98,1.86,-0.25,1.85,2.05,1.86,2.06,1,Premier League
1.36,4.75,9.0,1.37,5.25,8.0,1.33,5.0,8.5,1.36,5.41,8.26,1.36,5.0,8.5,1.41,5.2,8.15,1.41,5.5,9.0,1.37,5.21,8.25,1.57,2.38,1.61,2.42,1.66,2.45,1.59,2.4,-1.5,2.05,1.85,2.07,1.85,1,Premier League
4.2,4.0,1.75,4.2,4.0,1.78,4.4,3.9,1.75,4.29,4.04,1.8,4.33,4.0,1.75,4.28,4.22,1.8,4.5,4.22,1.81,4.27,4.04,1.78,1.57,2.38,1.62,2.4,1.64,2.48,1.59,2.38,0.75,1.89,2.01,1.88,2.03,0,Premier League
8.5,5.25,1.33,8.0,5.5,1.35,9.0,5.5,1.33,8.92,5.79,1.33,8.0,5.5,1.35,8.45,5.7,1.37,9.0,6.0,1.37,8.39,5.64,1.34,1.44,2.75,1.43,2.93,1.45,2.98,1.43,2.83,1.5,1.98,1.92,1.99,1.92,0,Premier League
1.44,4.5,7.0,1.47,4.6,6.5,1.44,4.6,7.0,1.45,4.87,7.03,1.44,4.6,7.0,1.47,4.89,7.13,1.49,5.0,7.2,1.46,4.73,6.92,1.62,2.3,1.65,2.33,1.67,2.37,1.63,2.31,-1.25,2.01,1.89,1.99,1.92,1,Premier League
1.8,3.75,4.33,1.78,4.0,4.2,1.8,4.0,4.2,1.8,3.91,4.44,1.8,4.0,4.2,1.82,4.21,4.21,1.84,4.21,4.53,1.8,4.01,4.24,1.57,2.38,1.59,2.45,1.6,2.5,1.57,2.42,-0.75,2.03,1.87,2.03,1.88,1,Premier League
2.35,3.6,2.88,2.3,3.6,2.9,2.4,3.6,2.88,2.37,3.69,2.94,2.3,3.7,2.9,2.37,3.82,2.93,2.4,3.82,3.04,2.33,3.65,2.92,1.62,2.3,1.63,2.39,1.66,2.39,1.62,2.33,-0.25,2.06,1.84,2.07,1.85,1,Premier League
2.63,3.75,2.45,2.7,3.9,2.37,2.63,3.9,2.45,2.67,3.92,2.47,2.62,3.9,2.4,2.69,4.12,2.43,2.75,4.12,2.5,2.65,3.92,2.42,1.44,2.75,1.43,2.94,1.44,3.02,1.41,2.9,0.0,2.04,1.86,2.03,1.88,1,Premier League
1.22,6.5,12.0,1.24,6.5,12.5,1.2,6.5,14.0,1.23,6.63,12.95,1.25,5.8,13.0,1.26,6.36,12.9,1.26,6.63,15.0,1.23,6.33,13.36,1.67,2.2,1.68,2.24,1.71,2.3,1.66,2.23,-1.75,1.95,1.95,1.94,1.94,0,Premier League
1.33,5.5,8.0,1.31,5.75,9.25,1.3,5.5,9.5,1.32,6.04,8.88,1.33,5.5,8.5,1.34,5.86,9.35,1.34,6.04,10.0,1.32,5.75,8.89,1.5,2.63,1.49,2.72,1.52,2.85,1.47,2.66,-1.5,1.91,1.99,1.9,2.0,0,Premier League
1.3,6.0,8.5,1.33,5.5,9.0,1.3,5.5,9.5,1.3,6.02,8.95,1.3,5.8,9.0,1.34,6.06,8.55,1.34,6.06,10.0,1.31,5.83,9.08,1.44,2.75,1.45,2.81,1.47,2.87,1.45,2.75,-1.5,1.85,2.05,1.83,2.05,1,Premier League
1.9,3.8,3.8,1.88,3.8,3.9,1.91,3.75,3.9,1.91,3.91,3.93,1.85,3.8,3.8,1.93,3.96,3.94,1.93,3.96,4.0,1.9,3.83,3.85,1.73,2.1,1.74,2.18,1.76,2.23,1.72,2.15,-0.5,1.92,1.98,1.92,1.99,0,Premier League
2.63,3.3,2.7,2.6,3.4,2.65,2.63,3.4,2.7,2.67,3.38,2.76,2.62,3.4,2.62,2.66,3.59,2.7,2.68,3.59,2.78,2.64,3.39,2.68,1.9,2.0,1.88,2.0,1.92,2.01,1.87,1.96,0.0,1.91,1.99,1.92,1.98,1,Premier League
1.85,3.8,3.9,1.87,3.8,3.9,1.87,3.8,4.0,1.9,3.89,3.97,1.91,3.75,3.8,1.93,3.94,3.96,1.93,3.94,4.05,1.89,3.82,3.9,1.73,2.1,1.73,2.19,1.76,2.19,1.72,2.13,-0.5,1.9,2.0,1.91,2.0,0,Premier League
1.57,4.5,5.0,1.55,4.6,5.25,1.57,4.6,5.0,1.6,4.65,5.07,1.6,4.4,5.0,1.61,4.74,5.15,1.61,4.8,5.25,1.58,4.59,5.04,1.44,2.75,1.46,2.82,1.46,2.88,1.43,2.78,-1.0,1.95,1.95,1.97,1.93,0,Premier League
1.33,6.0,7.5,1.34,6.0,7.75,1.3,6.0,8.5,1.33,6.05,8.44,1.36,5.5,7.5,1.36,6.01,8.1,1.36,6.2,9.0,1.33,5.89,8.08,1.33,3.4,1.35,3.31,1.35,3.55,1.32,3.32,-1.5,1.87,2.03,1.87,2.04,1,Premier League
4.33,4.5,1.67,4.2,4.33,1.72,4.33,4.6,1.7,4.47,4.51,1.69,4.0,4.4,1.73,4.33,4.68,1.72,4.47,4.68,1.73,4.29,4.47,1.69,1.3,3.5,1.35,3.3,1.32,3.62,1.3,3.46,0.75,2.05,1.85,2.05,1.86,0,Premier League
1.7,4.0,4.75,1.71,4.2,4.4,1.67,4.0,4.5,1.72,4.27,4.49,1.73,4.0,4.2,1.75,4.38,4.41,1.75,4.4,4.75,1.71,4.19,4.43,1.53,2.5,1.53,2.61,1.53,2.62,1.51,2.54,-0.75,1.92,1.98,1.92,1.98,0,Premier League
3.25,3.7,2.1,3.25,3.75,2.1,3.3,3.8,2.05,3.3,3.79,2.14,3.3,3.6,2.1,3.42,3.67,2.17,3.42,3.8,2.18,3.29,3.71,2.12,1.57,2.38,1.61,2.41,1.64,2.46,1.59,2.39,0.25,2.04,1.86,2.03,1.88,1,Premier League
2.3,3.6,2.9,2.25,3.5,3.0,2.38,3.5,3.0,2.39,3.47,3.07,2.3,3.5,3.0,2.35,3.67,3.06,2.4,3.67,3.1,2.35,3.52,2.99,1.73,2.1,1.76,2.15,1.77,2.22,1.72,2.13,-0.25,2.05,1.85,2.07,1.85,0,Premier League
4.75,3.75,1.73,4.5,4.0,1.73,4.75,3.9,1.73,4.69,4.02,1.74,4.5,3.8,1.75,4.74,4.06,1.76,4.75,4.06,1.77,4.61,3.95,1.74,1.62,2.3,1.65,2.32,1.67,2.37,1.63,2.3,0.75,1.95,1.95,1.95,1.95,0,Premier League
2.88,3.7,2.35,2.85,3.7,2.35,2.8,3.75,2.3,2.8,3.83,2.41,2.8,3.6,2.38,2.84,3.87,2.41,2.88,3.87,2.43,2.8,3.75,2.38,1.5,2.63,1.51,2.64,1.55,2.64,1.51,2.56,0.25,1.83,2.07,1.8,2.11,0,Premier League
6.25,4.2,1.55,5.75,4.1,1.58,6.0,4.1,1.55,6.75,4.17,1.54,6.0,4.0,1.57,6.01,4.33,1.59,6.8,4.33,1.61,6.08,4.11,1.57,1.87,2.03,1.83,2.05,1.88,2.05,1.83,2.01,1.0,1.95,1.95,1.97,1.93,0,Premier League
5.0,4.2,1.62,5.25,4.1,1.63,5.0,4.2,1.62,5.48,4.09,1.64,5.0,4.0,1.62,5.09,4.33,1.67,5.52,4.33,1.67,5.18,4.13,1.63,1.67,2.2,1.67,2.3,1.73,2.35,1.66,2.25,0.75,2.03,1.78,2.11,1.82,0,Premier League
1.42,4.75,7.0,1.43,5.0,6.75,1.4,5.0,7.5,1.42,5.06,7.35,1.4,4.8,7.0,1.44,5.04,7.6,1.45,5.1,7.6,1.42,4.96,7.21,1.57,2.38,1.57,2.49,1.57,2.55,1.54,2.46,-1.25,1.92,1.98,1.92,1.98,0,Premier League
2.55,3.4,2.7,2.45,3.6,2.7,2.55,3.5,2.7,2.63,3.58,2.68,2.5,3.5,2.62,2.62,3.71,2.67,2.63,3.71,2.75,2.55,3.56,2.69,1.67,2.2,1.69,2.26,1.72,2.31,1.66,2.24,0.0,1.9,2.0,1.93,1.97,0,Premier League
1.8,3.8,4.2,1.83,3.9,4.0,1.83,3.9,4.2,1.86,3.87,4.16,1.85,3.8,3.9,1.89,4.06,4.02,1.89,4.06,4.25,1.85,3.88,4.07,1.57,2.38,1.63,2.36,1.65,2.41,1.6,2.36,-0.5,1.85,2.05,1.87,2.04,0,Premier League
4.5,4.0,1.73,4.1,4.33,1.75,4.5,4.33,1.7,4.47,4.37,1.71,4.2,4.33,1.73,4.42,4.64,1.71,4.5,4.64,1.76,4.29,4.33,1.72,1.3,3.5,1.33,3.28,1.3,3.7,1.29,3.52,0.75,2.01,1.89,2.02,1.88,0,Premier League
1.33,5.5,7.5,1.35,5.5,8.25,1.33,5.5,9.0,1.34,5.73,8.52,1.35,5.0,8.5,1.37,5.5,8.95,1.37,5.73,9.4,1.34,5.46,8.59,1.53,2.5,1.57,2.5,1.58,2.5,1.55,2.44,-1.5,1.98,1.92,1.98,1.93,0,Premier League
1.9,3.8,3.8,1.9,3.7,3.9,1.9,3.75,4.0,1.92,3.85,3.94,1.91,3.6,3.7,1.94,3.92,3.91,1.95,3.92,4.2,1.9,3.77,3.87,1.73,2.1,1.74,2.19,1.76,2.19,1.72,2.13,-0.5,1.93,1.97,1.93,1.98,0,Premier League
1.48,4.75,6.0,1.49,4.8,6.0,1.44,5.0,6.5,1.47,4.98,6.32,1.5,4.75,5.8,1.52,4.94,6.06,1.52,5.1,6.75,1.47,4.88,6.15,1.44,2.75,1.47,2.76,1.48,2.8,1.45,2.72,-1.25,2.02,1.88,2.04,1.88,0,Premier League
1.91,3.8,3.75,1.9,3.9,3.75,1.91,3.9,3.8,1.94,4.02,3.69,1.91,3.8,3.6,1.97,3.99,3.75,1.97,4.02,3.8,1.93,3.91,3.66,1.62,2.3,1.63,2.37,1.65,2.38,1.61,2.34,-0.5,1.95,1.95,1.95,1.95,1,Premier League
2.3,3.75,2.88,2.35,3.8,2.75,2.38,3.6,2.88,2.37,3.81,2.87,2.38,3.6,2.8,2.42,3.81,2.85,2.42,3.85,2.9,2.35,3.74,2.82,1.5,2.63,1.49,2.72,1.5,2.72,1.48,2.64,-0.25,2.06,1.84,2.08,1.84,1,Premier League
3.25,3.5,2.2,3.25,3.7,2.15,3.3,3.5,2.2,3.28,3.62,2.21,3.3,3.4,2.15,3.37,3.59,2.22,3.37,3.7,2.22,3.24,3.56,2.18,1.67,2.2,1.68,2.27,1.7,2.28,1.66,2.23,0.25,1.98,1.92,1.98,1.93,0,Premier League
3.9,3.7,1.91,3.7,3.7,1.95,3.8,3.6,2.0,3.95,3.74,1.94,3.6,3.6,1.95,3.99,3.79,1.96,3.99,3.8,2.0,3.8,3.7,1.94,1.67,2.2,1.71,2.23,1.73,2.29,1.67,2.22,0.5,1.95,1.95,1.95,1.95,1,Premier League
1.62,4.33,4.75,1.63,4.4,4.75,1.62,4.4,5.0,1.64,4.54,4.96,1.65,4.2,4.8,1.65,4.64,4.94,1.66,4.64,5.1,1.64,4.44,4.89,1.44,2.75,1.46,2.84,1.46,2.86,1.44,2.78,-1.0,2.04,1.86,2.05,1.88,0,Premier League
1.14,9.0,15.0,1.16,8.5,16.5,1.14,9.0,17.0,1.15,8.67,20.05,1.17,7.5,15.0,1.18,8.35,16.5,1.18,9.0,20.05,1.16,8.37,17.31,1.4,3.0,1.41,3.0,1.42,3.1,1.39,2.99,-2.25,2.04,1.89,2.03,1.88,1,Premier League
7.5,5.5,1.36,8.0,5.75,1.34,8.0,5.5,1.33,8.42,5.9,1.33,7.5,5.0,1.36,8.45,5.9,1.36,8.8,5.9,1.37,7.92,5.62,1.34,1.36,3.2,1.39,3.13,1.39,3.2,1.36,3.07,1.5,2.0,1.9,2.03,1.88,0,Premier League
1.57,3.9,5.5,1.6,4.2,5.5,1.6,4.2,5.5,1.64,4.13,5.4,1.6,4.0,5.0,1.66,4.23,5.34,1.66,4.25,5.8,1.61,4.11,5.42,1.73,2.1,1.78,2.1,1.8,2.18,1.75,2.09,-1.0,2.07,1.83,2.11,1.79,1,Premier League
2.6,3.2,2.8,2.6,3.2,2.8,2.7,3.1,2.8,2.69,3.18,2.88,2.62,3.1,2.8,2.71,3.24,2.87,2.71,3.24,2.9,2.64,3.16,2.83,2.2,1.67,2.31,1.67,2.31,1.7,2.23,1.66,0.0,1.88,2.02,1.88,2.02,0,Premier League
2.3,3.6,2.88,2.35,3.6,2.9,2.3,3.5,3.0,2.37,3.59,3.0,2.4,3.6,2.8,2.36,3.77,2.97,2.4,3.77,3.0,2.35,3.58,2.91,1.67,2.2,1.72,2.21,1.74,2.29,1.67,2.21,-0.25,2.05,1.85,2.06,1.85,0,Premier League
1.6,5.0,4.2,1.6,4.8,4.6,1.62,4.75,4.6,1.63,4.91,4.57,1.62,4.6,4.5,1.66,4.69,4.74,1.66,5.0,4.75,1.61,4.77,4.56,1.33,3.4,1.33,3.4,1.33,3.7,1.31,3.33,-1.0,2.01,1.89,2.02,1.89,0,Premier League
7.0,5.0,1.4,7.0,5.25,1.41,7.0,5.0,1.36,7.32,5.34,1.4,6.5,5.0,1.4,7.13,5.4,1.43,7.5,5.5,1.43,7.04,5.21,1.4,1.4,3.0,1.41,3.0,1.41,3.1,1.39,2.92,1.5,1.78,2.03,1.82,2.07,0,Premier League
1.9,3.8,3.6,1.95,3.8,3.6,1.91,3.8,3.6,1.99,3.91,3.62,1.95,3.8,3.6,1.98,4.02,3.69,1.99,4.02,3.8,1.94,3.86,3.61,1.57,2.38,1.62,2.39,1.64,2.41,1.59,2.36,-0.5,1.95,1.95,2.0,1.91,0,Premier League
6.5,4.75,1.42,6.75,5.0,1.43,7.0,5.0,1.36,7.1,5.2,1.42,6.5,4.8,1.44,6.78,5.2,1.46,7.83,5.4,1.46,6.87,5.02,1.41,1.44,2.75,1.47,2.76,1.47,2.95,1.43,2.75,1.25,2.02,1.88,2.02,1.88,1,Premier League
2.75,3.5,2.55,2.65,3.6,2.5,2.7,3.5,2.45,2.72,3.68,2.54,2.75,3.6,2.4,2.74,3.81,2.51,2.8,3.81,2.55,2.7,3.61,2.49,1.62,2.3,1.65,2.33,1.68,2.36,1.63,2.28,0.0,2.02,1.88,2.02,1.88,0,Premier League
6.5,4.75,1.44,6.25,4.75,1.49,7.0,5.0,1.4,6.98,4.93,1.44,6.0,4.6,1.44,6.82,4.94,1.48,7.2,5.0,1.49,6.67,4.8,1.44,1.53,2.5,1.57,2.51,1.57,2.63,1.54,2.46,1.25,1.92,2.01,1.93,1.97,0,Premier League
2.88,3.8,2.25,2.85,3.9,2.25,2.9,3.9,2.2,2.97,4.06,2.22,2.8,3.9,2.25,3.0,4.06,2.24,3.0,4.06,2.31,2.88,3.94,2.24,1.33,3.4,1.35,3.29,1.35,3.47,1.32,3.31,0.25,1.9,2.0,1.94,1.96,0,Premier League
1.33,5.5,8.5,1.33,5.5,9.0,1.3,5.5,10.0,1.32,5.64,9.41,1.33,5.5,8.5,1.34,5.86,9.35,1.35,5.86,10.5,1.32,5.51,9.16,1.5,2.63,1.5,2.65,1.53,2.75,1.5,2.58,-1.5,1.92,1.98,1.91,2.0,1,Premier League
1.73,3.75,4.75,1.77,3.7,4.75,1.73,3.9,5.0,1.75,3.91,4.82,1.75,3.8,4.6,1.75,3.99,4.89,1.8,3.99,5.0,1.75,3.82,4.71,1.91,1.99,1.92,1.97,1.92,2.01,1.86,1.96,-0.75,1.99,1.91,1.97,1.93,1,Premier League
3.8,3.75,1.91,3.7,3.8,1.95,3.75,3.9,1.95,3.69,3.97,1.95,3.5,3.8,1.95,3.69,4.02,1.98,3.8,4.02,1.98,3.65,3.88,1.95,1.57,2.38,1.6,2.45,1.62,2.49,1.58,2.39,0.5,1.95,1.95,1.94,1.96,0,Premier League
1.3,6.25,7.5,1.32,6.0,8.25,1.3,6.0,9.0,1.32,6.41,8.2,1.33,5.8,8.0,1.34,6.01,8.65,1.34,6.5,9.0,1.31,6.09,8.3,1.33,3.4,1.35,3.29,1.36,3.45,1.34,3.23,-1.5,1.8,2.0,1.85,2.06,1,Premier League
3.0,3.4,2.4,2.65,3.6,2.5,2.8,3.5,2.5,2.95,3.59,2.41,2.7,3.6,2.45,2.77,3.81,2.49,3.0,3.81,2.55,2.78,3.54,2.48,1.67,2.2,1.68,2.29,1.7,2.32,1.66,2.24,0.25,1.82,2.08,1.83,2.1,0,Premier League
4.33,3.75,1.8,4.4,4.0,1.75,4.5,3.9,1.75,4.62,3.7,1.82,4.2,3.8,1.8,4.28,4.01,1.84,4.7,4.01,1.84,4.36,3.83,1.8,1.73,2.1,1.79,2.1,1.8,2.26,1.73,2.12,0.75,1.84,2.06,1.84,2.08,0,Premier League
1.55,4.2,5.75,1.55,4.4,5.75,1.57,4.33,5.0,1.56,4.46,5.71,1.57,4.2,5.5,1.6,4.41,5.75,1.6,4.46,6.25,1.56,4.34,5.68,1.73,2.1,1.72,2.2,1.76,2.22,1.7,2.15,-1.0,1.97,1.93,1.96,1.94,0,Premier League
1.29,6.25,8.0,1.29,6.0,9.5,1.25,6.5,10.0,1.29,6.14,9.37,1.3,5.8,9.5,1.29,6.26,10.7,1.3,6.5,11.0,1.29,6.05,9.49,1.44,2.75,1.43,2.88,1.44,3.0,1.41,2.86,-1.75,2.03,1.78,2.08,1.81,0,Premier League
3.3,3.2,2.3,3.1,3.3,2.35,3.25,3.2,2.25,3.44,3.22,2.31,3.2,3.2,2.3,3.34,3.3,2.36,3.44,3.35,2.42,3.22,3.22,2.33,2.1,1.73,2.09,1.8,2.1,1.85,2.04,1.78,0.25,1.91,1.99,1.93,1.97,0,Premier League
4.75,4.2,1.62,4.5,4.5,1.65,4.75,4.4,1.65,4.9,4.56,1.65,4.5,4.4,1.67,4.69,4.74,1.66,5.09,4.74,1.67,4.76,4.47,1.64,1.4,3.0,1.39,3.13,1.4,3.15,1.38,3.04,1.0,1.87,2.03,1.88,2.04,0,Premier League
1.48,4.75,6.0,1.49,4.8,6.0,1.5,4.75,5.5,1.5,4.96,6.17,1.44,4.5,5.5,1.52,4.99,6.01,1.61,4.99,6.4,1.5,4.81,5.92,1.4,3.0,1.44,2.91,1.44,3.0,1.42,2.87,-1.25,2.02,1.88,2.03,1.9,0,Premier League
3.0,3.4,2.38,2.95,3.4,2.4,3.0,3.4,2.4,3.03,3.54,2.41,2.9,3.4,2.4,3.04,3.53,2.42,3.05,3.54,2.49,2.97,3.43,2.41,1.86,2.04,1.86,2.05,1.87,2.05,1.83,2.01,0.25,1.83,2.07,1.85,2.09,1,Premier League
5.25,4.1,1.62,5.0,4.1,1.66,5.0,4.0,1.65,5.28,4.24,1.65,4.8,4.0,1.67,5.14,4.38,1.66,5.4,4.38,1.67,5.14,4.16,1.64,1.62,2.3,1.66,2.33,1.68,2.36,1.63,2.3,1.0,1.75,2.05,1.83,2.11,0,Premier League
3.25,3.2,2.3,3.1,3.25,2.37,3.3,3.25,2.3,3.26,3.31,2.36,3.2,3.1,2.3,3.28,3.31,2.39,3.3,3.35,2.39,3.2,3.24,2.35,2.08,1.82,2.09,1.8,2.14,1.82,2.06,1.78,0.25,1.87,2.03,1.88,2.02,0,Premier League
3.9,3.6,1.91,3.75,3.7,1.95,3.9,3.7,1.95,4.01,3.76,1.93,3.75,3.7,1.95,3.96,3.94,1.93,4.01,3.94,1.96,3.88,3.73,1.92,1.73,2.1,1.76,2.15,1.78,2.16,1.74,2.11,0.5,1.97,1.93,1.97,1.93,0,Premier League
1.36,5.5,8.0,1.36,5.5,7.75,1.33,5.5,8.5,1.36,5.73,7.91,1.36,5.0,7.5,1.38,5.66,8.15,1.38,5.9,9.0,1.35,5.54,8.08,1.44,2.75,1.42,2.93,1.44,2.94,1.42,2.82,-1.5,1.95,1.95,1.94,1.96,1,Premier League
1.4,5.25,7.0,1.41,5.25,6.25,1.4,5.0,7.0,1.4,5.54,6.88,1.4,5.0,7.0,1.43,5.35,7.23,1.43,5.6,7.23,1.4,5.29,6.86,1.44,2.75,1.43,2.92,1.44,2.92,1.43,2.8,-1.25,1.85,2.05,1.85,2.06,1,Premier League
3.9,3.7,1.91,3.9,3.75,1.9,3.8,3.7,1.95,3.84,3.78,1.96,3.75,3.75,1.91,3.85,3.92,1.96,3.9,3.92,1.98,3.8,3.73,1.94,1.73,2.1,1.73,2.2,1.75,2.28,1.71,2.15,0.5,1.95,1.95,1.93,1.97,0,Premier League
1.29,6.0,9.5,1.3,6.0,9.25,1.3,5.5,9.5,1.31,5.97,9.23,1.3,5.5,9.5,1.33,5.86,9.95,1.33,6.0,10.5,1.3,5.79,9.4,1.53,2.5,1.55,2.57,1.55,2.63,1.52,2.52,-1.5,1.9,2.0,1.92,1.99,1,Premier League
1.62,4.2,5.0,1.65,4.2,4.8,1.62,4.2,5.0,1.65,4.33,4.99,1.65,4.2,4.8,1.67,4.49,4.89,1.67,4.49,5.2,1.64,4.3,4.93,1.53,2.5,1.56,2.54,1.56,2.54,1.54,2.47,-0.75,1.78,2.03,1.81,2.08,0,Premier League
6.5,5.0,1.42,6.0,5.25,1.46,6.5,5.0,1.4,6.49,5.33,1.43,6.0,5.0,1.44,6.42,5.3,1.47,7.0,5.35,1.49,6.43,5.15,1.43,1.36,3.2,1.36,3.25,1.37,3.35,1.35,3.16,1.25,2.01,1.89,2.03,1.88,0,Premier League
4.33,3.7,1.8,4.0,3.7,1.9,4.33,3.75,1.85,4.38,3.91,1.81,3.9,3.75,1.85,4.23,4.0,1.86,4.4,4.05,1.9,4.17,3.81,1.84,1.73,2.1,1.73,2.2,1.76,2.22,1.71,2.14,0.5,2.07,1.83,2.09,1.81,0,Premier League
2.6,3.5,2.63,2.55,3.4,2.7,2.63,3.4,2.7,2.65,3.49,2.7,2.62,3.3,2.62,2.71,3.44,2.73,2.71,3.53,2.75,2.62,3.41,2.69,1.8,2.0,1.79,2.1,1.83,2.1,1.79,2.04,0.0,1.92,1.98,1.93,1.97,0,Premier League
1.5,4.1,7.0,1.49,4.5,6.5,1.5,4.33,7.0,1.53,4.4,6.38,1.53,4.2,6.0,1.55,4.41,6.52,1.55,4.5,7.0,1.51,4.35,6.45,1.87,2.03,1.88,2.01,1.89,2.06,1.82,2.01,-1.0,1.87,2.03,1.91,2.0,0,Premier League
2.8,3.5,2.45,2.87,3.5,2.4,2.8,3.5,2.5,2.97,3.45,2.46,2.88,3.6,2.38,2.97,3.77,2.36,3.0,3.77,2.5,2.91,3.51,2.41,1.67,2.2,1.74,2.18,1.74,2.25,1.69,2.19,0.25,1.82,2.08,1.84,2.08,1,Premier League
2.1,3.6,3.3,2.05,3.7,3.4,2.05,3.7,3.5,2.11,3.77,3.39,2.05,3.6,3.3,2.13,3.83,3.39,2.13,3.85,3.5,2.09,3.71,3.36,1.67,2.2,1.67,2.3,1.7,2.31,1.66,2.23,-0.25,1.85,2.05,1.85,2.07,0,Premier League
1.38,4.75,8.0,1.41,4.8,7.75,1.4,4.6,8.0,1.4,4.92,8.27,1.4,4.6,7.5,1.42,5.0,8.35,1.42,5.1,8.5,1.39,4.86,8.03,1.73,2.1,1.75,2.15,1.8,2.16,1.75,2.09,-1.25,1.9,2.0,1.9,2.01,1,Premier League
7.5,5.25,1.36,8.0,5.5,1.35,8.0,5.0,1.36,7.76,5.51,1.37,7.5,5.0,1.36,7.7,5.39,1.41,9.0,5.6,1.41,7.72,5.36,1.36,1.44,2.75,1.47,2.75,1.47,2.8,1.44,2.74,1.5,1.9,2.0,1.88,2.03,0,Premier League
1.36,5.75,6.5,1.34,5.75,8.0,1.33,5.0,7.5,1.38,5.69,7.16,1.36,5.0,7.0,1.41,5.55,7.43,1.41,5.8,8.5,1.37,5.51,7.3,1.36,3.2,1.39,3.07,1.4,3.2,1.37,3.06,-1.5,1.98,1.92,2.0,1.9,1,Premier League
2.05,3.7,3.4,2.05,3.6,3.5,2.05,3.6,3.5,2.11,3.7,3.45,2.05,3.5,3.4,2.13,3.71,3.49,2.14,3.75,3.5,2.09,3.64,3.42,1.85,2.05,1.83,2.06,1.86,2.07,1.82,2.02,-0.25,1.82,2.08,1.85,2.07,1,Premier League
1.67,3.75,5.5,1.65,4.0,5.25,1.67,3.8,5.5,1.68,3.83,5.5,1.65,3.9,5.0,1.7,4.04,5.29,1.7,4.04,5.72,1.67,3.86,5.39,1.89,1.89,1.96,1.93,1.98,1.98,1.9,1.93,-0.75,1.88,2.02,1.89,2.02,0,Premier League
6.5,5.25,1.42,6.75,5.25,1.41,7.0,5.0,1.4,7.05,5.17,1.42,6.5,4.8,1.44,6.73,5.09,1.47,7.5,5.3,1.47,6.82,5.09,1.42,1.41,2.7,1.47,2.77,1.47,2.95,1.44,2.75,1.25,2.02,1.88,2.01,1.89,0,Premier League
7.0,4.5,1.45,6.75,4.75,1.46,7.0,4.6,1.44,6.86,4.74,1.47,6.5,4.5,1.44,6.88,4.69,1.5,7.5,4.8,1.5,6.85,4.65,1.46,1.73,2.1,1.74,2.17,1.78,2.19,1.72,2.14,1.25,1.85,2.05,1.85,2.06,0,Premier League
2.05,4.0,3.3,1.98,4.0,3.4,2.0,3.9,3.4,2.03,4.09,3.36,2.0,4.0,3.25,2.04,4.22,3.36,2.08,4.22,3.4,2.03,4.03,3.29,1.4,3.0,1.42,2.94,1.43,3.0,1.41,2.88,-0.5,2.06,1.84,2.07,1.85,1,Premier League
2.05,3.75,3.3,2.05,3.7,3.4,2.05,3.6,3.5,2.06,3.7,3.59,2.05,3.6,3.5,2.05,3.82,3.62,2.09,3.82,3.62,2.06,3.68,3.47,1.73,2.1,1.75,2.16,1.78,2.16,1.74,2.12,-0.5,2.07,1.83,2.07,1.85,0,Premier League
1.45,5.5,5.5,1.44,5.25,6.25,1.44,5.0,6.0,1.46,5.37,5.94,1.44,5.0,5.8,1.49,5.25,6.11,1.49,5.5,6.25,1.46,5.21,5.89,1.33,3.4,1.34,3.35,1.35,3.45,1.33,3.27,-1.25,1.98,1.92,1.96,1.94,0,Premier League
1.53,4.33,5.75,1.55,4.33,5.75,1.55,4.33,6.0,1.55,4.46,5.99,1.57,4.2,5.5,1.57,4.53,5.96,1.58,4.6,6.0,1.55,4.39,5.81,1.67,2.2,1.68,2.26,1.71,2.26,1.67,2.21,-1.0,1.92,1.98,1.92,1.99,0,Premier League
2.3,3.4,3.1,2.3,3.4,3.0,2.3,3.4,3.1,2.32,3.48,3.18,2.3,3.4,3.0,2.31,3.65,3.14,2.38,3.65,3.18,2.31,3.44,3.1,1.88,2.02,1.89,1.99,1.9,2.02,1.85,1.98,-0.25,2.0,1.9,2.01,1.9,0,Premier League
2.38,3.5,2.8,2.45,3.5,2.85,2.45,3.4,2.9,2.46,3.43,2.99,2.45,3.4,2.88,2.47,3.57,2.94,2.48,3.57,2.99,2.44,3.46,2.89,1.95,1.95,1.98,1.91,1.98,1.98,1.92,1.91,-0.25,2.1,1.8,2.12,1.81,1,Premier League
4.5,4.33,1.67,4.6,4.2,1.68,4.6,4.2,1.67,4.68,4.35,1.68,4.5,4.2,1.67,4.58,4.48,1.71,4.75,4.48,1.71,4.56,4.32,1.68,1.44,2.75,1.48,2.71,1.48,2.8,1.46,2.69,0.75,2.06,1.84,2.04,1.87,0,Premier League
1.75,3.75,4.5,1.8,3.6,4.6,1.8,3.6,4.75,1.81,3.7,4.73,1.8,3.6,4.5,1.8,3.85,4.74,1.81,3.85,5.0,1.79,3.67,4.67,2.04,1.86,2.06,1.84,2.06,1.89,2.01,1.83,-0.75,2.06,1.84,2.06,1.85,1,Premier League
1.95,3.6,3.8,1.95,3.6,3.8,2.0,3.5,3.9,2.0,3.71,3.78,1.95,3.75,3.6,2.0,3.9,3.73,2.02,3.9,3.95,1.98,3.67,3.74,1.73,2.1,1.76,2.16,1.82,2.16,1.76,2.09,-0.5,2.0,1.9,2.01,1.9,0,Premier League
1.7,4.0,4.75,1.71,4.0,4.6,1.73,3.9,4.75,1.71,4.14,4.74,1.73,4.0,4.4,1.73,4.23,4.73,1.73,4.25,5.1,1.71,4.07,4.66,1.62,2.3,1.66,2.31,1.68,2.32,1.64,2.28,-0.75,1.91,1.99,1.91,2.0,0,Premier League
3.3,3.6,2.1,3.4,3.6,2.1,3.3,3.6,2.15,3.43,3.56,2.17,3.3,3.6,2.1,3.43,3.81,2.12,3.5,3.81,2.18,3.36,3.58,2.14,1.73,2.1,1.74,2.19,1.76,2.25,1.7,2.17,0.25,2.04,1.86,2.03,1.88,1,Premier League
2.1,3.9,3.2,2.1,3.9,3.1,2.1,3.9,3.1,2.12,3.88,3.11,2.1,4.0,3.0,2.12,4.33,3.1,2.16,4.33,3.25,2.11,3.97,3.1,1.33,3.4,1.34,3.22,1.36,3.4,1.33,3.25,-0.25,1.87,2.03,1.87,1.98,0,Premier League
2.0,3.5,3.8,2.05,3.5,3.6,2.05,3.4,3.8,1.98,3.49,3.83,2.05,3.4,3.6,2.06,3.59,3.82,2.08,3.59,3.85,2.04,3.48,3.71,1.87,2.03,1.84,2.0,1.88,2.04,1.83,1.99,-0.5,2.02,1.88,1.99,1.86,0,Premier League
1.95,3.5,4.0,2.0,3.6,3.6,2.0,3.5,3.9,1.93,3.63,3.85,2.0,3.5,3.75,2.01,3.65,3.94,2.01,3.75,4.08,1.97,3.58,3.83,1.73,2.1,1.74,2.12,1.83,2.17,1.75,2.1,-0.5,1.99,1.91,1.94,1.91,1,Premier League
1.36,4.75,8.0,1.37,5.75,7.25,1.33,5.5,7.5,1.36,5.92,7.51,1.36,5.0,7.0,1.39,5.65,7.8,1.39,5.92,8.0,1.36,5.54,7.58,1.4,3.0,1.38,3.15,1.4,3.15,1.38,2.99,-1.5,1.97,1.93,1.96,1.94,1,Premier League
6.5,4.0,1.53,6.0,4.1,1.55,6.5,4.33,1.5,6.6,4.18,1.55,6.5,4.0,1.53,6.31,4.35,1.6,6.8,4.35,1.6,6.31,4.18,1.54,1.9,2.0,1.89,2.0,1.92,2.02,1.88,1.96,1.0,1.97,1.93,1.95,1.95,0,Serie A
3.5,3.2,2.2,3.2,3.4,2.2,3.4,3.4,2.2,3.37,3.43,2.25,3.3,3.4,2.2,3.42,3.54,2.27,3.5,3.54,2.27,3.31,3.41,2.23,1.9,2.0,1.9,1.99,1.94,2.01,1.88,1.95,0.25,1.97,1.93,1.96,1.94,0,Serie A
2.5,3.2,3.0,2.4,3.2,3.0,2.5,3.1,3.1,2.53,3.13,3.14,2.5,3.1,3.1,2.58,3.21,3.16,2.58,3.25,3.2,2.48,3.16,3.07,2.1,1.73,2.14,1.76,2.19,1.79,2.11,1.75,-0.25,2.1,1.7,2.15,1.79,0,Serie A
1.62,3.8,5.75,1.68,3.75,5.0,1.62,3.9,5.5,1.62,4.06,5.76,1.65,3.8,5.5,1.67,4.19,5.59,1.68,4.19,5.9,1.64,3.97,5.51,1.95,1.95,1.92,1.97,1.99,1.98,1.92,1.91,-0.75,1.81,2.09,1.79,2.11,0,Serie A
1.91,3.4,4.33,1.9,3.3,4.33,1.85,3.3,4.75,1.95,3.29,4.57,1.95,3.25,4.33,1.98,3.54,4.4,1.98,3.54,4.75,1.93,3.32,4.37,2.3,1.62,2.37,1.63,2.39,1.68,2.34,1.61,-0.5,1.95,1.95,1.96,1.94,0,Serie A
4.75,3.6,1.75,4.4,3.6,1.8,4.75,3.6,1.75,4.99,3.67,1.78,4.5,3.7,1.8,4.55,3.91,1.85,5.1,3.91,1.85,4.63,3.67,1.79,1.93,1.97,1.92,1.97,1.96,1.98,1.9,1.93,0.75,1.85,2.05,1.89,2.02,1,Serie A
4.1,3.4,1.95,3.7,3.5,2.0,4.0,3.5,1.95,4.04,3.53,1.99,3.9,3.4,2.0,4.02,3.62,2.04,4.1,3.62,2.04,3.88,3.51,1.98,1.99,1.91,1.99,1.9,2.01,1.94,1.94,1.86,0.5,1.91,1.99,1.91,1.99,0,Serie A
1.48,4.1,7.5,1.49,4.2,6.5,1.44,4.5,7.5,1.48,4.46,7.29,1.44,4.4,7.5,1.52,4.61,7.04,1.52,4.61,7.5,1.47,4.41,7.05,1.89,2.01,1.87,2.03,1.9,2.04,1.85,1.98,-1.25,2.09,1.81,2.1,1.83,1,Serie A
4.2,3.7,1.85,4.1,3.6,1.87,4.2,3.6,1.87,4.44,3.62,1.88,4.2,3.7,1.85,4.3,3.83,1.92,4.5,3.83,1.92,4.23,3.64,1.87,1.98,1.92,1.95,1.93,1.99,1.96,1.93,1.9,0.5,2.01,1.89,2.03,1.88,0,Serie A
1.33,5.0,9.5,1.34,5.0,9.25,1.3,5.0,11.0,1.34,5.22,9.8,1.35,5.0,9.5,1.37,5.36,9.85,1.37,5.4,11.0,1.34,5.06,9.57,1.86,2.04,1.84,2.06,1.88,2.07,1.83,2.0,-1.5,2.05,1.85,2.05,1.86,1,Serie A
4.75,3.9,1.7,4.5,3.9,1.73,5.0,4.0,1.67,4.9,4.16,1.69,4.75,3.9,1.73,4.81,4.19,1.76,5.0,4.2,1.76,4.74,4.03,1.7,1.73,2.1,1.7,2.24,1.77,2.25,1.71,2.17,0.75,2.01,1.89,2.03,1.88,1,Serie A
3.3,3.1,2.35,3.1,3.1,2.4,3.4,3.1,2.4,3.38,3.11,2.4,3.2,3.1,2.4,3.39,3.23,2.43,3.41,3.23,2.45,3.27,3.1,2.39,2.3,1.62,2.45,1.6,2.46,1.65,2.39,1.59,0.25,1.86,2.04,1.87,2.04,1,Serie A
1.2,7.0,13.0,1.21,6.75,13.5,1.18,7.0,17.0,1.2,7.01,15.07,1.18,7.0,17.0,1.21,7.75,17.0,1.22,7.75,17.0,1.2,6.95,14.52,1.57,2.38,1.58,2.44,1.64,2.48,1.58,2.39,-1.75,1.78,2.03,1.79,2.09,1,Serie A
2.6,3.1,2.88,2.55,3.1,2.9,2.63,3.1,2.9,2.68,3.11,2.96,2.62,3.1,2.88,2.7,3.24,2.98,2.7,3.24,3.0,2.62,3.12,2.91,2.3,1.62,2.38,1.63,2.41,1.7,2.31,1.63,0.0,1.84,2.06,1.86,2.06,0,Serie A
1.42,4.75,7.0,1.43,4.5,7.5,1.44,4.6,7.5,1.44,4.65,7.64,1.4,4.6,8.0,1.48,4.77,7.65,1.48,4.8,8.0,1.43,4.62,7.47,1.88,2.02,1.89,2.0,1.9,2.04,1.85,1.98,-1.25,2.01,1.89,2.03,1.88,0,Serie A
3.2,3.1,2.38,3.1,3.2,2.37,3.3,3.2,2.3,3.32,3.26,2.35,3.2,3.2,2.38,3.21,3.37,2.46,3.36,3.37,2.46,3.17,3.23,2.37,2.1,1.73,2.1,1.79,2.19,1.83,2.08,1.77,0.25,1.87,2.03,1.89,2.01,1,Serie A
1.9,3.5,4.1,1.9,3.5,4.0,1.95,3.5,4.1,1.94,3.62,4.11,1.91,3.5,4.2,1.95,3.74,4.24,1.97,3.74,4.24,1.92,3.58,4.08,2.03,1.87,2.01,1.88,2.05,1.9,1.99,1.84,-0.5,1.95,1.95,1.95,1.95,1,Serie A
1.5,4.33,6.5,1.51,4.2,6.5,1.47,4.5,7.0,1.5,4.45,6.8,1.5,4.2,7.0,1.55,4.49,6.73,1.55,4.5,7.0,1.5,4.35,6.5,1.87,2.03,1.86,2.03,1.9,2.04,1.84,1.98,-1.0,1.85,2.05,1.85,2.06,0,Serie A
2.1,3.4,3.4,2.05,3.4,3.5,2.1,3.4,3.5,2.13,3.43,3.66,2.1,3.5,3.5,2.14,3.65,3.65,2.15,3.65,3.73,2.11,3.45,3.52,2.01,1.89,2.04,1.85,2.05,1.91,1.98,1.84,-0.25,1.85,2.05,1.84,2.08,0,Serie A
5.25,3.75,1.67,5.25,3.7,1.7,5.5,3.6,1.7,5.23,3.77,1.72,5.5,3.7,1.7,5.17,3.88,1.77,5.5,3.95,1.77,5.06,3.74,1.72,2.0,1.8,2.1,1.79,2.16,1.83,2.06,1.78,0.75,1.95,1.95,1.94,1.96,0,Serie A
3.4,3.3,2.2,3.4,3.25,2.15,3.4,3.2,2.2,3.63,3.3,2.23,3.5,3.2,2.2,3.68,3.4,2.23,3.68,3.4,2.24,3.52,3.28,2.2,2.15,1.67,2.25,1.7,2.31,1.74,2.19,1.69,0.25,2.02,1.91,2.02,1.91,0,Serie A
1.57,4.33,5.5,1.57,4.33,5.5,1.57,4.33,5.5,1.58,4.43,5.79,1.57,4.2,5.8,1.62,4.56,5.64,1.62,4.56,5.8,1.58,4.35,5.54,1.62,2.3,1.64,2.38,1.67,2.42,1.62,2.34,-1.0,1.95,1.98,1.96,1.96,1,Serie A
1.62,3.75,6.0,1.63,3.75,5.75,1.65,3.7,6.0,1.66,3.79,5.89,1.65,3.7,5.8,1.7,3.94,5.8,1.7,3.94,6.0,1.65,3.75,5.76,2.1,1.73,2.17,1.74,2.21,1.78,2.15,1.72,-0.75,1.84,2.06,1.85,2.06,0,Serie A
2.25,3.2,3.4,2.2,3.2,3.4,2.3,3.1,3.4,2.33,3.18,3.45,2.25,3.2,3.4,2.34,3.35,3.46,2.35,3.35,3.55,2.28,3.2,3.4,2.3,1.62,2.45,1.6,2.46,1.65,2.35,1.61,-0.25,1.95,1.95,1.99,1.92,1,Serie A
2.9,3.4,2.4,2.75,3.4,2.45,2.9,3.4,2.45,2.97,3.44,2.46,2.88,3.4,2.45,2.98,3.65,2.47,3.01,3.65,2.53,2.89,3.44,2.45,1.9,2.0,1.89,2.0,1.94,2.01,1.88,1.95,0.25,1.8,2.1,1.8,2.13,0,Serie A
1.48,4.33,7.0,1.5,4.33,6.25,1.47,4.5,7.0,1.5,4.66,6.48,1.5,4.2,7.0,1.53,4.66,6.73,1.53,4.8,7.0,1.49,4.55,6.58,1.73,2.1,1.72,2.19,1.77,2.22,1.7,2.17,-1.25,2.09,1.81,2.1,1.82,1,Serie A
1.67,3.9,5.0,1.68,3.8,5.0,1.67,3.8,5.0,1.7,3.86,5.24,1.7,3.8,5.0,1.74,3.98,5.28,1.74,4.0,5.4,1.69,3.86,5.09,2.04,1.86,2.05,1.85,2.07,1.88,2.0,1.84,-0.75,1.91,1.99,1.93,1.98,0,Serie A
2.0,3.3,4.0,2.05,3.2,3.9,2.05,3.25,4.0,2.02,3.29,4.25,2.0,3.2,4.2,2.05,3.47,4.19,2.06,3.47,4.3,2.03,3.26,4.07,2.3,1.62,2.39,1.63,2.43,1.66,2.35,1.61,-0.5,2.03,1.87,2.03,1.88,0,Serie A
1.75,3.6,5.0,1.8,3.6,4.5,1.75,3.6,5.0,1.76,3.73,5.02,1.8,3.6,4.8,1.82,3.83,4.87,1.82,3.83,5.1,1.77,3.68,4.82,2.0,1.8,2.08,1.82,2.12,1.85,2.06,1.78,-0.75,2.01,1.89,2.01,1.9,0,Serie A
2.05,3.4,3.75,2.0,3.3,3.8,2.05,3.3,3.9,2.07,3.4,3.89,2.1,3.3,3.75,2.12,3.56,3.79,2.12,3.56,3.9,2.07,3.38,3.77,2.1,1.73,2.18,1.74,2.21,1.79,2.13,1.74,-0.5,2.07,1.83,2.08,1.84,1,Serie A
3.0,3.25,2.45,2.9,3.2,2.5,3.0,3.2,2.5,3.03,3.15,2.57,3.0,3.2,2.45,3.11,3.4,2.51,3.12,3.4,2.58,3.01,3.21,2.51,2.2,1.67,2.26,1.68,2.32,1.73,2.24,1.67,0.0,2.08,1.73,2.12,1.79,0,Serie A
5.25,3.6,1.7,5.0,3.6,1.73,5.0,3.75,1.73,5.54,3.68,1.7,5.0,3.6,1.73,5.33,3.81,1.77,5.7,3.81,1.77,5.22,3.68,1.72,2.2,1.67,2.21,1.7,2.25,1.76,2.19,1.7,0.75,1.95,1.95,1.96,1.93,0,Serie A
1.3,5.75,9.0,1.31,5.5,9.5,1.29,6.0,10.0,1.3,5.83,9.65,1.29,5.8,10.0,1.32,6.17,10.5,1.33,6.17,10.5,1.3,5.82,9.76,1.53,2.5,1.55,2.53,1.57,2.57,1.53,2.5,-1.5,1.86,2.04,1.86,2.02,1,Serie A
3.25,3.3,2.25,3.3,3.3,2.2,3.3,3.3,2.25,3.37,3.28,2.29,3.3,3.3,2.25,3.42,3.44,2.32,3.42,3.44,2.35,3.3,3.29,2.28,2.2,1.67,2.22,1.7,2.25,1.75,2.19,1.69,0.25,1.91,1.99,1.93,1.96,0,Serie A
1.8,3.6,4.5,1.8,3.75,4.2,1.83,3.75,4.4,1.83,3.85,4.29,1.83,3.75,4.2,1.89,3.97,4.24,1.89,3.98,4.5,1.83,3.81,4.24,1.73,2.1,1.74,2.14,1.8,2.21,1.74,2.12,-0.75,2.07,1.83,2.07,1.81,1,Serie A
1.8,3.5,4.75,1.82,3.4,4.75,1.85,3.4,5.0,1.84,3.34,5.07,1.83,3.4,4.8,1.91,3.56,4.77,1.91,3.56,5.2,1.84,3.4,4.8,2.3,1.62,2.42,1.6,2.46,1.64,2.37,1.6,-0.5,1.83,2.07,1.84,2.05,0,Serie A
4.33,3.75,1.8,4.2,3.75,1.8,4.5,3.75,1.8,4.43,3.73,1.83,4.33,3.7,1.83,4.4,3.89,1.88,4.6,3.89,1.88,4.33,3.74,1.83,1.89,2.01,1.88,1.99,1.94,2.02,1.86,1.97,0.5,2.07,1.83,2.06,1.83,0,Serie A
8.0,4.75,1.4,7.25,4.8,1.42,8.0,4.75,1.4,7.58,4.97,1.41,7.5,4.6,1.44,7.75,4.97,1.46,8.0,5.1,1.46,7.54,4.87,1.41,1.67,2.2,1.68,2.25,1.73,2.29,1.68,2.22,1.25,1.99,1.91,1.97,1.92,0,Serie A
2.25,3.4,3.2,2.25,3.3,3.1,2.2,3.4,3.3,2.29,3.36,3.29,2.25,3.4,3.2,2.35,3.56,3.24,2.35,3.56,3.35,2.28,3.38,3.22,2.04,1.86,2.02,1.86,2.08,1.88,2.0,1.83,-0.25,1.99,1.91,1.97,1.91,0,Serie A
1.62,3.8,6.0,1.63,3.8,5.5,1.6,4.0,6.0,1.62,3.97,5.78,1.62,3.8,5.8,1.67,4.08,5.8,1.67,4.1,6.0,1.62,3.93,5.71,2.06,1.84,2.02,1.85,2.08,1.88,2.01,1.82,-0.75,1.82,2.08,1.8,2.1,1,Serie A
2.15,3.4,3.4,2.15,3.25,3.5,2.2,3.25,3.6,2.17,3.35,3.72,2.2,3.2,3.5,2.23,3.4,3.68,2.23,3.4,3.75,2.17,3.3,3.59,2.2,1.67,2.24,1.72,2.28,1.75,2.2,1.69,-0.25,1.87,2.06,1.87,2.07,0,Serie A
2.7,3.0,2.8,2.75,2.95,2.8,2.8,3.0,2.8,2.85,3.02,2.9,2.88,2.9,2.8,2.86,3.11,2.91,3.0,3.11,2.92,2.8,3.01,2.84,2.63,1.5,2.64,1.54,2.66,1.56,2.57,1.52,0.0,1.94,1.99,1.94,1.98,0,Serie A
3.25,3.2,2.35,3.0,3.25,2.37,3.1,3.2,2.45,3.24,3.26,2.39,3.25,3.25,2.3,3.26,3.42,2.4,3.28,3.42,2.45,3.17,3.23,2.37,2.2,1.67,2.25,1.7,2.31,1.74,2.21,1.68,0.25,1.86,2.07,1.86,2.05,1,Serie A
2.2,3.4,3.3,2.15,3.3,3.5,2.2,3.25,3.5,2.26,3.28,3.49,2.2,3.3,3.4,2.26,3.48,3.52,2.29,3.48,3.55,2.22,3.29,3.44,2.2,1.67,2.24,1.7,2.26,1.75,2.2,1.69,-0.25,1.94,1.99,1.93,1.97,0,Serie A
2.2,3.5,3.25,2.25,3.4,3.1,2.2,3.4,3.4,2.22,3.46,3.39,2.2,3.4,3.3,2.23,3.66,3.42,2.25,3.66,3.5,2.2,3.47,3.32,1.91,1.99,1.91,1.98,1.98,1.99,1.89,1.94,-0.25,1.93,2.0,1.93,1.98,0,Serie A
2.25,3.4,3.2,2.25,3.3,3.1,2.3,3.3,3.3,2.32,3.43,3.23,2.3,3.3,3.2,2.36,3.54,3.24,2.36,3.54,3.3,2.3,3.39,3.16,2.06,1.84,2.06,1.84,2.14,1.86,2.04,1.81,-0.25,2.02,1.91,2.0,1.91,1,Serie A
3.3,3.1,2.4,3.1,3.2,2.35,3.3,3.1,2.4,3.21,3.23,2.43,3.2,3.2,2.38,3.26,3.38,2.42,3.3,3.38,2.44,3.19,3.19,2.39,2.3,1.62,2.33,1.65,2.35,1.7,2.28,1.64,0.25,1.84,2.09,1.84,2.08,0,Serie A
1.62,4.2,5.25,1.63,3.75,5.5,1.62,4.0,5.5,1.63,4.07,5.59,1.65,3.8,5.5,1.7,4.04,5.59,1.7,4.2,5.8,1.63,3.99,5.45,2.05,1.85,2.02,1.87,2.09,1.88,2.01,1.83,-0.75,1.83,2.1,1.83,2.1,1,Serie A
1.65,4.0,5.25,1.66,4.0,5.0,1.67,4.0,5.0,1.66,4.11,5.25,1.67,4.0,5.0,1.71,4.25,5.12,1.71,4.25,5.3,1.66,4.08,5.02,1.67,2.2,1.66,2.31,1.71,2.33,1.65,2.26,-0.75,1.85,2.08,1.84,2.08,0,Serie A
1.44,4.5,7.0,1.44,4.6,6.75,1.44,4.6,7.0,1.5,4.69,6.4,1.44,4.6,7.0,1.52,4.82,6.62,1.52,4.82,7.0,1.47,4.64,6.6,1.67,2.2,1.66,2.31,1.7,2.35,1.64,2.27,-1.25,2.0,1.81,2.09,1.83,0,Serie A
1.33,5.75,8.0,1.35,5.5,8.0,1.33,5.5,9.5,1.33,5.73,9.55,1.33,5.5,8.5,1.35,5.87,9.5,1.35,5.87,9.55,1.33,5.58,8.96,1.5,2.63,1.54,2.61,1.56,2.63,1.52,2.52,-1.5,1.95,1.95,1.97,1.95,1,Serie A
7.0,4.33,1.48,6.25,4.33,1.51,7.0,4.5,1.5,7.07,4.52,1.48,6.5,4.33,1.5,6.73,4.66,1.53,7.3,4.66,1.53,6.73,4.45,1.5,1.73,2.1,1.77,2.12,1.82,2.16,1.76,2.1,1.0,2.09,1.81,2.12,1.79,0,Serie A
5.5,3.5,1.7,5.25,3.5,1.7,5.5,3.6,1.67,5.56,3.6,1.73,5.8,3.6,1.67,5.43,3.71,1.78,5.9,3.71,1.78,5.47,3.58,1.72,2.3,1.62,2.4,1.62,2.42,1.66,2.35,1.61,0.75,1.95,1.95,1.93,1.98,0,Serie A
3.0,3.3,2.4,2.85,3.3,2.45,3.1,3.25,2.4,3.03,3.28,2.52,3.0,3.4,2.38,3.03,3.56,2.47,3.1,3.56,2.54,2.97,3.33,2.46,2.02,1.88,2.05,1.85,2.06,1.92,1.99,1.85,0.25,1.81,2.09,1.78,2.15,0,Serie A
2.9,3.1,2.55,2.85,3.2,2.55,2.9,3.1,2.6,2.91,3.24,2.63,2.9,3.25,2.5,2.96,3.4,2.61,2.98,3.4,2.65,2.9,3.21,2.58,2.2,1.67,2.25,1.7,2.35,1.74,2.22,1.68,0.0,2.06,1.84,2.06,1.85,0,Serie A
2.1,3.4,3.6,2.15,3.3,3.5,2.1,3.4,3.7,2.13,3.39,3.7,2.15,3.3,3.5,2.17,3.54,3.67,2.2,3.54,3.73,2.14,3.38,3.58,2.1,1.73,2.17,1.74,2.21,1.78,2.14,1.73,-0.25,1.83,2.07,1.84,2.08,1,Serie A
1.4,4.75,8.0,1.41,4.75,7.5,1.4,5.0,7.5,1.41,4.89,7.88,1.44,4.6,7.5,1.45,5.05,7.9,1.45,5.1,8.2,1.41,4.84,7.69,1.73,2.1,1.75,2.15,1.77,2.22,1.73,2.15,-1.25,1.92,1.98,1.94,1.96,1,Serie A
3.4,3.3,2.2,3.4,3.3,2.2,3.5,3.25,2.25,3.48,3.27,2.27,3.4,3.3,2.2,3.52,3.47,2.26,3.56,3.47,2.28,3.43,3.29,2.23,2.2,1.67,2.26,1.69,2.29,1.73,2.2,1.69,0.25,1.95,1.95,1.96,1.94,0,Serie A
1.36,5.0,8.5,1.37,5.0,8.25,1.33,5.0,9.5,1.36,5.16,9.29,1.35,5.0,9.0,1.39,5.34,9.4,1.39,5.4,9.8,1.36,5.06,8.99,1.73,2.1,1.78,2.12,1.81,2.18,1.75,2.1,-1.25,1.78,2.03,1.81,2.08,1,Serie A
2.1,3.6,3.4,2.1,3.5,3.3,2.1,3.6,3.4,2.13,3.62,3.45,2.1,3.6,3.4,2.17,3.78,3.46,2.17,3.78,3.5,2.11,3.64,3.38,1.73,2.1,1.77,2.14,1.82,2.16,1.76,2.09,-0.25,1.86,2.04,1.86,2.05,0,Serie A
1.45,4.33,7.0,1.44,4.6,7.0,1.4,4.6,8.0,1.46,4.58,7.73,1.44,4.6,7.0,1.47,4.97,7.45,1.47,4.97,8.0,1.45,4.58,7.38,1.73,2.1,1.81,2.08,1.83,2.29,1.77,2.09,-1.25,2.04,1.86,2.06,1.87,1,Serie A
2.5,3.2,2.9,2.45,3.2,3.0,2.45,3.1,3.1,2.52,3.18,3.16,2.45,3.2,3.0,2.53,3.31,3.15,2.55,3.31,3.19,2.48,3.19,3.06,2.1,1.73,2.21,1.74,2.23,1.77,2.16,1.72,-0.25,2.1,1.7,2.15,1.81,1,Serie A
2.2,3.3,3.3,2.2,3.25,3.3,2.25,3.25,3.4,2.3,3.22,3.47,2.2,3.3,3.4,2.29,3.48,3.44,2.3,3.48,3.55,2.24,3.3,3.39,2.1,1.73,2.22,1.71,2.22,1.78,2.15,1.72,-0.25,1.95,1.95,1.96,1.94,1,Serie A
1.45,4.75,6.5,1.47,4.4,6.75,1.4,4.6,7.5,1.47,4.63,7.16,1.5,4.33,7.0,1.51,4.66,7.19,1.51,4.75,7.5,1.47,4.53,6.9,1.8,2.0,1.81,2.07,1.85,2.12,1.8,2.04,-1.25,2.07,1.83,2.08,1.84,1,Serie A
1.3,5.0,11.0,1.35,5.0,8.75,1.29,5.5,11.0,1.32,5.52,9.87,1.33,5.0,10.0,1.34,5.77,10.3,1.35,5.77,11.0,1.32,5.42,9.86,1.67,2.2,1.69,2.25,1.74,2.27,1.69,2.21,-1.5,1.95,1.95,1.96,1.94,1,Serie A
1.38,5.0,8.0,1.38,4.75,8.5,1.33,5.0,10.0,1.38,4.94,9.15,1.4,4.6,9.0,1.42,4.95,9.35,1.42,5.0,10.0,1.38,4.82,9.07,1.99,1.91,1.98,1.91,2.0,1.95,1.95,1.88,-1.25,1.9,2.0,1.91,2.0,0,Serie A
1.8,3.7,4.33,1.77,3.8,4.33,1.85,3.75,4.33,1.87,3.8,4.23,1.83,3.7,4.2,1.88,3.93,4.35,1.89,3.93,4.5,1.84,3.76,4.24,1.87,2.03,1.86,2.03,1.89,2.07,1.84,2.0,-0.5,1.85,2.05,1.88,2.04,0,Serie A
1.57,4.0,6.0,1.55,4.0,6.0,1.55,4.1,6.5,1.59,3.99,6.38,1.57,4.0,6.0,1.64,4.19,6.05,1.64,4.2,6.5,1.58,4.04,6.1,2.02,1.88,2.02,1.88,2.04,1.9,2.0,1.84,-1.0,2.04,1.86,2.05,1.86,1,Serie A
4.2,3.4,1.91,4.1,3.3,1.95,4.2,3.4,1.91,4.29,3.38,1.98,4.2,3.3,1.95,4.34,3.49,2.01,4.34,3.55,2.01,4.15,3.41,1.96,2.1,1.73,2.22,1.71,2.24,1.76,2.16,1.71,0.5,1.87,1.91,1.92,1.99,0,Serie A
3.1,3.6,2.2,3.1,3.5,2.2,3.4,3.5,2.2,3.35,3.55,2.21,3.2,3.5,2.2,3.32,3.67,2.27,3.4,3.67,2.27,3.23,3.55,2.2,1.73,2.1,1.75,2.17,1.79,2.2,1.73,2.13,0.25,1.98,1.92,1.99,1.92,1,Serie A
1.95,3.6,3.8,1.93,3.75,3.6,1.95,3.6,3.9,2.02,3.72,3.71,2.0,3.6,3.7,2.04,3.85,3.77,2.05,3.85,3.9,2.0,3.72,3.64,1.67,2.2,1.65,2.33,1.71,2.36,1.65,2.27,-0.5,1.94,1.84,2.03,1.88,0,Serie A
3.75,3.1,2.15,3.6,3.1,2.15,3.8,3.1,2.2,3.85,3.16,2.19,3.6,3.2,2.2,3.85,3.33,2.2,3.95,3.33,2.26,3.74,3.15,2.18,2.3,1.62,2.35,1.64,2.41,1.67,2.33,1.62,0.25,2.05,1.85,2.05,1.86,0,Serie A
1.38,4.75,8.5,1.39,5.0,7.5,1.36,5.0,9.0,1.38,5.23,8.24,1.4,5.0,8.0,1.43,5.25,8.1,1.43,5.3,9.0,1.39,5.07,8.0,1.57,2.38,1.6,2.45,1.64,2.46,1.59,2.39,-1.25,1.85,2.05,1.84,2.08,1,Serie A
2.05,3.3,3.8,2.05,3.25,3.8,2.05,3.3,3.9,2.05,3.34,4.05,2.05,3.3,3.8,2.1,3.44,4.02,2.11,3.44,4.17,2.05,3.31,3.94,2.2,1.67,2.27,1.68,2.29,1.73,2.22,1.68,-0.5,2.06,1.84,2.06,1.85,1,Serie A
6.0,3.5,1.67,5.25,3.8,1.66,6.0,3.6,1.67,5.58,3.79,1.68,5.5,3.75,1.67,5.53,3.96,1.72,6.0,3.96,1.72,5.5,3.75,1.67,2.1,1.73,2.11,1.78,2.13,1.83,2.07,1.77,0.75,2.01,1.89,2.01,1.89,0,Serie A
3.2,3.3,2.3,2.95,3.25,2.4,3.2,3.3,2.3,3.3,3.27,2.35,3.0,3.3,2.4,3.29,3.44,2.38,3.33,3.44,2.42,3.16,3.29,2.35,2.04,1.86,2.05,1.85,2.08,1.88,2.02,1.82,0.25,1.8,1.98,1.89,2.02,0,Serie A
5.5,4.0,1.62,5.0,4.0,1.65,5.0,4.0,1.62,5.4,4.18,1.63,5.5,4.0,1.65,5.38,4.29,1.68,5.5,4.29,1.68,5.22,4.11,1.63,1.73,2.1,1.75,2.15,1.8,2.18,1.74,2.12,0.75,2.01,1.77,2.1,1.8,0,Serie A
2.8,3.1,2.7,2.75,3.25,2.6,2.75,3.1,2.7,2.85,3.18,2.72,2.8,3.2,2.6,2.89,3.33,2.71,2.89,3.33,2.73,2.8,3.19,2.66,2.1,1.73,2.15,1.76,2.19,1.79,2.12,1.74,0.0,1.99,1.91,2.0,1.91,1,Serie A
4.2,3.7,1.85,4.1,3.75,1.83,4.2,3.75,1.83,4.31,3.86,1.83,4.33,3.7,1.83,4.45,3.91,1.87,4.45,3.96,1.87,4.2,3.8,1.83,1.73,2.1,1.78,2.13,1.8,2.18,1.74,2.1,0.5,2.06,1.84,2.07,1.84,0,Serie A
2.3,3.0,3.5,2.3,3.2,3.25,2.3,3.0,3.5,2.38,3.01,3.56,2.3,3.1,3.4,2.45,3.06,3.58,2.45,3.2,3.61,2.35,3.03,3.44,2.3,1.62,2.36,1.64,2.39,1.68,2.3,1.63,-0.25,1.99,1.91,2.01,1.9,0,Serie A
2.2,3.3,3.3,2.25,3.1,3.4,2.25,3.2,3.5,2.29,3.21,3.58,2.3,3.0,3.5,2.31,3.32,3.56,2.31,3.32,3.61,2.26,3.19,3.49,2.1,1.73,2.15,1.77,2.16,1.81,2.1,1.76,-0.25,1.95,1.98,1.95,1.97,1,Serie A
2.63,3.0,2.9,2.6,3.0,2.87,2.63,3.0,3.0,2.75,3.03,3.0,2.7,3.0,2.9,2.8,3.07,3.02,2.8,3.15,3.02,2.7,3.03,2.93,2.2,1.67,2.33,1.67,2.33,1.71,2.25,1.67,0.0,1.88,2.05,1.88,2.05,1,Serie A
1.25,6.0,12.0,1.31,5.5,9.75,1.25,5.5,12.0,1.29,5.73,11.33,1.29,5.5,11.0,1.31,5.9,11.8,1.32,6.0,12.0,1.29,5.62,10.86,1.73,2.1,1.78,2.11,1.8,2.2,1.74,2.12,-1.5,1.88,2.02,1.93,1.97,1,Serie A
1.38,4.75,8.0,1.39,5.0,7.25,1.36,5.0,8.0,1.4,5.17,7.65,1.4,5.0,7.5,1.45,5.25,7.48,1.45,5.4,8.0,1.4,5.06,7.57,1.53,2.5,1.54,2.59,1.55,2.63,1.52,2.52,-1.25,1.87,2.03,1.87,2.04,1,Serie A
2.15,3.3,3.5,2.2,3.4,3.25,2.2,3.3,3.4,2.19,3.45,3.49,2.2,3.3,3.4,2.25,3.52,3.5,2.25,3.53,3.55,2.19,3.42,3.4,2.0,1.9,1.99,1.9,2.04,1.94,1.96,1.87,-0.25,1.89,2.01,1.89,2.02,0,Serie A
1.53,4.2,6.25,1.53,4.1,6.0,1.5,4.33,7.0,1.52,4.36,6.57,1.55,4.2,6.0,1.58,4.46,6.42,1.58,4.46,7.0,1.53,4.26,6.31,1.88,2.02,1.87,2.03,1.9,2.06,1.84,2.0,-1.0,1.9,2.0,1.89,2.01,1,Serie A
2.15,3.25,3.6,2.15,3.2,3.5,2.2,3.1,3.75,2.19,3.24,3.74,2.2,3.2,3.6,2.24,3.35,3.71,2.24,3.35,3.75,2.17,3.23,3.61,2.2,1.67,2.31,1.66,2.35,1.71,2.26,1.65,-0.25,1.86,2.04,1.87,2.04,0,Serie A
1.72,3.5,5.0,1.77,3.5,5.0,1.75,3.5,5.0,1.76,3.58,5.3,1.8,3.4,5.0,1.82,3.64,5.22,1.82,3.64,5.4,1.77,3.51,5.04,2.2,1.67,2.24,1.7,2.28,1.75,2.2,1.69,-0.75,2.03,1.87,2.01,1.89,0,Serie A
2.55,3.4,2.75,2.5,3.3,2.75,2.63,3.25,2.8,2.6,3.24,2.95,2.6,3.2,2.8,2.66,3.4,2.9,2.69,3.4,2.95,2.58,3.27,2.83,2.07,1.83,2.07,1.83,2.12,1.86,2.04,1.8,0.0,1.85,2.05,1.83,2.08,1,Serie A
3.0,3.25,2.35,2.95,3.1,2.5,3.1,3.2,2.5,3.25,3.19,2.46,3.1,3.25,2.4,3.19,3.44,2.43,3.29,3.44,2.5,3.12,3.21,2.44,2.1,1.73,2.2,1.74,2.25,1.77,2.16,1.72,0.25,1.82,2.08,1.84,2.1,0,Serie A
2.25,3.25,3.25,2.37,3.1,3.1,2.3,3.1,3.4,2.34,3.25,3.41,2.38,3.1,3.25,2.37,3.33,3.41,2.38,3.33,3.45,2.32,3.21,3.32,2.2,1.67,2.29,1.68,2.32,1.71,2.24,1.67,-0.25,1.99,1.91,2.0,1.93,1,Serie A
2.45,3.4,2.8,2.45,3.3,2.85,2.5,3.4,2.88,2.59,3.4,2.88,2.45,3.5,2.8,2.58,3.6,2.86,2.59,3.6,2.93,2.51,3.39,2.86,1.95,1.95,1.95,1.95,1.97,1.98,1.91,1.93,0.0,1.83,2.07,1.86,2.07,0,Serie A
7.5,4.33,1.44,7.0,4.6,1.43,7.5,4.5,1.44,7.59,4.64,1.45,7.5,4.4,1.44,7.55,4.71,1.49,7.8,4.8,1.49,7.35,4.56,1.45,1.8,2.0,1.84,2.06,1.86,2.11,1.79,2.04,1.25,1.85,2.05,1.87,2.04,0,Serie A
2.7,3.25,2.65,2.7,3.2,2.7,2.75,3.2,2.75,2.82,3.16,2.77,2.8,3.1,2.7,2.88,3.21,2.81,2.88,3.25,2.81,2.76,3.18,2.73,2.2,1.67,2.22,1.71,2.24,1.76,2.17,1.71,0.0,1.95,1.95,1.97,1.93,1,Serie A
1.3,5.0,10.0,1.32,5.5,9.0,1.3,5.5,11.0,1.31,5.69,10.11,1.3,5.5,10.0,1.33,5.94,10.5,1.33,5.94,11.0,1.31,5.53,9.78,1.62,2.3,1.63,2.37,1.67,2.41,1.61,2.35,-1.5,1.92,1.98,1.91,1.99,1,Serie A
1.4,4.75,8.0,1.38,5.0,7.75,1.4,4.75,8.0,1.41,4.95,7.98,1.4,4.75,8.0,1.44,5.04,8.3,1.44,5.2,8.3,1.4,4.9,7.87,1.73,2.1,1.73,2.18,1.79,2.2,1.73,2.14,-1.25,1.91,1.99,1.93,1.98,0,Serie A
4.2,3.9,1.8,4.33,3.6,1.82,4.5,3.75,1.8,4.64,3.74,1.81,4.33,3.6,1.83,4.61,3.87,1.85,4.64,3.9,1.85,4.43,3.71,1.81,2.02,1.88,1.98,1.91,2.04,1.92,1.98,1.85,0.75,1.84,2.06,1.85,2.07,0,Serie A
2.88,3.3,2.45,2.8,3.3,2.5,2.9,3.3,2.5,2.98,3.32,2.52,2.88,3.4,2.45,2.98,3.56,2.51,2.98,3.56,2.54,2.9,3.34,2.48,2.01,1.89,2.0,1.89,2.02,1.92,1.98,1.86,0.0,2.1,1.8,2.13,1.8,0,Serie A
1.7,3.8,5.0,1.72,3.75,4.75,1.7,3.8,5.0,1.69,3.88,5.28,1.73,3.7,5.0,1.75,4.02,5.12,1.75,4.02,5.4,1.7,3.85,5.0,1.99,1.91,1.97,1.92,2.02,1.96,1.95,1.88,-0.75,1.92,1.98,1.92,1.99,1,Serie A
1.62,3.5,6.5,1.63,3.7,5.75,1.65,3.6,6.5,1.65,3.58,5.9,1.65,3.7,5.8,1.72,3.87,5.69,1.76,3.87,6.5,1.66,3.69,5.87,2.2,1.67,2.24,1.68,2.29,1.74,2.22,1.68,-0.75,1.85,2.05,1.87,2.01,1,Serie A
4.2,3.2,1.95,4.1,3.2,1.98,4.5,3.2,1.95,4.24,3.14,2.01,4.2,3.2,2.0,4.4,3.33,2.05,4.5,3.33,2.07,4.23,3.21,2.01,2.3,1.62,2.37,1.61,2.43,1.66,2.35,1.61,0.5,1.88,2.02,1.85,2.03,0,Serie A
5.0,3.6,1.7,5.0,3.7,1.71,5.0,3.9,1.67,4.96,3.75,1.71,5.0,3.8,1.7,5.02,4.04,1.76,5.3,4.04,1.76,4.97,3.78,1.72,1.9,2.0,1.91,1.94,1.95,2.02,1.88,1.96,0.75,1.97,1.93,1.93,1.93,0,Serie A
2.05,3.4,3.7,2.05,3.5,3.5,2.05,3.4,3.8,2.11,3.31,3.64,2.05,3.5,3.6,2.11,3.71,3.68,2.15,3.71,3.8,2.09,3.44,3.6,1.92,1.98,1.93,1.91,1.96,2.04,1.89,1.94,-0.25,1.75,2.05,1.81,2.05,0,Serie A
3.2,3.3,2.25,3.2,3.3,2.25,3.4,3.25,2.3,3.33,3.15,2.32,3.25,3.25,2.3,3.37,3.41,2.35,3.4,3.41,2.36,3.27,3.25,2.3,2.1,1.73,2.09,1.76,2.17,1.81,2.1,1.75,0.25,1.92,1.98,1.88,1.98,0,Serie A
5.0,3.5,1.8,4.4,3.6,1.82,4.75,3.6,1.8,4.69,3.58,1.78,4.6,3.6,1.8,4.82,3.77,1.84,5.0,3.77,1.85,4.59,3.6,1.81,2.04,1.86,1.98,1.86,2.06,1.92,1.98,1.85,0.5,2.03,1.78,2.08,1.78,1,Serie A
1.17,7.0,15.0,1.17,8.0,15.0,1.15,8.5,17.0,1.15,8.29,14.32,1.15,8.0,17.0,1.18,8.9,18.0,1.18,9.0,18.0,1.16,8.01,15.57,1.44,2.75,1.39,2.96,1.44,3.07,1.4,2.89,-2.0,1.84,2.06,1.78,2.06,1,Serie A
2.7,3.1,2.63,2.75,3.2,2.6,2.7,3.25,2.7,2.75,3.04,2.8,2.7,3.2,2.7,2.79,3.35,2.78,2.8,3.35,2.84,2.74,3.16,2.72,2.3,1.62,2.32,1.63,2.35,1.7,2.26,1.65,0.0,1.95,1.95,1.91,1.94,1,Serie A
1.85,3.4,4.33,1.9,3.6,3.9,1.87,3.4,4.6,1.85,3.55,4.31,1.91,3.7,3.9,1.95,3.89,4.09,1.95,3.89,4.6,1.88,3.64,4.14,1.85,2.05,1.81,2.02,1.9,2.09,1.82,2.01,-0.5,1.9,2.0,1.86,1.99,0,Serie A
1.5,3.75,7.5,1.52,4.2,6.5,1.44,4.6,7.0,1.51,4.14,6.57,1.53,4.2,6.5,1.56,4.49,6.52,1.56,4.6,7.5,1.51,4.23,6.56,1.84,2.06,1.81,2.03,1.87,2.08,1.81,2.01,-1.0,1.88,2.02,1.86,2.0,1,Serie A
2.88,3.3,2.45,2.95,3.2,2.45,3.1,3.25,2.4,3.11,3.0,2.54,3.0,3.0,2.3,3.17,3.23,2.57,3.17,3.3,2.58,3.04,3.14,2.48,2.2,1.67,2.23,1.67,2.35,1.72,2.24,1.67,0.0,2.1,1.8,2.14,1.74,0,Serie A
2.4,3.0,3.3,2.4,2.95,3.3,2.4,2.88,3.4,2.48,2.97,3.48,2.45,2.88,3.4,2.53,2.99,3.5,2.53,3.0,3.53,2.44,2.93,3.4,2.75,1.44,2.82,1.48,3.0,1.5,2.74,1.46,-0.25,2.07,1.86,2.08,1.85,0,Serie A
2.55,3.4,2.7,2.55,3.5,2.6,2.63,3.3,2.8,2.61,3.33,2.85,2.5,3.4,2.8,2.63,3.56,2.83,2.63,3.56,2.88,2.56,3.43,2.75,1.67,2.2,1.72,2.21,1.76,2.25,1.69,2.2,0.0,1.87,2.03,1.87,2.04,0,Serie A
5.5,4.1,1.6,5.0,4.1,1.63,5.5,4.2,1.6,5.61,4.15,1.62,5.5,4.2,1.62,5.38,4.35,1.67,5.7,4.35,1.67,5.31,4.14,1.61,1.67,2.2,1.74,2.17,1.75,2.31,1.68,2.2,1.0,1.86,2.04,1.85,2.07,0,Serie A
1.57,3.8,6.5,1.58,3.8,6.25,1.57,3.9,7.0,1.57,3.95,6.84,1.57,3.8,6.5,1.62,4.04,6.73,1.62,4.04,7.0,1.58,3.89,6.5,2.2,1.67,2.25,1.69,2.33,1.73,2.24,1.67,-1.0,2.04,1.86,2.04,1.87,1,Serie A
1.38,5.0,7.5,1.38,5.0,7.75,1.36,4.75,9.5,1.37,5.13,8.64,1.4,5.0,8.0,1.44,5.15,8.0,1.44,5.2,9.5,1.38,4.99,8.11,1.62,2.3,1.66,2.3,1.71,2.33,1.64,2.27,-1.25,1.85,2.05,1.85,2.07,1,Serie A
1.44,4.5,7.0,1.44,4.6,7.0,1.44,4.5,7.5,1.46,4.65,7.21,1.44,4.4,7.5,1.51,4.71,7.04,1.51,4.75,7.5,1.45,4.58,7.14,1.8,2.0,1.79,2.09,1.84,2.12,1.78,2.05,-1.25,2.03,1.87,2.05,1.86,1,Serie A
2.05,3.4,3.6,2.05,3.3,3.6,2.1,3.3,3.8,2.14,3.31,3.78,2.1,3.4,3.6,2.15,3.52,3.75,2.15,3.52,3.82,2.11,3.32,3.66,2.2,1.67,2.22,1.71,2.24,1.76,2.18,1.7,-0.25,1.82,2.08,1.83,2.09,0,Serie A
4.1,3.8,1.83,4.33,3.5,1.83,5.0,3.6,1.75,4.58,3.49,1.88,4.4,3.5,1.85,4.49,3.66,1.93,5.0,3.8,1.93,4.42,3.53,1.85,2.1,1.73,2.19,1.73,2.21,1.78,2.14,1.72,0.5,2.03,1.87,2.02,1.89,0,Serie A
1.85,3.7,4.1,1.87,3.6,4.1,1.87,3.7,4.1,1.88,3.72,4.25,1.91,3.6,4.0,1.94,3.85,4.17,1.94,3.85,4.3,1.88,3.66,4.11,1.9,2.0,1.87,2.02,1.92,2.03,1.87,1.96,-0.5,1.83,1.95,1.89,2.02,0,Serie A
7.0,5.25,1.38,7.75,5.0,1.38,8.0,5.0,1.36,8.24,5.24,1.38,8.0,5.0,1.35,8.65,5.44,1.4,8.65,5.5,1.4,7.99,5.16,1.38,1.57,2.38,1.61,2.41,1.66,2.45,1.59,2.39,1.5,1.78,2.03,1.84,2.08,0,Serie A
2.15,3.3,3.5,2.15,3.25,3.4,2.2,3.25,3.6,2.21,3.27,3.63,2.15,3.25,3.4,2.25,3.42,3.6,2.25,3.42,3.69,2.2,3.27,3.53,2.2,1.67,2.21,1.72,2.25,1.77,2.17,1.71,-0.25,1.89,2.01,1.89,2.02,0,Serie A
5.0,4.2,1.62,4.8,4.1,1.65,5.0,4.33,1.65,5.17,4.27,1.64,4.75,4.2,1.62,5.01,4.48,1.69,5.3,4.48,1.69,4.95,4.27,1.64,1.57,2.38,1.56,2.52,1.57,2.57,1.54,2.46,1.0,1.83,2.07,1.84,2.08,0,Serie A
2.63,3.1,2.9,2.55,3.25,2.8,2.7,3.1,2.88,2.68,3.15,2.92,2.6,3.2,2.75,2.69,3.29,2.94,2.71,3.29,2.96,2.63,3.17,2.87,2.2,1.67,2.25,1.7,2.29,1.73,2.2,1.69,0.0,1.85,2.05,1.87,2.04,0,Serie A
3.3,3.1,2.3,3.1,3.25,2.35,3.4,3.25,2.25,3.29,3.27,2.36,3.1,3.2,2.3,3.33,3.37,2.39,3.4,3.37,2.42,3.2,3.23,2.35,2.1,1.73,2.15,1.76,2.23,1.79,2.14,1.73,0.25,1.89,2.01,1.88,2.03,0,Serie A
2.0,3.0,4.33,2.0,3.1,4.2,2.05,3.0,4.4,2.09,2.99,4.51,2.05,3.0,4.2,2.13,3.19,4.3,2.13,3.19,4.51,2.06,3.03,4.3,2.75,1.44,2.81,1.48,2.85,1.5,2.71,1.46,-0.5,2.07,1.83,2.1,1.82,0,Serie A
1.73,3.6,5.0,1.75,3.6,4.8,1.75,3.6,5.0,1.75,3.66,5.2,1.75,3.5,4.75,1.81,3.83,4.97,1.81,3.83,5.2,1.75,3.61,4.98,2.0,1.8,2.09,1.79,2.13,1.83,2.06,1.78,-0.75,1.98,1.92,1.99,1.92,1,Serie A
1.9,3.5,4.2,1.9,3.4,4.2,1.91,3.4,4.6,1.91,3.35,4.68,1.85,3.5,4.2,1.95,3.66,4.34,1.99,3.66,4.7,1.91,3.42,4.35,2.1,1.73,2.17,1.74,2.19,1.79,2.12,1.74,-0.5,1.92,1.98,1.92,1.98,1,Serie A
2.8,2.9,2.8,2.7,2.95,2.87,2.9,2.8,2.8,2.94,2.85,2.92,2.8,2.75,2.88,2.97,2.92,2.97,2.97,2.95,2.97,2.85,2.86,2.87,2.75,1.44,2.86,1.46,2.86,1.48,2.74,1.45,0.0,1.95,1.95,1.96,1.94,0,Serie A
2.3,3.25,3.2,2.3,3.3,3.1,2.25,3.3,3.3,2.39,3.29,3.22,2.3,3.2,3.1,2.4,3.39,3.29,2.4,3.39,3.4,2.33,3.27,3.18,2.1,1.73,2.13,1.77,2.16,1.81,2.09,1.76,-0.25,2.04,1.86,2.05,1.86,0,Serie A
1.91,3.4,4.1,1.95,3.4,3.9,1.95,3.4,4.33,1.96,3.49,4.19,1.95,3.4,3.9,2.02,3.56,4.19,2.02,3.56,4.33,1.96,3.45,4.08,1.89,2.01,1.91,1.98,1.98,2.03,1.89,1.93,-0.5,1.99,1.94,1.97,1.93,1,Serie A
2.0,3.25,3.9,2.05,3.25,3.9,2.1,3.25,3.9,2.08,3.31,3.98,2.05,3.25,3.75,2.13,3.42,3.94,2.13,3.42,4.1,2.06,3.29,3.9,2.2,1.67,2.23,1.7,2.25,1.76,2.18,1.7,-0.5,2.08,1.82,2.09,1.83,0,Serie A
1.36,4.75,9.0,1.37,5.0,8.5,1.33,5.0,9.0,1.37,5.1,8.92,1.36,4.6,8.5,1.4,5.24,9.1,1.4,5.3,9.5,1.37,4.97,8.81,1.73,2.1,1.79,2.1,1.81,2.25,1.75,2.11,-1.25,1.85,2.05,1.87,2.04,1,Serie A
1.65,3.9,5.25,1.62,3.9,5.5,1.65,3.9,5.5,1.67,3.91,5.53,1.65,3.8,5.0,1.71,4.06,5.43,1.71,4.06,5.7,1.67,3.89,5.31,1.95,1.95,1.97,1.92,2.0,1.96,1.93,1.9,-0.75,1.87,2.03,1.86,2.05,1,Serie A
2.0,3.3,4.0,1.95,3.3,4.1,2.0,3.3,4.1,2.04,3.33,4.1,2.0,3.3,3.9,2.07,3.54,4.0,2.07,3.54,4.11,2.02,3.33,3.98,2.2,1.67,2.27,1.68,2.29,1.73,2.22,1.67,-0.5,2.04,1.86,2.05,1.86,0,Serie A
4.2,3.8,1.8,3.9,3.7,1.88,4.2,3.9,1.85,4.29,3.94,1.82,4.0,3.8,1.8,4.19,4.12,1.87,4.33,4.12,1.88,4.1,3.87,1.83,1.67,2.2,1.66,2.33,1.71,2.34,1.65,2.26,0.75,1.83,2.07,1.85,2.06,1,Serie A
5.0,3.4,1.8,4.75,3.3,1.83,5.5,3.4,1.75,5.07,3.52,1.81,4.6,3.4,1.8,5.06,3.64,1.84,5.5,3.64,1.84,4.91,3.45,1.8,2.3,1.62,2.39,1.63,2.45,1.66,2.34,1.61,0.75,1.83,2.07,1.85,2.07,0,Serie A
5.25,3.6,1.7,5.25,3.5,1.71,6.0,3.6,1.67,5.67,3.64,1.7,5.5,3.5,1.67,5.48,3.73,1.77,6.0,3.73,1.77,5.44,3.6,1.7,2.3,1.62,2.36,1.63,2.39,1.68,2.3,1.63,0.75,1.97,1.93,1.96,1.94,0,Serie A
3.2,3.5,2.2,3.0,3.4,2.3,3.3,3.4,2.25,3.33,3.51,2.23,3.2,3.4,2.2,3.31,3.65,2.28,3.34,3.65,2.32,3.19,3.46,2.24,1.87,2.03,1.86,2.03,1.96,2.05,1.84,1.99,0.25,1.95,1.95,1.97,1.93,0,Serie A
2.7,2.88,3.0,2.7,2.8,3.0,2.7,2.88,3.1,2.75,2.89,3.15,2.62,2.88,3.0,2.8,3.01,3.08,2.8,3.01,3.17,2.7,2.86,3.06,3.0,1.4,3.04,1.41,3.04,1.46,2.86,1.41,0.0,1.82,2.11,1.83,2.11,0,Serie A
5.5,4.33,1.55,5.25,4.2,1.58,5.5,4.4,1.55,6.01,4.43,1.55,5.5,4.2,1.55,5.64,4.56,1.62,6.01,4.56,1.62,5.63,4.36,1.55,1.62,2.3,1.63,2.37,1.68,2.39,1.62,2.32,1.0,1.98,1.92,1.99,1.92,0,Serie A
5.25,3.5,1.73,5.25,3.4,1.75,5.0,3.5,1.75,5.31,3.6,1.75,4.75,3.4,1.8,5.01,3.75,1.82,5.31,3.75,1.82,5.06,3.51,1.76,2.2,1.67,2.23,1.7,2.28,1.75,2.21,1.68,0.75,1.89,2.01,1.9,2.01,0,Serie A
1.3,5.25,9.0,1.33,5.0,9.75,1.33,5.0,10.0,1.33,5.34,10.19,1.29,5.0,11.0,1.36,5.41,10.3,1.36,5.41,11.0,1.32,5.09,10.12,1.85,2.05,1.84,2.06,1.9,2.07,1.84,1.99,-1.5,2.02,1.88,2.03,1.88,0,Serie A
2.45,3.0,3.2,2.45,3.1,3.1,2.55,3.0,3.1,2.6,3.08,3.1,2.45,3.1,3.0,2.56,3.26,3.15,2.6,3.26,3.2,2.51,3.07,3.08,2.38,1.57,2.5,1.57,2.55,1.61,2.43,1.56,-0.25,2.13,1.78,2.19,1.75,1,Serie A
2.7,3.1,2.75,2.65,3.1,2.8,2.7,3.1,2.8,2.79,3.11,2.83,2.62,3.2,2.7,2.78,3.37,2.8,2.83,3.37,2.85,2.71,3.11,2.77,2.1,1.73,2.21,1.72,2.25,1.77,2.14,1.71,0.0,1.91,1.99,1.93,1.97,1,Serie A
1.85,3.75,4.0,1.85,3.7,4.1,1.87,3.6,4.33,1.88,3.56,4.49,1.83,3.5,4.2,1.93,3.62,4.55,1.93,3.75,4.55,1.87,3.64,4.18,1.73,2.1,1.72,2.2,1.77,2.23,1.7,2.15,-0.5,1.88,2.02,1.89,2.02,0,Serie A
3.25,3.4,2.2,3.4,3.25,2.2,3.5,3.25,2.2,3.44,3.27,2.29,3.3,3.25,2.2,3.46,3.46,2.29,3.5,3.46,2.3,3.32,3.3,2.24,2.02,1.88,1.99,1.9,2.04,1.92,1.98,1.84,0.25,1.95,1.95,1.94,1.96,1,Serie A
1.33,5.25,8.0,1.35,5.25,8.75,1.36,5.0,8.5,1.36,5.27,8.67,1.33,4.8,9.0,1.4,5.33,8.95,1.4,5.5,9.5,1.35,5.08,8.68,1.67,2.2,1.71,2.21,1.76,2.25,1.68,2.19,-1.5,2.05,1.85,2.07,1.85,0,Serie A
3.6,3.4,2.1,3.4,3.4,2.1,3.7,3.3,2.1,3.66,3.38,2.15,3.5,3.3,2.1,3.67,3.56,2.17,3.7,3.56,2.17,3.54,3.37,2.12,1.99,1.91,1.98,1.91,2.0,1.95,1.94,1.87,0.25,2.06,1.84,2.06,1.85,0,Serie A
5.5,4.1,1.57,5.25,4.1,1.62,5.5,3.9,1.62,5.76,4.18,1.62,5.5,4.0,1.62,5.8,4.25,1.65,5.9,4.25,1.65,5.49,4.1,1.61,1.73,2.1,1.75,2.18,1.78,2.25,1.72,2.14,1.0,1.87,2.03,1.88,2.05,0,Serie A
3.3,2.9,2.45,3.2,2.87,2.5,3.4,2.88,2.45,3.43,2.91,2.51,3.25,2.9,2.5,3.46,3.03,2.53,3.46,3.03,2.53,3.32,2.9,2.48,2.63,1.5,2.68,1.51,2.8,1.52,2.61,1.49,0.25,1.81,2.09,1.82,2.11,0,Serie A
5.25,3.6,1.7,5.25,3.6,1.68,5.5,3.7,1.67,5.53,3.72,1.7,5.0,3.6,1.73,5.33,3.81,1.77,5.54,3.81,1.77,5.26,3.67,1.7,2.2,1.67,2.22,1.71,2.24,1.76,2.17,1.7,0.75,1.97,1.93,1.97,1.93,0,Serie A
5.0,3.6,1.73,4.6,3.6,1.77,5.0,3.6,1.73,5.08,3.67,1.76,4.8,3.5,1.75,5.07,3.75,1.81,5.25,3.75,1.81,4.93,3.62,1.75,2.0,1.8,2.08,1.83,2.14,1.85,2.04,1.78,0.75,1.9,2.0,1.9,2.01,0,Serie A
1.53,4.2,6.25,1.53,4.33,5.75,1.5,4.5,6.0,1.55,4.1,6.72,1.55,4.4,5.5,1.57,4.66,6.05,1.57,4.66,6.72,1.53,4.31,6.0,1.62,2.3,1.63,2.36,1.68,2.4,1.61,2.32,-1.0,1.88,2.02,1.89,2.02,1,Serie A
2.5,3.3,2.88,2.4,3.4,2.85,2.55,3.3,2.88,2.57,3.24,2.98,2.5,3.25,2.9,2.63,3.3,3.02,2.63,3.5,3.02,2.5,3.31,2.9,1.92,1.98,1.91,1.98,1.95,2.0,1.88,1.93,0.0,1.82,2.08,1.81,2.11,1,Serie A
1.29,5.5,11.0,1.28,5.75,10.5,1.25,5.5,13.0,1.28,5.97,11.28,1.29,5.5,10.0,1.31,6.08,11.5,1.31,6.08,13.0,1.28,5.62,10.84,1.67,2.2,1.69,2.27,1.73,2.3,1.67,2.2,-1.5,1.86,2.04,1.87,2.04,1,Serie A
6.25,3.5,1.65,5.5,3.6,1.68,6.0,3.6,1.62,5.98,3.71,1.67,5.5,3.6,1.67,5.85,3.81,1.72,6.6,3.81,1.72,5.83,3.6,1.66,2.3,1.62,2.35,1.65,2.38,1.69,2.3,1.63,0.75,2.02,1.88,2.03,1.88,0,Serie A
1.6,3.8,6.0,1.6,4.0,5.5,1.57,4.0,6.0,1.62,4.04,5.83,1.62,4.0,5.5,1.66,4.24,5.69,1.66,4.24,6.0,1.6,3.98,5.64,1.91,1.99,1.9,1.99,1.94,2.01,1.87,1.94,-1.0,2.06,1.84,2.08,1.84,0,Serie A
1.2,6.5,15.0,1.24,6.25,12.0,1.22,6.0,13.0,1.23,6.63,12.79,1.25,6.0,11.0,1.26,7.02,12.2,1.26,7.02,15.0,1.23,6.4,12.33,1.53,2.5,1.53,2.57,1.55,2.57,1.52,2.48,-1.75,1.9,2.0,1.88,2.01,1,Serie A
2.55,2.9,3.1,2.5,2.9,3.2,2.63,2.88,3.25,2.57,2.9,3.34,2.5,2.8,3.1,2.64,2.96,3.35,2.64,2.96,3.35,2.55,2.9,3.2,2.63,1.5,2.75,1.49,2.75,1.5,2.65,1.47,-0.25,2.1,1.7,2.16,1.78,0,Serie A
2.3,3.5,3.0,2.3,3.4,3.0,2.3,3.4,3.1,2.33,3.57,3.09,2.25,3.3,3.0,2.39,3.56,3.16,2.39,3.6,3.16,2.3,3.47,3.04,1.73,2.1,1.76,2.15,1.8,2.18,1.74,2.1,-0.25,2.03,1.87,2.02,1.88,1,Serie A
6.5,4.75,1.44,6.25,4.8,1.44,7.0,4.75,1.4,7.54,4.82,1.43,6.5,4.6,1.44,7.04,4.92,1.49,7.54,4.92,1.49,6.91,4.73,1.44,1.62,2.3,1.68,2.28,1.71,2.38,1.64,2.26,1.25,1.91,1.99,1.9,2.01,0,Serie A
3.0,3.3,2.4,2.85,3.4,2.4,3.0,3.4,2.4,2.99,3.39,2.48,2.8,3.3,2.45,3.06,3.46,2.51,3.06,3.5,2.51,2.93,3.37,2.43,1.8,2.0,1.87,2.03,1.91,2.08,1.83,1.99,0.25,1.81,2.09,1.8,2.14,0,Serie A
2.25,3.1,3.5,2.2,3.1,3.5,2.25,3.1,3.6,2.27,3.13,3.64,2.2,3.1,3.4,2.28,3.31,3.65,2.28,3.31,3.65,2.23,3.12,3.52,2.5,1.53,2.54,1.56,2.58,1.59,2.47,1.54,-0.25,1.93,1.97,1.93,1.97,0,Serie A
1.27,5.5,11.0,1.28,5.75,10.5,1.25,5.5,11.0,1.27,6.14,10.88,1.25,5.8,10.0,1.29,6.41,12.2,1.29,6.41,12.2,1.27,5.84,10.81,1.62,2.3,1.63,2.35,1.68,2.39,1.62,2.3,-1.75,2.03,1.78,2.06,1.84,1,Serie A
1.95,3.3,4.2,1.95,3.4,3.9,1.91,3.4,4.33,1.96,3.32,4.45,1.91,3.4,3.9,1.97,3.66,4.29,1.98,3.66,4.45,1.93,3.4,4.14,2.1,1.73,2.16,1.75,2.19,1.79,2.12,1.72,-0.5,1.97,1.93,1.97,1.93,0,Serie A
2.25,3.4,3.2,2.15,3.5,3.3,2.25,3.4,3.3,2.26,3.51,3.27,2.2,3.4,3.1,2.27,3.65,3.33,2.31,3.65,3.35,2.22,3.44,3.21,1.93,1.97,1.92,1.97,1.96,1.99,1.88,1.92,-0.25,1.95,1.95,1.96,1.94,0,Serie A
1.7,3.7,5.0,1.77,3.6,4.75,1.7,3.7,5.0,1.73,3.74,5.26,1.73,3.6,4.8,1.77,3.87,5.22,1.77,3.87,5.3,1.73,3.7,4.95,2.0,1.8,2.08,1.82,2.11,1.85,2.03,1.78,-0.75,1.95,1.95,1.96,1.94,1,Serie A
1.5,4.1,7.0,1.55,4.0,6.25,1.5,4.2,7.0,1.51,4.28,6.99,1.5,3.75,6.5,1.54,4.4,7.14,1.55,4.4,7.3,1.5,4.15,6.73,2.01,1.89,1.99,1.9,2.04,1.92,1.97,1.84,-1.0,1.87,2.03,1.88,2.04,0,Serie A
2.3,3.1,3.4,2.35,3.1,3.25,2.3,3.1,3.4,2.34,3.16,3.44,2.3,3.1,3.1,2.39,3.26,3.44,2.39,3.26,3.44,2.33,3.14,3.29,2.2,1.67,2.3,1.67,2.33,1.71,2.22,1.66,-0.25,2.0,1.9,2.0,1.91,0,Serie A
2.88,3.25,2.55,2.9,3.2,2.5,2.9,3.2,2.55,2.97,3.2,2.6,2.88,3.1,2.5,3.05,3.25,2.63,3.12,3.25,2.63,2.92,3.19,2.53,2.1,1.73,2.22,1.71,2.22,1.77,2.12,1.72,0.0,2.06,1.84,2.09,1.83,0,Serie A
3.0,3.0,2.55,3.1,3.0,2.45,3.1,3.0,2.55,3.21,3.06,2.53,2.9,3.0,2.45,3.26,3.09,2.6,3.26,3.1,2.6,3.08,3.02,2.52,2.1,1.73,2.12,1.78,2.16,1.82,2.1,1.74,0.25,1.7,2.1,1.79,2.15,0,Serie A
2.4,3.25,3.0,2.4,3.25,3.0,2.5,3.2,3.0,2.49,3.26,3.08,2.4,3.1,3.0,2.54,3.32,3.13,2.54,3.32,3.13,2.44,3.22,3.01,2.03,1.87,2.03,1.86,2.06,1.89,2.0,1.82,-0.25,2.1,1.8,2.13,1.8,0,Serie A
2.63,3.0,2.9,2.65,2.95,2.9,2.7,2.9,3.0,2.72,3.02,2.99,2.62,2.9,2.9,2.78,3.1,3.01,2.78,3.1,3.01,2.65,2.99,2.93,2.38,1.57,2.47,1.58,2.5,1.63,2.4,1.57,0.0,1.86,2.04,1.86,2.05,0,Serie A
1.85,3.4,4.5,1.9,3.5,4.1,1.87,3.5,4.6,1.88,3.58,4.42,1.91,3.3,4.0,1.95,3.62,4.45,1.95,3.62,4.6,1.88,3.5,4.25,2.01,1.89,2.0,1.89,2.02,1.92,1.96,1.84,-0.5,1.89,2.01,1.89,2.01,0,Serie A
2.55,3.1,3.0,2.5,3.25,2.85,2.55,3.1,2.9,2.58,3.21,2.99,2.5,3.1,2.8,2.64,3.29,3.0,2.64,3.29,3.0,2.52,3.17,2.92,2.04,1.86,2.05,1.85,2.07,1.88,1.99,1.82,0.0,1.82,2.08,1.82,2.11,1,Serie A
1.9,3.4,4.2,1.9,3.5,4.0,1.91,3.5,4.0,1.94,3.43,4.38,1.91,3.4,3.9,1.99,3.64,4.19,1.99,3.7,4.56,1.92,3.47,4.11,2.1,1.73,2.13,1.76,2.16,1.81,2.08,1.75,-0.5,1.95,1.98,1.95,1.95,0,Serie A
2.0,3.1,4.33,2.05,3.1,4.0,2.0,3.25,4.2,2.08,3.12,4.3,2.05,3.0,4.0,2.12,3.21,4.3,2.12,3.25,4.33,2.04,3.12,4.13,2.5,1.53,2.54,1.56,2.55,1.6,2.45,1.55,-0.5,2.06,1.84,2.09,1.83,0,Serie A
5.25,3.8,1.65,4.8,3.9,1.68,5.0,3.9,1.67,5.24,4.1,1.66,4.8,3.9,1.65,5.33,4.25,1.69,5.33,4.25,1.69,5.03,4.0,1.65,1.85,2.05,1.82,2.06,1.86,2.14,1.79,2.03,0.75,2.06,1.84,2.07,1.85,0,Serie A
5.0,3.2,1.8,4.75,3.25,1.85,5.0,3.2,1.85,5.1,3.25,1.88,4.6,3.2,1.85,4.81,3.44,1.94,5.1,3.44,1.94,4.8,3.23,1.87,2.63,1.5,2.65,1.52,2.63,1.53,2.53,1.51,0.5,2.03,1.87,2.02,1.89,0,Serie A
1.33,5.0,9.5,1.35,5.25,8.0,1.3,5.0,10.5,1.32,5.67,9.6,1.35,5.0,8.0,1.37,5.62,9.1,1.37,5.67,10.5,1.33,5.31,8.99,1.62,2.3,1.61,2.4,1.65,2.44,1.6,2.34,-1.5,1.98,1.92,1.97,1.93,0,Serie A
1.91,3.5,4.0,1.95,3.5,3.75,1.91,3.6,4.0,2.0,3.55,3.97,1.95,3.5,3.7,2.0,3.81,3.96,2.0,3.81,4.0,1.96,3.54,3.81,1.91,1.99,1.93,1.96,1.96,1.99,1.88,1.93,-0.5,1.99,1.91,2.01,1.9,1,Serie A
11.0,5.25,1.29,10.5,5.75,1.28,11.0,5.5,1.25,10.6,6.05,1.28,10.0,5.5,1.29,11.2,6.17,1.31,11.2,6.17,1.31,10.35,5.73,1.28,1.57,2.38,1.58,2.47,1.64,2.48,1.56,2.42,1.5,2.03,1.78,2.08,1.84,0,Serie A
2.8,3.2,2.6,2.75,3.2,2.65,2.8,3.25,2.63,2.81,3.27,2.69,2.75,3.2,2.5,2.86,3.44,2.67,2.86,3.44,2.69,2.77,3.23,2.61,2.1,1.73,2.18,1.74,2.23,1.78,2.15,1.71,0.0,2.01,1.89,2.0,1.91,0,Serie A
1.25,5.5,13.0,1.25,6.0,12.5,1.22,6.0,14.0,1.24,6.38,12.18,1.25,5.8,10.0,1.29,6.41,12.2,1.29,6.5,14.0,1.24,6.06,12.0,1.67,2.2,1.65,2.31,1.7,2.35,1.64,2.25,-1.75,1.99,1.91,1.97,1.92,1,Serie A
4.2,3.5,1.85,4.0,3.5,1.9,4.2,3.6,1.87,4.28,3.68,1.88,4.0,3.5,1.85,4.35,3.77,1.92,4.35,3.77,1.92,4.14,3.57,1.87,2.04,1.86,2.04,1.85,2.06,1.89,1.99,1.82,0.5,2.01,1.89,2.01,1.9,1,Serie A
4.2,3.5,1.9,4.0,3.5,1.93,4.2,3.5,1.91,4.26,3.66,1.92,3.8,3.5,1.91,4.06,3.83,1.97,4.26,3.83,2.01,4.02,3.57,1.93,1.84,2.06,1.84,2.06,1.87,2.08,1.81,2.01,0.5,2.0,1.9,2.0,1.93,0,Serie A
2.1,3.25,3.7,2.1,3.1,3.8,2.05,3.25,3.9,2.15,3.22,3.98,2.05,3.1,3.7,2.15,3.37,3.94,2.16,3.37,3.98,2.11,3.2,3.81,2.3,1.62,2.36,1.64,2.39,1.68,2.29,1.63,-0.25,1.82,2.08,1.83,2.11,0,Serie A
1.48,4.2,7.0,1.46,4.5,6.75,1.44,4.5,7.5,1.49,4.5,6.91,1.44,4.33,6.5,1.5,4.71,7.34,1.5,4.71,7.5,1.47,4.45,6.85,1.73,2.1,1.81,2.08,1.84,2.12,1.77,2.06,-1.25,2.09,1.81,2.1,1.81,0,Serie A
1.5,4.1,6.5,1.49,4.2,7.0,1.47,4.2,7.5,1.51,4.22,7.57,1.5,4.0,6.0,1.55,4.35,7.04,1.55,4.35,8.57,1.49,4.18,7.13,2.02,1.88,2.04,1.87,2.06,1.9,1.98,1.84,-1.0,1.88,2.05,1.89,2.04,1,Serie A
1.6,3.75,6.0,1.63,3.8,5.5,1.6,3.9,6.0,1.61,3.91,6.24,1.62,3.75,5.5,1.65,4.12,6.05,1.65,4.12,6.24,1.61,3.88,5.85,2.07,1.83,2.05,1.85,2.08,1.87,2.01,1.81,-1.0,2.08,1.82,2.09,1.83,1,Serie A
2.15,3.3,3.4,2.2,3.2,3.4,2.15,3.2,3.75,2.22,3.25,3.64,2.15,3.2,3.4,2.25,3.42,3.6,2.25,3.42,3.75,2.2,3.24,3.47,2.1,1.73,2.2,1.72,2.22,1.77,2.14,1.7,-0.25,1.89,2.01,1.9,2.01,1,Serie A
2.25,3.25,3.25,2.25,3.25,3.25,2.38,3.2,3.3,2.37,3.26,3.28,2.3,3.2,3.1,2.4,3.39,3.29,2.4,3.39,3.3,2.32,3.24,3.21,2.1,1.73,2.15,1.76,2.18,1.8,2.1,1.73,-0.25,2.01,1.89,2.03,1.88,0,Serie A
1.73,3.4,5.5,1.73,3.5,5.25,1.75,3.4,5.5,1.74,3.53,5.61,1.75,3.3,5.0,1.78,3.64,5.58,1.78,3.64,5.61,1.74,3.46,5.34,2.2,1.67,2.26,1.68,2.3,1.73,2.2,1.67,-0.75,1.99,1.91,1.98,1.93,0,Serie A
1.95,3.3,4.1,1.93,3.4,4.0,1.95,3.4,4.2,1.96,3.5,4.19,1.95,3.4,3.8,1.99,3.66,4.19,1.99,3.66,4.25,1.95,3.44,4.03,2.05,1.85,2.03,1.86,2.1,1.88,2.0,1.82,-0.5,1.98,1.92,1.97,1.93,1,Serie A
2.15,3.7,3.1,2.15,3.6,3.2,2.2,3.5,3.3,2.24,3.54,3.27,2.15,3.5,3.1,2.25,3.79,3.26,2.25,3.79,3.3,2.18,3.56,3.18,1.73,2.1,1.75,2.16,1.79,2.2,1.72,2.12,-0.25,1.93,1.97,1.95,1.95,0,Serie A
5.0,3.5,1.75,4.5,3.7,1.77,4.2,3.9,1.8,4.83,3.74,1.78,4.5,3.6,1.75,4.81,3.87,1.82,5.0,3.9,1.82,4.62,3.67,1.77,2.05,1.85,2.05,1.85,2.07,1.88,1.99,1.82,0.75,1.87,2.03,1.88,2.03,0,Serie A
1.25,5.75,13.0,1.23,6.5,12.0,1.2,6.5,16.0,1.22,6.93,12.09,1.22,6.0,12.0,1.24,7.12,14.3,1.25,7.12,16.0,1.22,6.46,12.56,1.57,2.38,1.6,2.41,1.64,2.48,1.57,2.39,-1.75,1.92,1.98,1.93,1.95,1,Serie A
2.15,3.4,3.4,2.1,3.3,3.6,2.1,3.3,3.7,2.16,3.44,3.58,2.15,3.25,3.4,2.22,3.47,3.63,2.22,3.5,3.7,2.14,3.36,3.49,2.0,1.8,2.11,1.79,2.13,1.83,2.03,1.78,-0.25,1.87,2.03,1.86,2.05,1,Serie A
2.2,3.2,3.6,2.25,3.1,3.4,2.25,3.1,3.6,2.25,3.21,3.69,2.3,3.0,3.25,2.34,3.13,3.73,2.34,3.25,3.73,2.25,3.13,3.53,2.3,1.62,2.35,1.66,2.37,1.69,2.29,1.63,-0.25,1.91,2.02,1.92,2.01,1,Serie A
4.2,3.6,1.85,4.0,3.6,1.87,4.33,3.75,1.85,4.31,3.7,1.88,4.0,3.6,1.85,4.25,3.83,1.93,4.35,3.85,1.93,4.13,3.67,1.87,1.8,2.0,1.81,2.08,1.84,2.12,1.78,2.04,0.5,1.98,1.83,2.03,1.88,0,Serie A
2.15,3.1,3.8,2.15,3.1,3.7,2.15,3.0,4.0,2.16,3.12,3.99,2.15,3.0,3.75,2.21,3.21,3.99,2.21,3.21,4.0,2.14,3.1,3.82,2.45,1.49,2.56,1.55,2.58,1.59,2.49,1.53,-0.25,1.84,2.09,1.83,2.09,1,Serie A
3.8,3.3,2.0,3.6,3.25,2.1,3.9,3.25,2.05,4.03,3.28,2.08,3.75,3.0,2.1,4.08,3.32,2.13,4.08,3.32,2.15,3.83,3.24,2.08,2.3,1.62,2.35,1.65,2.39,1.68,2.31,1.61,0.25,2.08,1.73,2.15,1.78,0,Serie A
1.3,6.0,8.5,1.3,6.0,8.75,1.3,6.0,9.5,1.29,6.09,9.43,1.29,5.8,9.0,1.31,6.45,10.4,1.31,6.45,10.4,1.29,5.93,9.23,1.44,2.75,1.43,2.88,1.44,2.9,1.42,2.81,-1.5,1.78,2.03,1.81,2.07,1,Serie A
3.3,3.3,2.25,3.2,3.25,2.25,3.25,3.3,2.3,3.39,3.35,2.27,3.3,3.2,2.2,3.46,3.42,2.31,3.46,3.42,2.31,3.3,3.29,2.25,2.1,1.73,2.12,1.78,2.15,1.82,2.08,1.75,0.25,1.99,1.94,1.95,1.95,0,Serie A
9.5,5.25,1.33,8.75,5.25,1.34,11.0,5.0,1.3,9.34,5.47,1.34,8.5,5.0,1.33,9.55,5.58,1.37,11.0,5.58,1.37,9.16,5.27,1.33,1.67,2.2,1.66,2.3,1.71,2.33,1.65,2.24,1.5,1.93,2.0,1.92,1.98,0,Serie A
2.0,3.5,3.8,2.05,3.4,3.6,1.95,3.4,4.0,2.0,3.53,3.97,2.0,3.3,3.75,2.07,3.56,3.98,2.07,3.6,4.0,2.0,3.47,3.78,2.04,1.86,2.04,1.85,2.07,1.88,1.99,1.83,-0.5,2.04,1.89,2.01,1.89,0,Serie A
2.15,3.5,3.25,2.2,3.4,3.25,2.3,3.3,3.3,2.22,3.41,3.45,2.15,3.3,3.25,2.25,3.54,3.47,2.3,3.54,3.47,2.19,3.38,3.34,2.0,1.8,2.1,1.79,2.14,1.84,2.04,1.78,-0.25,1.92,2.01,1.92,1.99,0,Serie A
2.25,3.0,3.6,2.2,3.2,3.5,2.2,3.1,3.6,2.28,3.08,3.7,2.25,3.0,3.4,2.35,3.08,3.77,2.35,3.25,3.77,2.25,3.06,3.59,2.5,1.53,2.52,1.56,2.55,1.62,2.43,1.56,-0.25,1.95,1.98,1.93,1.97,1,Serie A
2.15,3.4,3.5,2.15,3.3,3.4,2.1,3.4,3.5,2.13,3.51,3.64,2.15,3.3,3.3,2.22,3.52,3.57,2.22,3.52,3.64,2.15,3.4,3.45,1.86,2.04,1.88,2.03,1.9,2.07,1.84,1.99,-0.25,1.87,2.06,1.85,2.08,0,Serie A
2.3,3.0,3.5,2.25,3.2,3.4,2.3,3.1,3.5,2.38,3.09,3.46,2.25,3.0,3.3,2.39,3.24,3.47,2.4,3.24,3.55,2.31,3.1,3.38,2.2,1.67,2.28,1.68,2.29,1.74,2.21,1.67,-0.25,2.0,1.9,2.02,1.89,0,Serie A
1.83,3.4,4.5,1.85,3.5,4.33,1.83,3.5,4.6,1.85,3.55,4.66,1.83,3.5,4.2,1.9,3.78,4.49,1.9,3.78,4.66,1.84,3.53,4.41,2.08,1.82,2.05,1.85,2.08,1.88,2.03,1.8,-0.5,1.86,2.04,1.86,2.05,1,Serie A
1.42,4.5,7.5,1.41,4.6,8.0,1.4,4.5,8.0,1.45,4.57,7.66,1.4,4.33,7.5,1.47,4.71,8.15,1.47,4.75,8.5,1.43,4.51,7.73,1.95,1.95,1.95,1.93,1.96,1.98,1.9,1.92,-1.25,2.03,1.87,2.07,1.85,0,Serie A
1.9,3.5,4.2,1.88,3.5,4.2,1.91,3.4,4.33,1.9,3.62,4.29,1.85,3.5,4.0,1.94,3.77,4.29,1.94,3.77,4.33,1.89,3.55,4.16,2.03,1.87,2.04,1.85,2.06,1.89,2.0,1.83,-0.5,1.91,1.99,1.91,2.0,1,Serie A
1.36,4.75,9.0,1.37,4.8,8.75,1.36,4.6,9.5,1.38,4.89,9.12,1.36,4.6,8.5,1.42,4.95,9.35,1.42,4.95,9.5,1.37,4.74,8.93,2.0,1.9,1.97,1.92,2.02,1.94,1.95,1.87,-1.25,1.89,2.01,1.9,2.01,1,Serie A
1.65,3.9,5.25,1.65,3.8,5.25,1.65,3.75,6.0,1.68,3.84,5.52,1.67,3.7,5.0,1.72,3.96,5.53,1.72,3.96,6.0,1.66,3.8,5.36,2.0,1.8,2.12,1.78,2.14,1.83,2.05,1.78,-0.75,1.87,2.03,1.89,2.02,1,Serie A
4.0,3.5,1.91,3.75,3.6,1.95,4.2,3.6,1.91,4.03,3.67,1.94,3.75,3.4,1.95,4.09,3.73,1.99,4.2,3.75,1.99,3.88,3.59,1.94,1.8,2.0,1.81,2.07,1.87,2.08,1.81,2.0,0.5,1.95,1.95,1.95,1.95,0,Serie A
3.1,3.2,2.38,3.1,3.2,2.35,3.3,3.1,2.4,3.16,3.23,2.46,3.0,3.1,2.4,3.21,3.32,2.49,3.3,3.32,2.5,3.1,3.19,2.42,2.0,1.8,2.1,1.8,2.13,1.84,2.05,1.77,0.25,1.83,2.07,1.82,2.1,0,Serie A
3.9,3.4,2.0,3.5,3.6,2.05,3.6,3.5,2.05,3.83,3.55,2.04,3.5,3.4,2.0,3.74,3.74,2.08,3.9,3.74,2.08,3.67,3.52,2.02,1.91,1.99,1.92,1.97,1.95,1.99,1.89,1.92,0.5,1.87,2.03,1.87,2.04,0,Serie A
3.6,3.5,2.05,3.7,3.5,2.0,3.8,3.5,2.0,3.82,3.56,2.03,3.5,3.6,2.0,3.77,3.81,2.05,3.82,3.81,2.08,3.67,3.55,2.02,1.8,2.0,1.82,2.07,1.86,2.11,1.79,2.02,0.5,1.84,2.06,1.87,2.04,1,Serie A
3.7,3.4,2.05,3.75,3.3,2.05,3.9,3.4,2.0,3.87,3.41,2.07,3.6,3.4,2.0,3.86,3.63,2.08,4.0,3.63,2.1,3.83,3.41,2.04,2.0,1.8,2.11,1.79,2.14,1.83,2.07,1.78,0.5,1.84,2.09,1.83,2.08,0,Serie A
6.25,4.1,1.53,5.75,4.33,1.55,6.5,4.2,1.5,6.08,4.38,1.55,5.5,4.0,1.55,6.11,4.45,1.6,6.5,4.5,1.6,6.01,4.3,1.54,1.73,2.1,1.76,2.13,1.81,2.17,1.75,2.1,1.0,1.97,1.93,1.97,1.93,0,Serie A
5.5,3.8,1.65,5.25,3.7,1.68,6.0,3.75,1.62,6.15,3.7,1.65,5.0,3.5,1.67,6.06,3.77,1.71,6.2,3.8,1.71,5.64,3.71,1.67,1.95,1.95,1.93,1.95,1.98,1.97,1.92,1.91,0.75,2.04,1.86,2.07,1.85,0,Serie A
2.2,3.1,3.6,2.15,3.0,3.75,2.3,2.9,3.75,2.31,2.98,3.77,2.2,3.0,3.5,2.33,3.16,3.71,2.35,3.16,3.8,2.27,3.0,3.66,2.63,1.5,2.72,1.5,2.72,1.52,2.61,1.48,-0.25,1.92,1.98,1.94,1.96,0,Serie A
5.0,3.7,1.73,4.75,3.8,1.72,5.0,3.9,1.7,4.97,3.97,1.71,4.6,3.8,1.7,4.92,4.1,1.76,5.0,4.1,1.76,4.78,3.88,1.71,1.8,2.0,1.82,2.06,1.86,2.1,1.79,2.04,0.75,1.98,1.92,1.98,1.93,0,Serie A
1.85,3.6,4.1,1.9,3.7,3.9,1.87,3.75,4.0,1.89,3.74,4.18,1.85,3.7,3.8,1.92,3.99,4.12,1.92,3.99,4.25,1.88,3.71,3.99,1.73,2.1,1.75,2.17,1.8,2.18,1.74,2.12,-0.5,1.89,2.01,1.9,2.01,1,Serie A
1.38,4.75,8.5,1.38,5.0,7.75,1.36,5.0,9.0,1.36,5.16,8.94,1.35,4.8,8.5,1.39,5.34,9.4,1.39,5.34,9.5,1.36,4.97,8.72,1.73,2.1,1.75,2.15,1.81,2.17,1.74,2.11,-1.25,1.85,2.05,1.81,2.09,1,Serie A
4.2,3.5,1.91,4.33,3.3,1.9,4.75,3.3,1.87,4.51,3.44,1.91,4.0,3.4,1.85,4.46,3.61,1.95,4.75,3.61,1.95,4.34,3.42,1.9,2.2,1.67,2.31,1.67,2.34,1.72,2.24,1.66,0.5,1.99,1.91,1.99,1.92,0,Serie A
1.44,4.5,7.5,1.44,4.4,7.5,1.4,4.5,8.5,1.44,4.51,8.04,1.4,4.33,7.5,1.48,4.66,7.95,1.48,4.66,8.5,1.43,4.45,7.76,2.01,1.89,1.98,1.91,2.02,1.94,1.95,1.88,-1.25,2.04,1.86,2.05,1.86,0,Serie A
1.48,4.75,6.5,1.47,4.6,6.5,1.47,4.5,6.5,1.5,4.6,6.54,1.44,4.4,6.0,1.53,4.71,6.63,1.53,4.9,7.5,1.47,4.57,6.59,1.67,2.2,1.73,2.19,1.77,2.24,1.69,2.18,-1.25,2.07,1.83,2.11,1.79,1,Serie A
1.48,4.0,8.0,1.44,4.2,7.75,1.53,3.9,7.5,1.48,4.12,8.24,1.44,4.0,8.5,1.52,4.16,8.5,1.58,4.2,8.9,1.51,4.04,7.61,2.2,1.67,2.34,1.65,2.34,1.71,2.24,1.67,-1.0,1.84,2.06,1.86,2.05,0,La Liga
2.35,3.4,3.0,2.4,3.25,2.95,2.4,3.4,3.0,2.41,3.42,3.07,2.4,3.3,3.0,2.46,3.47,3.12,2.46,3.47,3.12,2.4,3.38,3.02,1.97,1.93,1.94,1.94,1.98,1.99,1.93,1.9,-0.25,2.06,1.84,2.08,1.84,0,La Liga
2.0,3.2,4.1,2.05,3.3,3.8,2.0,3.3,4.1,2.05,3.37,4.12,2.0,3.3,4.0,2.09,3.41,4.11,2.09,3.41,4.2,2.03,3.32,4.02,2.2,1.67,2.31,1.68,2.34,1.71,2.25,1.67,-0.5,2.06,1.87,2.06,1.88,1,La Liga
2.8,3.25,2.63,2.85,3.2,2.55,2.8,3.1,2.63,2.87,3.23,2.71,2.88,3.1,2.62,2.92,3.31,2.7,2.92,3.31,2.75,2.83,3.21,2.65,2.2,1.67,2.22,1.73,2.25,1.75,2.18,1.71,0.0,2.03,1.9,2.02,1.9,0,La Liga
1.85,3.3,4.5,1.82,3.4,4.6,1.9,3.4,4.6,1.89,3.47,4.57,1.85,3.4,4.6,1.92,3.57,4.67,1.93,3.57,4.7,1.88,3.44,4.48,2.3,1.62,2.37,1.63,2.45,1.68,2.34,1.62,-0.5,1.91,2.02,1.9,2.0,0,La Liga
4.75,3.8,1.73,4.75,3.75,1.73,4.75,3.8,1.75,4.89,3.85,1.75,4.6,3.9,1.73,4.78,4.05,1.79,5.0,4.05,1.79,4.76,3.87,1.74,1.85,2.05,1.85,2.05,1.88,2.07,1.82,2.02,0.75,1.94,1.99,1.93,1.97,0,La Liga
1.57,3.75,7.0,1.58,3.7,6.5,1.57,3.75,7.0,1.61,3.72,6.8,1.6,3.7,6.5,1.64,3.91,6.62,1.64,3.95,7.0,1.59,3.74,6.63,2.3,1.62,2.41,1.61,2.44,1.65,2.34,1.61,-1.0,2.1,1.83,2.12,1.78,0,La Liga
8.0,4.2,1.45,7.0,4.33,1.47,7.5,4.5,1.44,7.77,4.43,1.46,7.5,4.2,1.5,7.7,4.57,1.5,8.0,4.57,1.5,7.33,4.34,1.47,1.95,1.95,1.93,1.96,2.0,1.97,1.92,1.91,1.0,2.05,1.75,2.14,1.77,0,La Liga
2.38,3.0,3.4,2.35,3.1,3.2,2.3,3.1,3.4,2.39,3.07,3.47,2.38,3.1,3.25,2.43,3.21,3.43,2.43,3.21,3.52,2.36,3.1,3.34,2.3,1.62,2.41,1.62,2.43,1.66,2.33,1.61,-0.25,2.05,1.88,2.02,1.88,1,La Liga
3.3,3.7,2.1,3.2,3.7,2.15,3.4,3.6,2.1,3.43,3.68,2.12,3.3,3.6,2.15,3.49,3.74,2.17,3.49,3.8,2.17,3.33,3.67,2.12,1.73,2.1,1.68,2.27,1.76,2.27,1.7,2.19,0.25,2.06,1.87,2.07,1.85,0,La Liga
2.1,3.4,3.6,2.1,3.25,3.6,2.1,3.3,3.7,2.17,3.37,3.71,2.1,3.3,3.75,2.18,3.43,3.78,2.18,3.43,3.78,2.12,3.35,3.65,2.1,1.73,2.21,1.74,2.22,1.77,2.14,1.73,-0.25,1.85,2.05,1.86,2.07,1,La Liga
2.4,3.6,2.8,2.37,3.5,2.85,2.4,3.5,2.88,2.45,3.59,2.93,2.38,3.5,2.9,2.46,3.75,2.93,2.47,3.75,3.0,2.4,3.55,2.88,1.73,2.1,1.76,2.17,1.79,2.2,1.74,2.12,-0.25,2.05,1.75,2.13,1.82,0,La Liga
2.45,3.1,3.1,2.4,2.95,3.25,2.5,2.9,3.3,2.52,3.02,3.28,2.45,3.1,3.1,2.53,3.21,3.25,2.54,3.21,3.31,2.47,3.01,3.22,2.75,1.44,2.78,1.48,2.8,1.5,2.68,1.47,-0.25,2.13,1.78,2.13,1.81,1,La Liga
1.62,4.2,5.0,1.63,4.0,5.0,1.62,4.2,5.0,1.63,4.22,5.34,1.62,4.0,5.5,1.67,4.37,5.29,1.67,4.37,5.4,1.64,4.18,5.05,1.67,2.2,1.71,2.21,1.77,2.24,1.71,2.16,-1.0,2.08,1.82,2.09,1.83,1,La Liga
3.9,3.2,2.05,3.75,3.1,2.15,4.1,3.1,2.1,4.18,3.12,2.11,3.9,3.2,2.1,4.15,3.32,2.11,4.3,3.32,2.16,4.0,3.13,2.1,2.63,1.5,2.75,1.49,2.79,1.5,2.64,1.48,0.25,2.05,1.75,2.14,1.78,0,La Liga
2.45,3.0,3.2,2.4,3.0,3.2,2.55,2.88,3.3,2.53,2.93,3.38,2.5,2.88,3.3,2.59,2.98,3.41,2.59,3.0,3.41,2.5,2.93,3.27,2.75,1.44,2.89,1.45,2.9,1.47,2.77,1.45,-0.25,2.11,1.79,2.12,1.81,0,La Liga
1.18,7.5,15.0,1.18,7.75,14.0,1.17,8.0,16.0,1.17,8.51,16.25,1.17,7.5,17.0,1.2,8.35,16.5,1.2,9.0,18.0,1.17,7.96,15.17,1.4,3.0,1.41,3.03,1.43,3.15,1.39,2.96,-2.0,1.88,2.02,1.88,2.03,1,La Liga
2.25,3.0,3.6,2.3,2.95,3.5,2.3,2.88,3.8,2.33,3.0,3.78,2.3,2.9,3.7,2.36,3.05,3.78,2.36,3.1,3.83,2.29,2.99,3.64,2.75,1.44,2.82,1.48,2.82,1.5,2.69,1.46,-0.25,1.93,1.97,1.96,1.96,1,La Liga
2.38,3.1,3.25,2.4,3.1,3.1,2.4,3.0,3.4,2.44,3.14,3.28,2.38,3.2,3.25,2.44,3.33,3.29,2.46,3.33,3.4,2.4,3.12,3.21,2.38,1.57,2.49,1.58,2.49,1.64,2.39,1.59,-0.25,2.05,1.85,2.08,1.84,0,La Liga
1.6,4.1,5.5,1.62,4.2,5.0,1.57,4.4,5.5,1.6,4.35,5.47,1.6,4.2,5.5,1.66,4.45,5.33,1.66,4.45,5.6,1.6,4.27,5.31,1.62,2.3,1.63,2.37,1.68,2.38,1.63,2.31,-1.0,2.02,1.88,2.02,1.88,1,La Liga
1.91,3.4,3.8,1.93,3.5,3.9,1.95,3.5,4.0,1.94,3.46,3.76,2.0,3.5,3.8,2.04,3.75,3.89,2.04,3.75,4.25,1.96,3.56,3.82,1.98,1.92,1.92,1.87,2.0,1.96,1.93,1.88,-0.5,2.0,1.9,1.95,1.85,1,La Liga
2.38,3.1,3.25,2.35,3.1,3.25,2.4,3.1,3.3,2.47,3.11,3.33,2.38,3.1,3.25,2.47,3.27,3.29,2.49,3.27,3.35,2.41,3.11,3.26,2.5,1.53,2.61,1.55,2.62,1.58,2.52,1.53,-0.25,2.07,1.86,2.09,1.85,0,La Liga
5.25,3.8,1.62,5.25,3.8,1.66,5.0,3.9,1.67,5.7,4.07,1.64,5.5,3.8,1.67,5.23,4.09,1.73,5.7,4.1,1.73,5.33,3.95,1.66,1.91,1.99,1.9,2.0,1.94,2.0,1.88,1.95,0.75,2.11,1.82,2.12,1.83,0,La Liga
1.62,3.9,5.75,1.61,3.8,5.75,1.6,3.9,6.5,1.63,3.91,5.96,1.6,3.8,6.0,1.65,4.03,6.16,1.65,4.03,6.5,1.62,3.89,5.91,2.1,1.73,2.2,1.73,2.22,1.79,2.15,1.73,-0.75,1.82,2.11,1.82,2.11,1,La Liga
2.3,3.0,3.6,2.25,3.0,3.5,2.3,2.9,3.75,2.34,3.02,3.64,2.3,3.0,3.6,2.35,3.16,3.65,2.36,3.16,3.75,2.32,3.01,3.58,2.63,1.5,2.75,1.49,2.75,1.51,2.65,1.49,-0.25,1.97,1.96,1.97,1.93,0,La Liga
1.3,5.25,11.0,1.32,5.25,9.75,1.29,5.5,12.0,1.29,5.48,12.02,1.3,5.0,12.0,1.33,5.67,11.4,1.33,5.7,12.02,1.3,5.42,11.24,1.8,2.0,1.84,2.06,1.87,2.09,1.8,2.02,-1.5,1.95,1.98,1.96,1.94,0,La Liga
1.7,3.5,5.75,1.68,3.6,5.5,1.67,3.5,6.0,1.71,3.58,5.78,1.7,3.5,5.8,1.75,3.7,5.8,1.75,3.7,6.0,1.71,3.57,5.64,2.5,1.53,2.51,1.57,2.55,1.61,2.48,1.55,-0.75,1.95,1.98,1.94,1.96,0,La Liga
1.7,4.0,4.33,1.68,4.0,4.75,1.73,3.9,4.75,1.76,4.0,4.57,1.75,3.8,4.6,1.79,4.09,4.73,1.79,4.09,4.75,1.73,3.94,4.53,1.8,2.0,1.81,2.09,1.85,2.2,1.77,2.06,-0.75,2.0,1.93,1.98,1.93,1,La Liga
8.0,5.0,1.38,7.25,4.8,1.4,8.5,5.0,1.36,8.1,5.27,1.38,8.0,5.0,1.4,8.1,5.34,1.42,8.5,5.4,1.42,8.01,5.09,1.38,1.57,2.38,1.57,2.51,1.58,2.5,1.56,2.42,1.25,2.03,1.78,2.08,1.82,0,La Liga
1.25,6.25,10.0,1.24,6.5,11.5,1.22,7.0,12.0,1.25,6.39,11.82,1.25,6.0,12.0,1.28,6.74,12.1,1.28,7.0,13.0,1.25,6.45,11.72,1.44,2.75,1.48,2.71,1.49,2.8,1.46,2.72,-1.75,1.92,1.98,1.93,1.95,1,La Liga
3.0,3.3,2.38,3.0,3.3,2.37,3.0,3.3,2.45,3.05,3.35,2.46,3.0,3.3,2.4,3.12,3.51,2.44,3.12,3.51,2.49,3.01,3.34,2.43,2.0,1.8,2.09,1.8,2.14,1.84,2.06,1.78,0.25,1.81,2.09,1.81,2.11,0,La Liga
2.8,3.0,2.8,2.8,3.0,2.7,2.75,3.0,2.88,2.8,3.01,2.92,2.75,3.1,2.75,2.84,3.16,2.89,2.84,3.16,2.94,2.78,3.03,2.84,2.63,1.5,2.73,1.5,2.73,1.52,2.66,1.49,0.0,1.92,1.98,1.91,1.99,1,La Liga
2.5,3.0,3.2,2.5,2.87,3.2,2.55,2.88,3.25,2.6,2.89,3.32,2.5,2.8,3.4,2.67,2.89,3.39,2.67,3.0,3.45,2.56,2.9,3.27,2.75,1.44,2.92,1.45,2.92,1.47,2.79,1.44,-0.25,2.13,1.78,2.17,1.77,0,La Liga
2.8,3.4,2.45,2.85,3.4,2.4,2.8,3.4,2.55,2.81,3.41,2.61,2.88,3.5,2.4,2.91,3.68,2.51,2.92,3.68,2.61,2.84,3.45,2.49,1.84,2.06,1.88,2.01,1.9,2.07,1.84,1.99,0.0,2.05,1.85,2.03,1.88,0,La Liga
1.95,3.4,4.0,1.98,3.25,4.0,1.95,3.3,4.33,1.94,3.38,4.45,1.95,3.3,4.2,2.0,3.52,4.32,2.01,3.52,4.5,1.96,3.35,4.25,2.3,1.62,2.37,1.64,2.4,1.67,2.34,1.62,-0.5,1.98,1.92,1.95,1.95,1,La Liga
2.45,3.25,3.0,2.35,3.25,3.1,2.45,3.3,3.0,2.51,3.31,3.0,2.45,3.3,3.0,2.52,3.47,3.03,2.54,3.47,3.1,2.46,3.31,2.99,2.1,1.73,2.14,1.76,2.17,1.81,2.1,1.76,-0.25,2.11,1.79,2.15,1.78,1,La Liga
2.35,3.8,2.75,2.3,3.6,2.85,2.4,3.6,2.8,2.42,3.8,2.8,2.3,3.7,2.9,2.44,3.8,2.92,2.44,3.88,2.92,2.37,3.73,2.82,1.67,2.2,1.71,2.23,1.74,2.31,1.68,2.22,-0.25,2.09,1.81,2.12,1.79,0,La Liga
3.5,2.9,2.38,3.4,2.87,2.37,3.5,2.88,2.45,3.59,2.87,2.46,3.6,2.8,2.4,3.7,2.84,2.55,3.7,2.95,2.55,3.52,2.87,2.43,3.0,1.4,3.16,1.38,3.16,1.42,2.98,1.4,0.25,1.86,2.04,1.85,2.06,0,La Liga
1.29,5.75,9.5,1.28,5.75,10.0,1.25,6.0,10.5,1.29,5.97,9.9,1.29,5.8,11.0,1.31,6.15,10.9,1.31,6.3,11.0,1.29,5.91,10.17,1.53,2.5,1.55,2.54,1.57,2.57,1.53,2.49,-1.75,2.05,1.85,2.06,1.84,1,La Liga
1.62,3.7,6.25,1.65,3.6,5.75,1.67,3.6,6.0,1.63,3.76,6.37,1.65,3.6,6.0,1.71,3.85,5.91,1.71,3.86,6.5,1.65,3.72,6.06,2.3,1.62,2.34,1.64,2.42,1.68,2.33,1.62,-0.75,1.81,2.09,1.83,2.08,1,La Liga
2.45,3.4,2.88,2.45,3.3,2.87,2.55,3.25,2.9,2.5,3.21,3.07,2.5,3.3,2.88,2.6,3.44,2.94,2.6,3.44,3.12,2.5,3.27,2.96,2.1,1.73,2.16,1.74,2.19,1.79,2.11,1.75,0.0,1.8,2.1,1.75,2.16,0,La Liga
2.63,3.2,2.8,2.65,3.1,2.8,2.7,3.1,2.88,2.75,3.04,2.91,2.75,3.0,2.8,2.79,3.21,2.9,2.79,3.21,2.97,2.72,3.07,2.87,2.63,1.5,2.66,1.51,2.67,1.54,2.59,1.51,0.0,1.89,2.01,1.88,2.0,1,La Liga
2.2,3.0,3.7,2.2,3.1,3.5,2.3,3.0,3.6,2.24,3.1,3.72,2.2,3.1,3.7,2.28,3.27,3.7,2.3,3.27,3.82,2.24,3.09,3.66,2.63,1.5,2.7,1.5,2.71,1.53,2.62,1.5,-0.25,1.84,1.94,1.89,1.99,1,La Liga
4.75,3.9,1.67,4.8,3.75,1.72,5.0,3.9,1.67,5.32,3.82,1.69,5.0,3.7,1.7,5.23,3.98,1.75,5.5,4.01,1.75,5.07,3.87,1.7,2.0,1.9,2.0,1.87,2.03,1.93,1.96,1.87,0.75,1.98,1.92,1.97,1.91,0,La Liga
1.67,3.75,5.5,1.68,3.9,5.0,1.65,4.0,5.0,1.68,4.03,5.11,1.67,3.9,5.0,1.72,4.16,5.19,1.72,4.16,5.5,1.68,3.97,5.06,1.85,2.05,1.83,2.05,1.88,2.07,1.82,2.01,-0.75,1.87,2.03,1.86,2.02,1,La Liga
4.2,3.8,1.8,3.8,3.9,1.85,4.2,3.9,1.8,4.2,3.93,1.83,3.9,3.9,1.85,3.98,4.21,1.9,4.3,4.21,1.9,4.05,3.97,1.84,1.53,2.5,1.54,2.56,1.55,2.63,1.52,2.53,0.5,2.03,1.78,2.06,1.83,0,La Liga
3.8,3.4,2.0,3.75,3.4,2.0,3.9,3.3,2.0,3.9,3.39,2.05,3.75,3.4,2.05,3.88,3.6,2.09,4.05,3.6,2.1,3.8,3.43,2.04,2.1,1.73,2.14,1.75,2.19,1.81,2.1,1.76,0.5,1.87,2.03,1.83,2.06,0,La Liga
1.33,4.5,11.0,1.34,5.0,9.75,1.33,5.0,11.0,1.34,5.1,9.9,1.35,4.75,10.0,1.39,5.15,10.0,1.39,5.3,11.0,1.35,4.98,9.83,1.92,1.98,1.92,1.95,1.95,1.99,1.89,1.94,-1.5,2.08,1.82,2.08,1.8,1,La Liga
2.05,3.1,4.0,2.15,3.1,3.7,2.15,3.1,3.8,2.08,3.18,4.13,2.1,3.2,3.9,2.17,3.33,3.95,2.17,3.33,4.2,2.1,3.17,3.95,2.63,1.5,2.63,1.52,2.66,1.54,2.57,1.51,-0.25,1.73,2.08,1.76,2.14,1,La Liga
2.9,2.75,3.0,2.8,2.75,2.9,2.8,2.75,3.0,2.94,2.81,3.02,2.8,2.88,2.88,2.94,2.99,2.94,3.03,2.99,3.02,2.88,2.81,2.93,3.2,1.36,3.21,1.38,3.3,1.45,3.04,1.38,0.0,1.92,1.98,1.93,1.98,1,La Liga
1.91,3.0,5.0,2.0,3.0,4.5,1.95,3.0,4.75,1.96,3.15,4.84,2.0,3.0,4.75,2.05,3.07,4.98,2.06,3.21,5.0,1.98,3.08,4.64,3.0,1.4,3.01,1.42,3.01,1.44,2.89,1.42,-0.5,1.98,1.92,1.97,1.93,1,La Liga
3.75,3.2,2.05,4.0,3.1,2.05,4.0,3.2,2.1,4.26,3.16,2.07,3.9,3.2,2.1,4.06,3.37,2.12,4.34,3.37,2.13,4.03,3.17,2.07,2.5,1.53,2.58,1.55,2.6,1.59,2.5,1.54,0.25,2.09,1.81,2.1,1.83,0,La Liga
2.15,3.1,3.7,2.15,3.2,3.5,2.2,3.2,3.7,2.2,3.3,3.7,2.2,3.2,3.6,2.21,3.39,3.74,2.21,3.39,3.8,2.18,3.26,3.63,2.2,1.67,2.28,1.69,2.31,1.74,2.23,1.68,-0.25,1.88,2.05,1.88,2.04,1,La Liga
3.9,3.0,2.2,3.6,3.1,2.15,3.9,3.0,2.2,3.87,3.03,2.24,3.9,3.0,2.15,3.82,3.33,2.21,3.9,3.33,2.27,3.79,3.07,2.19,2.63,1.5,2.64,1.53,2.66,1.59,2.57,1.52,0.25,2.02,1.88,2.01,1.89,0,La Liga
1.9,3.4,4.2,1.93,3.4,4.1,1.91,3.4,4.6,1.92,3.43,4.51,1.91,3.5,4.2,1.94,3.64,4.45,1.95,3.64,4.6,1.92,3.44,4.33,2.2,1.67,2.25,1.7,2.27,1.74,2.21,1.69,-0.5,1.92,1.98,1.93,1.98,1,La Liga
2.88,3.3,2.5,2.8,3.4,2.5,2.88,3.3,2.5,2.96,3.33,2.53,2.9,3.4,2.45,2.98,3.52,2.53,3.01,3.52,2.56,2.89,3.35,2.51,2.07,1.83,2.07,1.83,2.1,1.87,2.03,1.81,0.0,2.08,1.82,2.12,1.81,1,La Liga
1.17,7.0,19.0,1.17,8.0,15.5,1.15,8.0,18.0,1.17,8.33,15.46,1.15,8.0,17.0,1.18,8.9,18.0,1.18,8.9,19.0,1.16,8.07,16.79,1.4,3.0,1.41,2.99,1.44,3.15,1.4,2.94,-2.25,2.04,1.86,2.06,1.84,1,La Liga
2.05,2.8,4.75,2.05,2.85,4.5,2.1,2.8,4.75,2.07,2.81,5.06,2.05,2.9,4.6,2.04,3.1,4.93,2.1,3.1,5.2,2.05,2.88,4.77,3.4,1.33,3.38,1.35,3.4,1.37,3.24,1.34,-0.5,2.06,1.84,2.08,1.83,0,La Liga
1.7,3.7,5.25,1.7,3.9,4.6,1.7,3.9,5.0,1.72,3.99,4.85,1.7,3.9,4.8,1.76,4.16,4.88,1.76,4.16,5.25,1.71,3.96,4.83,1.73,2.1,1.78,2.12,1.82,2.15,1.76,2.09,-0.75,1.91,1.99,1.93,1.97,1,La Liga
3.9,3.9,1.85,3.8,4.0,1.83,3.9,4.0,1.85,3.9,4.05,1.88,3.7,4.2,1.85,3.76,4.37,1.92,3.95,4.37,1.92,3.74,4.09,1.87,1.4,3.0,1.42,2.99,1.42,3.12,1.4,2.94,0.5,2.01,1.89,2.02,1.88,0,La Liga
5.0,3.4,1.8,4.6,3.4,1.82,5.0,3.5,1.75,4.96,3.53,1.81,4.75,3.5,1.8,4.88,3.72,1.85,5.0,3.72,1.85,4.79,3.52,1.81,2.2,1.67,2.26,1.69,2.29,1.74,2.22,1.68,0.75,1.84,2.06,1.83,2.09,0,La Liga
1.85,3.3,4.75,1.9,3.3,4.33,1.91,3.25,4.6,1.88,3.3,4.98,1.85,3.25,5.0,1.91,3.41,5.03,1.91,3.41,5.03,1.89,3.29,4.73,2.5,1.53,2.58,1.55,2.6,1.59,2.51,1.53,-0.5,1.89,2.01,1.89,2.02,0,La Liga
1.65,3.8,5.5,1.66,3.75,5.25,1.67,3.9,5.5,1.67,3.9,5.49,1.7,3.7,5.5,1.71,4.02,5.51,1.71,4.02,5.6,1.68,3.83,5.45,2.04,1.86,2.03,1.86,2.06,1.89,2.0,1.84,-0.75,1.86,2.07,1.87,2.04,1,La Liga
2.0,3.1,4.0,2.05,3.1,4.0,2.05,3.1,4.2,2.09,3.15,4.2,2.05,3.2,4.0,2.11,3.32,4.17,2.12,3.32,4.3,2.08,3.16,4.08,2.63,1.5,2.72,1.5,2.72,1.53,2.63,1.5,-0.5,2.11,1.82,2.1,1.83,0,La Liga
1.2,6.5,13.0,1.19,7.25,14.0,1.18,7.5,17.0,1.18,7.39,16.8,1.18,7.0,17.0,1.2,8.1,17.0,1.2,8.1,19.0,1.19,7.37,16.0,1.5,2.63,1.5,2.65,1.54,2.8,1.48,2.63,-2.0,2.05,1.88,2.03,1.86,1,La Liga
1.73,3.7,4.5,1.77,3.7,4.5,1.75,3.8,5.0,1.76,3.91,4.71,1.75,3.7,4.8,1.79,3.93,4.94,1.8,3.98,5.0,1.76,3.81,4.66,1.99,1.91,1.99,1.9,2.01,1.93,1.95,1.88,-0.75,1.99,1.91,2.0,1.91,0,La Liga
1.25,6.25,10.0,1.25,6.25,11.5,1.22,6.5,13.0,1.23,6.57,13.27,1.22,6.5,13.0,1.24,6.96,14.7,1.26,6.96,14.7,1.23,6.47,12.83,1.57,2.38,1.58,2.45,1.63,2.49,1.59,2.41,-1.75,1.95,1.95,1.95,1.93,1,La Liga
3.25,3.5,2.15,3.3,3.5,2.1,3.4,3.4,2.2,3.45,3.41,2.22,3.4,3.6,2.1,3.44,3.73,2.19,3.5,3.73,2.24,3.38,3.46,2.18,1.86,2.04,1.85,2.05,1.9,2.06,1.84,2.0,0.25,2.0,1.9,1.99,1.92,0,La Liga
3.1,3.1,2.38,3.0,3.2,2.4,3.25,3.2,2.4,3.18,3.3,2.41,3.1,3.25,2.38,3.19,3.44,2.43,3.25,3.44,2.48,3.09,3.25,2.41,2.2,1.67,2.2,1.73,2.28,1.76,2.18,1.69,0.25,1.84,2.06,1.85,2.06,0,La Liga
3.8,3.7,1.91,3.6,3.7,1.95,3.9,3.6,1.95,4.01,3.76,1.93,3.8,3.75,1.91,3.95,3.95,1.96,4.1,3.95,1.98,3.82,3.74,1.94,1.73,2.1,1.74,2.19,1.78,2.21,1.73,2.14,0.5,1.95,1.95,1.97,1.93,0,La Liga
3.0,2.9,2.63,2.9,2.87,2.7,3.0,2.88,2.7,3.11,2.9,2.77,3.0,2.88,2.7,3.11,3.01,2.77,3.12,3.01,2.79,3.03,2.9,2.72,3.0,1.4,3.03,1.41,3.07,1.43,2.9,1.41,0.0,2.06,1.84,2.08,1.85,0,La Liga
2.55,2.88,3.1,2.6,2.8,3.2,2.63,2.8,3.3,2.66,2.78,3.36,2.62,2.75,3.25,2.72,2.86,3.36,2.72,2.88,3.4,2.63,2.8,3.27,3.2,1.36,3.3,1.35,3.3,1.4,3.09,1.36,-0.25,2.15,1.68,2.21,1.75,1,La Liga
1.9,3.0,5.0,1.95,3.1,4.5,1.91,3.1,5.0,1.93,3.18,4.94,1.95,3.1,4.75,1.99,3.23,4.94,2.02,3.23,5.1,1.94,3.14,4.79,3.0,1.4,2.92,1.44,3.0,1.46,2.84,1.42,-0.5,1.92,1.98,1.93,1.96,0,La Liga
1.85,3.25,4.75,1.88,3.25,4.6,1.9,3.25,4.75,1.92,3.33,4.69,1.91,3.25,4.6,1.95,3.4,4.84,1.98,3.4,4.84,1.91,3.29,4.62,2.63,1.5,2.78,1.48,2.82,1.52,2.68,1.48,-0.5,1.91,1.99,1.93,1.98,1,La Liga
7.0,4.5,1.45,6.25,4.75,1.47,6.5,4.6,1.44,6.42,4.78,1.49,6.5,4.6,1.44,6.58,4.94,1.51,7.0,5.0,1.51,6.38,4.76,1.47,1.53,2.5,1.56,2.54,1.57,2.57,1.53,2.5,1.25,1.87,2.03,1.85,2.06,1,La Liga
2.1,3.6,3.25,2.05,3.6,3.4,2.15,3.6,3.3,2.2,3.66,3.26,2.2,3.5,3.25,2.24,3.73,3.34,2.24,3.77,3.4,2.16,3.65,3.26,1.67,2.2,1.7,2.25,1.72,2.35,1.67,2.25,-0.25,1.9,2.0,1.93,1.98,0,La Liga
1.7,3.7,5.0,1.71,3.7,4.8,1.7,3.9,5.0,1.75,3.86,4.91,1.7,3.75,5.0,1.75,3.97,5.2,1.77,3.97,5.2,1.72,3.83,4.9,2.04,1.86,2.05,1.85,2.05,1.91,2.0,1.84,-0.75,1.95,1.95,1.97,1.93,0,La Liga
1.65,3.4,5.75,1.71,3.6,5.0,1.62,3.9,6.0,1.64,3.87,5.91,1.67,3.7,5.5,1.7,3.91,5.86,1.73,3.94,6.0,1.67,3.77,5.58,2.0,1.8,2.07,1.83,2.14,1.85,2.07,1.78,-0.75,1.84,2.06,1.84,2.08,1,La Liga
2.8,3.3,2.5,2.7,3.5,2.45,2.8,3.4,2.5,2.81,3.47,2.57,2.8,3.4,2.5,2.9,3.52,2.59,2.95,3.6,2.61,2.79,3.44,2.52,1.8,2.0,1.82,2.07,1.85,2.16,1.79,2.06,0.0,2.05,1.85,2.05,1.86,0,La Liga
1.45,4.33,6.5,1.49,4.5,6.0,1.44,4.75,6.5,1.47,4.92,6.53,1.5,4.5,6.5,1.51,4.94,6.58,1.52,5.0,6.8,1.48,4.71,6.37,1.53,2.5,1.55,2.55,1.57,2.57,1.54,2.46,-1.25,2.02,1.88,2.01,1.89,1,La Liga
2.9,2.88,2.8,2.9,2.8,2.75,3.0,2.8,2.8,3.08,2.81,2.88,3.0,2.8,2.75,3.13,2.88,2.87,3.13,2.88,2.92,3.0,2.82,2.83,3.2,1.36,3.19,1.38,3.2,1.42,3.01,1.39,0.0,2.02,1.88,2.03,1.9,0,La Liga
3.1,3.0,2.55,3.1,2.9,2.55,3.25,2.88,2.55,3.28,2.91,2.6,3.2,2.88,2.6,3.3,3.01,2.64,3.32,3.01,2.64,3.2,2.92,2.58,2.75,1.44,2.85,1.46,2.85,1.49,2.71,1.46,0.25,1.7,2.1,1.77,2.18,1,La Liga
2.2,2.9,3.9,2.2,2.95,3.8,2.2,2.88,3.9,2.26,2.95,3.96,2.15,3.0,3.9,2.3,3.07,3.94,2.3,3.07,4.09,2.23,2.95,3.87,3.2,1.36,3.2,1.38,3.2,1.41,3.03,1.38,-0.25,1.89,2.01,1.9,2.01,0,La Liga
3.1,3.5,2.25,3.0,3.5,2.25,3.2,3.5,2.25,3.14,3.6,2.29,3.1,3.6,2.2,3.22,3.75,2.29,3.22,3.75,2.31,3.12,3.58,2.26,1.73,2.1,1.78,2.13,1.81,2.16,1.76,2.1,0.25,1.92,1.98,1.92,1.99,0,La Liga
3.1,3.0,2.5,2.95,3.1,2.5,3.3,3.0,2.5,3.19,3.01,2.58,3.2,2.9,2.6,3.25,3.06,2.63,3.3,3.1,2.63,3.13,3.01,2.56,2.63,1.5,2.68,1.52,2.68,1.59,2.58,1.51,0.25,1.78,2.13,1.77,2.18,0,La Liga
1.27,6.25,8.5,1.26,6.5,9.5,1.25,6.5,10.5,1.27,6.65,9.54,1.29,6.0,10.0,1.3,6.81,10.2,1.3,7.0,10.5,1.27,6.6,9.69,1.33,3.4,1.33,3.4,1.35,3.6,1.31,3.42,-1.75,1.9,2.0,1.9,1.99,1,La Liga
2.35,3.3,3.1,2.35,3.25,3.1,2.45,3.2,3.1,2.44,3.28,3.14,2.4,3.2,3.1,2.49,3.33,3.19,2.49,3.33,3.19,2.42,3.27,3.1,2.04,1.86,2.04,1.86,2.06,1.89,2.01,1.83,-0.25,2.08,1.82,2.09,1.83,1,La Liga
5.25,4.5,1.57,5.25,4.33,1.58,5.5,4.5,1.57,5.69,4.39,1.58,5.8,4.2,1.57,5.7,4.53,1.62,5.8,4.53,1.62,5.5,4.4,1.57,1.62,2.3,1.65,2.32,1.7,2.35,1.64,2.29,1.0,1.93,1.97,1.93,1.97,0,La Liga
2.45,3.2,3.0,2.5,3.25,2.85,2.55,3.1,3.0,2.57,3.17,3.05,2.6,3.25,2.88,2.56,3.42,3.01,2.6,3.42,3.08,2.52,3.21,2.97,2.1,1.73,2.21,1.72,2.24,1.76,2.16,1.71,0.0,1.7,2.1,1.79,2.14,1,La Liga
3.3,3.2,2.3,3.3,3.1,2.3,3.3,3.1,2.38,3.35,3.16,2.39,3.3,3.2,2.3,3.36,3.35,2.39,3.45,3.35,2.41,3.31,3.16,2.35,2.38,1.57,2.48,1.59,2.63,1.65,2.42,1.57,0.25,1.89,2.01,1.88,2.04,0,La Liga
1.62,3.9,5.75,1.63,3.7,5.75,1.62,3.8,5.5,1.65,3.91,5.96,1.67,3.6,5.8,1.69,3.89,6.02,1.69,3.95,6.1,1.65,3.82,5.82,2.1,1.73,2.18,1.75,2.21,1.78,2.15,1.72,-0.75,1.75,2.03,1.84,2.1,0,La Liga
1.45,4.2,7.5,1.49,4.2,7.0,1.44,4.33,8.5,1.44,4.3,8.97,1.44,4.2,8.0,1.5,4.58,7.6,1.5,4.58,9.5,1.46,4.32,7.98,1.95,1.95,1.93,1.95,2.0,1.96,1.93,1.9,-1.25,2.08,1.82,2.12,1.81,1,La Liga
2.5,3.4,2.7,2.55,3.25,2.8,2.55,3.3,2.88,2.6,3.28,2.91,2.62,3.25,2.75,2.67,3.44,2.86,2.67,3.44,2.95,2.58,3.3,2.83,2.1,1.73,2.19,1.74,2.21,1.78,2.14,1.73,0.0,1.78,2.0,1.85,2.07,0,La Liga
2.4,3.4,2.88,2.4,3.25,2.95,2.55,3.25,2.88,2.57,3.29,2.94,2.5,3.25,2.9,2.61,3.4,2.96,2.61,3.4,3.0,2.51,3.29,2.93,2.2,1.67,2.25,1.7,2.33,1.73,2.23,1.67,0.0,1.75,2.03,1.83,2.09,0,La Liga
4.75,4.5,1.6,5.0,4.2,1.62,5.0,4.33,1.6,5.62,4.38,1.58,5.5,4.2,1.6,5.71,4.37,1.64,5.71,4.5,1.64,5.24,4.37,1.61,1.62,2.3,1.62,2.39,1.68,2.41,1.62,2.33,1.0,1.86,2.04,1.88,2.03,0,La Liga
2.05,3.1,4.0,2.05,3.0,4.1,2.1,3.1,4.1,2.13,3.06,4.2,2.1,3.0,4.2,2.17,3.17,4.17,2.17,3.2,4.3,2.1,3.07,4.08,2.75,1.44,2.9,1.45,2.9,1.48,2.79,1.44,-0.5,2.04,1.74,2.13,1.79,1,La Liga
1.33,4.75,10.0,1.35,4.8,9.5,1.33,5.0,10.5,1.33,5.17,11.01,1.35,4.75,10.0,1.37,5.15,10.6,1.37,5.2,11.01,1.33,4.96,10.5,2.02,1.88,2.01,1.88,2.08,1.91,1.99,1.84,-1.25,1.76,2.02,1.82,2.1,1,La Liga
1.67,3.8,5.0,1.73,3.7,4.75,1.75,3.6,4.75,1.71,3.88,5.1,1.73,3.7,5.0,1.77,3.91,5.14,1.8,3.92,5.14,1.73,3.77,4.9,2.0,1.8,2.07,1.81,2.1,1.85,2.04,1.79,-0.75,1.92,1.98,1.93,1.96,0,La Liga
1.3,5.75,8.0,1.3,5.75,9.0,1.3,6.5,8.5,1.32,5.87,9.2,1.3,5.5,9.5,1.34,6.07,9.5,1.34,6.5,10.0,1.31,5.81,8.96,1.44,2.75,1.46,2.8,1.46,2.9,1.43,2.72,-1.5,1.86,2.04,1.88,2.04,1,La Liga
1.62,3.8,5.5,1.62,3.7,6.0,1.75,3.5,5.0,1.63,3.79,6.22,1.6,3.7,6.5,1.69,3.89,6.02,1.75,3.89,6.5,1.65,3.71,5.85,2.2,1.67,2.29,1.67,2.38,1.71,2.28,1.64,-0.75,1.75,2.03,1.83,2.09,0,La Liga
3.0,3.25,2.4,3.0,3.2,2.45,3.2,3.2,2.4,3.23,3.2,2.47,3.2,3.1,2.4,3.38,3.31,2.4,3.38,3.31,2.49,3.17,3.21,2.42,2.3,1.62,2.34,1.66,2.36,1.7,2.26,1.66,0.25,1.82,2.08,1.84,2.1,0,La Liga
3.5,3.75,2.0,3.5,3.6,2.0,3.5,3.7,2.0,3.69,3.67,2.04,3.7,3.6,2.0,3.91,3.86,2.0,3.91,3.86,2.07,3.61,3.68,2.02,1.73,2.1,1.74,2.19,1.78,2.27,1.72,2.16,0.5,1.86,2.04,1.87,2.05,0,La Liga
2.25,3.1,3.5,2.25,3.1,3.4,2.25,2.75,3.7,2.26,3.1,3.74,2.3,3.0,3.5,2.34,3.17,3.68,2.34,3.2,3.85,2.26,3.09,3.6,2.5,1.53,2.57,1.55,2.57,1.6,2.49,1.55,-0.25,1.95,1.95,1.92,1.99,1,La Liga
2.88,3.4,2.45,2.85,3.3,2.45,2.88,3.4,2.5,2.95,3.45,2.48,2.88,3.4,2.45,2.93,3.5,2.57,2.95,3.55,2.57,2.87,3.42,2.49,2.0,1.9,1.99,1.89,2.01,1.94,1.96,1.87,0.0,2.09,1.81,2.14,1.79,1,La Liga
2.0,4.1,3.25,2.05,3.9,3.25,2.05,3.9,3.3,2.04,4.09,3.35,2.1,3.9,3.2,2.09,4.27,3.31,2.1,4.27,3.4,2.04,4.04,3.29,1.4,3.0,1.43,2.96,1.43,3.07,1.41,2.92,-0.5,2.04,1.86,2.04,1.87,0,La Liga
3.25,3.25,2.3,3.1,3.2,2.4,3.4,3.1,2.3,3.35,3.19,2.37,3.25,3.1,2.38,3.37,3.23,2.44,3.4,3.25,2.44,3.28,3.18,2.36,2.3,1.62,2.39,1.63,2.41,1.67,2.34,1.61,0.25,1.88,2.02,1.88,2.02,1,La Liga
2.1,3.1,3.8,2.2,2.9,3.9,2.15,2.9,4.0,2.19,2.91,4.28,2.25,2.8,4.0,2.33,2.99,3.99,2.33,3.1,4.3,2.19,2.93,4.02,3.2,1.36,3.28,1.36,3.28,1.4,3.07,1.37,-0.25,1.76,2.02,1.83,2.09,0,La Liga
3.1,3.4,2.3,3.1,3.2,2.37,3.25,3.2,2.4,3.26,3.25,2.39,3.25,3.1,2.38,3.31,3.29,2.44,3.31,3.4,2.44,3.19,3.22,2.37,2.2,1.67,2.27,1.68,2.38,1.71,2.26,1.64,0.25,1.87,2.03,1.87,2.05,1,La Liga
1.75,3.6,5.0,1.83,3.5,4.5,1.8,3.6,4.75,1.79,3.7,4.79,1.8,3.5,4.8,1.82,3.73,5.04,1.84,3.75,5.04,1.79,3.63,4.69,2.2,1.67,2.28,1.68,2.33,1.72,2.25,1.66,-0.75,2.05,1.85,2.05,1.86,0,La Liga
2.9,3.1,2.55,3.0,2.95,2.55,3.1,2.9,2.63,3.04,2.93,2.76,3.0,3.0,2.6,3.13,3.09,2.69,3.13,3.1,2.76,3.0,2.98,2.64,2.63,1.5,2.67,1.52,2.67,1.58,2.57,1.52,0.0,2.06,1.84,2.05,1.86,0,La Liga
2.25,3.0,3.4,2.35,2.95,3.4,2.4,2.9,3.5,2.41,2.97,3.62,2.3,3.0,3.6,2.47,2.99,3.63,2.47,3.05,3.65,2.38,2.97,3.5,2.63,1.5,2.77,1.49,2.77,1.51,2.65,1.47,-0.25,2.01,1.89,2.03,1.9,1,La Liga
1.6,3.7,6.25,1.63,3.75,5.75,1.62,3.8,6.0,1.63,3.8,6.23,1.62,3.75,6.0,1.67,4.01,6.01,1.67,4.01,6.5,1.63,3.79,6.02,2.1,1.73,2.14,1.76,2.23,1.79,2.15,1.73,-0.75,1.8,2.1,1.83,2.1,1,La Liga
1.7,3.5,5.5,1.68,3.6,5.25,1.67,3.5,5.5,1.71,3.66,5.56,1.7,3.6,5.5,1.75,3.81,5.5,1.78,3.81,5.8,1.71,3.64,5.43,2.2,1.67,2.27,1.68,2.29,1.73,2.23,1.67,-0.75,1.95,1.95,1.94,1.96,1,La Liga
1.27,6.0,9.5,1.27,6.0,10.0,1.25,6.0,11.0,1.27,6.17,11.24,1.25,6.0,12.0,1.29,6.44,12.1,1.29,6.44,12.1,1.27,5.92,11.1,1.62,2.3,1.67,2.3,1.7,2.34,1.63,2.27,-1.5,1.84,2.06,1.84,2.07,1,La Liga
2.9,3.0,2.63,2.8,3.1,2.65,3.0,3.0,2.63,3.01,3.02,2.7,2.9,3.1,2.6,3.04,3.22,2.67,3.04,3.22,2.7,2.94,3.05,2.64,2.5,1.53,2.59,1.54,2.65,1.58,2.48,1.53,0.0,2.06,1.84,2.07,1.85,0,La Liga
1.91,3.5,4.0,1.9,3.4,4.1,1.91,3.5,4.1,1.93,3.56,4.26,1.95,3.5,4.0,1.98,3.67,4.22,1.98,3.67,4.3,1.93,3.5,4.09,2.1,1.73,2.13,1.76,2.17,1.8,2.11,1.75,-0.5,1.95,1.95,1.93,1.97,0,La Liga
1.95,3.2,4.5,1.98,3.2,4.1,1.95,3.3,4.5,1.98,3.27,4.45,1.95,3.3,4.33,2.0,3.45,4.46,2.0,3.45,4.5,1.96,3.27,4.36,2.5,1.53,2.53,1.56,2.54,1.61,2.46,1.55,-0.5,1.99,1.91,1.99,1.91,1,La Liga
1.83,3.4,4.5,1.85,3.5,4.4,1.85,3.4,4.75,1.88,3.44,4.83,1.85,3.5,4.4,1.91,3.65,4.63,1.96,3.65,4.83,1.88,3.43,4.56,2.2,1.67,2.31,1.67,2.33,1.73,2.26,1.66,-0.5,1.88,2.02,1.9,2.03,0,La Liga
1.2,7.0,13.0,1.19,7.5,14.5,1.2,7.5,14.0,1.19,7.58,13.77,1.18,7.0,15.0,1.21,7.95,15.5,1.21,8.0,16.0,1.19,7.32,13.91,1.48,2.6,1.46,2.76,1.5,2.79,1.46,2.68,-2.0,1.95,1.95,1.95,1.93,1,La Liga
1.62,4.0,5.5,1.63,4.0,5.0,1.62,4.1,5.5,1.64,4.16,5.34,1.62,4.0,5.5,1.69,4.27,5.3,1.69,4.33,5.5,1.63,4.14,5.27,1.73,2.1,1.76,2.14,1.8,2.17,1.73,2.12,-1.0,2.05,1.75,2.11,1.79,1,La Liga
2.88,3.2,2.55,2.9,3.0,2.6,2.88,3.0,2.7,2.97,3.03,2.73,2.9,3.1,2.6,3.0,3.23,2.69,3.01,3.23,2.75,2.92,3.06,2.66,2.4,1.53,2.58,1.55,2.7,1.59,2.51,1.54,0.0,2.05,1.85,2.04,1.87,1,La Liga
1.95,3.4,4.0,1.98,3.5,3.75,2.0,3.4,4.0,2.01,3.6,3.85,1.95,3.6,3.8,2.02,3.83,3.86,2.05,3.83,4.0,2.0,3.54,3.77,1.87,2.03,1.85,2.05,1.89,2.06,1.84,1.99,-0.5,2.02,1.88,2.02,1.88,0,La Liga
3.6,3.1,2.2,3.75,3.1,2.15,3.75,3.0,2.25,3.88,2.95,2.29,3.7,3.1,2.2,3.79,3.25,2.26,3.9,3.25,2.3,3.74,3.02,2.24,2.63,1.5,2.67,1.52,2.79,1.52,2.64,1.47,0.25,2.0,1.9,1.98,1.93,0,La Liga
2.45,3.2,3.0,2.45,3.1,3.1,2.4,3.0,3.3,2.49,3.12,3.22,2.45,3.0,3.2,2.43,3.24,3.39,2.52,3.24,3.39,2.46,3.1,3.15,2.63,1.5,2.73,1.5,2.73,1.52,2.62,1.5,-0.25,2.1,1.8,2.12,1.81,0,La Liga
4.5,3.4,1.85,4.6,3.4,1.83,4.6,3.3,1.91,4.84,3.4,1.87,4.5,3.5,1.83,4.58,3.68,1.9,4.9,3.68,1.97,4.53,3.42,1.87,2.2,1.67,2.24,1.7,2.27,1.76,2.22,1.68,0.5,2.01,1.89,2.03,1.88,0,La Liga
4.75,4.1,1.65,4.8,4.1,1.66,4.75,4.0,1.7,4.9,4.1,1.7,4.8,4.2,1.67,4.88,4.32,1.73,5.0,4.32,1.73,4.75,4.1,1.68,1.62,2.3,1.65,2.34,1.69,2.45,1.62,2.31,0.75,2.03,1.87,2.02,1.89,1,La Liga
1.65,3.4,6.5,1.68,3.4,6.25,1.67,3.4,6.5,1.68,3.47,6.79,1.65,3.3,6.5,1.72,3.54,6.64,1.72,3.62,7.6,1.67,3.44,6.48,2.75,1.44,2.86,1.47,2.9,1.48,2.75,1.45,-0.75,1.89,2.01,1.91,2.02,1,La Liga
3.0,3.0,2.6,2.95,3.0,2.55,3.0,3.0,2.7,2.98,3.09,2.67,2.9,3.0,2.6,3.06,3.17,2.68,3.06,3.17,2.71,2.97,3.06,2.63,2.5,1.53,2.56,1.56,2.56,1.63,2.48,1.55,0.0,2.06,1.84,2.07,1.85,1,La Liga
1.36,4.75,9.0,1.36,4.75,9.5,1.36,5.0,9.5,1.36,4.92,10.26,1.33,4.6,11.0,1.4,4.98,10.1,1.4,5.1,11.0,1.36,4.86,9.9,2.03,1.87,2.02,1.87,2.06,1.89,2.0,1.84,-1.25,1.88,2.02,1.88,2.02,1,La Liga
1.67,3.9,5.25,1.7,3.8,5.0,1.65,3.9,5.5,1.66,4.01,5.39,1.67,3.7,5.5,1.74,4.01,5.24,1.74,4.1,5.6,1.67,3.91,5.3,1.95,1.95,1.94,1.94,2.0,2.0,1.93,1.9,-0.75,1.85,2.05,1.85,2.06,1,La Liga
2.8,3.0,2.7,3.0,2.9,2.6,3.0,2.9,2.7,2.96,2.95,2.81,3.0,2.9,2.6,3.04,3.04,2.8,3.1,3.04,2.84,2.96,2.94,2.72,2.63,1.5,2.66,1.52,2.66,1.58,2.58,1.52,0.0,2.0,1.9,2.01,1.9,0,La Liga
4.75,4.33,1.65,4.5,4.33,1.66,4.6,4.33,1.67,4.57,4.51,1.68,4.75,4.33,1.62,4.63,4.53,1.73,4.78,4.62,1.73,4.58,4.44,1.67,1.44,2.75,1.47,2.77,1.49,2.9,1.46,2.71,1.0,1.78,2.03,1.79,2.12,0,La Liga
2.55,3.4,2.75,2.6,3.4,2.6,2.6,3.4,2.75,2.62,3.5,2.74,2.5,3.4,2.75,2.68,3.56,2.77,2.68,3.56,2.78,2.59,3.45,2.7,1.8,2.0,1.85,2.05,1.88,2.09,1.81,2.02,0.0,1.88,2.02,1.91,2.0,0,La Liga
2.3,3.2,3.3,2.3,3.1,3.3,2.3,3.25,3.3,2.32,3.32,3.32,2.3,3.2,3.2,2.41,3.25,3.42,2.41,3.34,3.45,2.32,3.23,3.28,2.38,1.57,2.41,1.62,2.47,1.64,2.39,1.59,-0.25,1.99,1.91,1.99,1.92,1,La Liga
7.5,4.5,1.42,7.0,4.5,1.44,9.0,4.5,1.4,9.26,4.8,1.38,8.5,4.75,1.36,8.4,4.94,1.44,9.26,4.94,1.45,8.26,4.66,1.4,1.86,2.04,1.85,2.05,1.88,2.07,1.83,2.0,1.25,1.91,1.99,1.95,1.95,0,La Liga
2.25,3.0,3.6,2.2,3.0,3.6,2.25,3.0,3.75,2.27,3.06,3.75,2.2,3.0,3.7,2.31,3.17,3.75,2.31,3.17,3.78,2.25,3.04,3.65,2.63,1.5,2.64,1.53,2.64,1.55,2.55,1.52,-0.25,1.95,1.95,1.93,1.98,1,La Liga
2.0,3.0,4.5,2.05,2.9,4.4,2.05,2.88,4.75,2.04,2.95,4.86,2.05,2.8,4.75,2.1,3.03,4.78,2.12,3.03,4.95,2.04,2.94,4.67,3.2,1.36,3.13,1.39,3.2,1.42,3.03,1.38,-0.5,2.07,1.83,2.06,1.85,1,La Liga
1.8,3.4,5.0,1.83,3.2,5.0,1.8,3.25,5.5,1.82,3.3,5.44,1.83,3.2,5.0,1.89,3.42,5.2,1.89,3.42,5.6,1.83,3.27,5.19,2.75,1.44,2.79,1.48,2.82,1.49,2.73,1.46,-0.5,1.84,2.06,1.83,2.09,0,La Liga
3.3,3.4,2.2,3.3,3.3,2.2,3.3,3.3,2.25,3.36,3.35,2.28,3.25,3.25,2.25,3.36,3.44,2.35,3.45,3.44,2.35,3.31,3.33,2.26,2.05,1.85,2.07,1.83,2.08,1.88,2.02,1.82,0.25,1.95,1.95,1.94,1.96,1,La Liga
6.0,4.2,1.53,6.0,3.9,1.58,6.5,4.0,1.55,6.47,4.14,1.56,6.5,3.9,1.53,6.59,4.22,1.6,6.7,4.22,1.61,6.33,4.07,1.56,2.06,1.84,2.05,1.85,2.13,1.86,2.03,1.81,1.0,1.93,1.97,1.93,1.97,0,La Liga
1.83,3.7,4.2,1.83,3.75,4.0,1.85,3.8,4.2,1.88,3.88,4.05,1.85,3.75,3.9,1.93,4.04,4.04,1.93,4.04,4.2,1.86,3.84,4.0,1.67,2.2,1.69,2.26,1.73,2.29,1.66,2.21,-0.5,1.88,2.02,1.89,2.01,0,La Liga
1.36,4.5,10.0,1.36,4.75,9.25,1.33,5.0,10.5,1.37,4.87,9.55,1.33,4.75,10.0,1.37,5.15,10.6,1.39,5.15,10.6,1.36,4.75,9.5,2.03,1.87,2.04,1.85,2.06,1.89,1.99,1.84,-1.25,1.87,2.03,1.87,2.04,1,La Liga
2.8,3.1,2.7,2.85,3.1,2.6,2.88,3.0,2.75,2.91,3.16,2.68,2.8,3.0,2.7,2.98,3.17,2.75,2.98,3.17,2.8,2.84,3.08,2.69,2.38,1.57,2.5,1.58,2.5,1.63,2.42,1.57,0.0,2.01,1.89,2.04,1.87,0,La Liga
1.8,3.6,4.5,1.82,3.5,4.6,1.75,3.7,4.75,1.81,3.59,4.93,1.75,3.5,5.0,1.81,3.75,5.09,1.83,3.75,5.09,1.79,3.58,4.78,2.2,1.67,2.28,1.68,2.31,1.74,2.23,1.67,-0.75,2.06,1.84,2.07,1.85,1,La Liga
2.1,3.4,3.5,2.15,3.4,3.4,2.1,3.3,3.8,2.16,3.36,3.66,2.15,3.3,3.4,2.21,3.5,3.6,2.21,3.5,3.8,2.14,3.36,3.52,2.1,1.73,2.19,1.73,2.26,1.76,2.16,1.71,-0.25,1.84,2.06,1.86,2.06,0,La Liga
5.75,4.33,1.53,5.75,4.2,1.53,6.0,4.33,1.53,6.27,4.41,1.55,6.0,4.2,1.53,6.33,4.58,1.57,6.9,4.58,1.57,6.11,4.38,1.53,1.73,2.1,1.75,2.17,1.78,2.23,1.72,2.14,1.0,2.0,1.9,2.0,1.93,0,La Liga
3.2,3.3,2.25,3.1,3.5,2.2,3.2,3.4,2.3,3.15,3.54,2.31,3.1,3.5,2.2,3.22,3.69,2.31,3.23,3.69,2.33,3.14,3.5,2.28,1.86,2.04,1.87,2.02,1.89,2.06,1.84,2.0,0.25,1.9,2.0,1.9,2.0,1,La Liga
3.1,3.1,2.38,3.2,3.0,2.4,3.3,3.0,2.4,3.3,3.09,2.5,3.25,3.0,2.38,3.34,3.17,2.5,3.35,3.17,2.51,3.23,3.05,2.44,2.5,1.53,2.62,1.53,2.63,1.58,2.54,1.52,0.25,1.81,2.09,1.83,2.11,1,La Liga
2.75,3.2,2.6,2.75,3.1,2.65,2.88,3.1,2.63,2.88,3.15,2.72,2.8,3.1,2.62,2.9,3.23,2.77,2.9,3.23,2.77,2.82,3.14,2.66,2.3,1.62,2.35,1.65,2.36,1.69,2.29,1.63,0.0,2.01,1.89,2.01,1.89,0,La Liga
2.3,3.1,3.25,2.37,3.1,3.2,2.4,3.0,3.4,2.38,3.08,3.48,2.3,3.0,3.4,2.43,3.15,3.5,2.43,3.15,3.5,2.36,3.05,3.37,2.38,1.57,2.46,1.59,2.49,1.63,2.42,1.57,-0.25,2.01,1.89,2.01,1.89,1,La Liga
2.2,3.25,3.3,2.25,3.3,3.2,2.3,3.25,3.3,2.26,3.34,3.42,2.25,3.25,3.25,2.31,3.48,3.4,2.35,3.48,3.42,2.27,3.31,3.28,2.04,1.86,2.05,1.85,2.05,1.91,2.01,1.83,-0.25,1.95,1.95,1.94,1.96,1,La Liga
6.0,3.8,1.57,5.5,4.0,1.6,6.0,4.1,1.57,6.07,3.97,1.61,5.8,4.0,1.57,5.76,4.27,1.65,6.4,4.27,1.65,5.79,4.01,1.6,1.89,2.01,1.88,2.0,1.92,2.07,1.84,1.99,1.0,1.86,2.04,1.85,2.06,0,La Liga
1.4,4.33,9.0,1.43,4.1,9.0,1.36,4.5,11.0,1.41,4.4,10.04,1.4,4.2,9.0,1.45,4.48,9.65,1.45,4.7,11.0,1.4,4.3,9.61,2.3,1.62,2.33,1.65,2.38,1.69,2.29,1.62,-1.25,2.03,1.87,2.01,1.89,1,La Liga
3.6,3.1,2.15,3.6,3.1,2.2,3.8,3.1,2.15,3.82,3.17,2.19,3.6,3.2,2.15,3.81,3.35,2.2,3.82,3.35,2.23,3.66,3.15,2.17,2.5,1.53,2.57,1.55,2.57,1.6,2.47,1.54,0.25,2.04,1.86,2.05,1.86,0,La Liga
1.4,4.33,8.0,1.44,4.2,8.25,1.4,4.5,9.5,1.43,4.37,9.13,1.4,4.2,9.0,1.47,4.53,8.65,1.47,4.53,9.5,1.42,4.31,8.55,2.1,1.73,2.18,1.74,2.23,1.78,2.15,1.71,-1.25,2.03,1.87,2.05,1.86,0,La Liga
1.75,3.8,4.33,1.8,3.8,4.2,1.8,3.9,4.33,1.8,3.98,4.38,1.8,3.75,4.2,1.85,4.11,4.32,1.85,4.11,4.8,1.79,3.89,4.3,1.67,2.2,1.66,2.3,1.73,2.3,1.66,2.23,-0.75,2.04,1.86,2.04,1.87,0,La Liga
1.13,8.0,19.0,1.14,9.25,17.5,1.13,9.5,20.0,1.14,9.14,18.44,1.12,8.5,19.0,1.17,9.6,18.5,1.17,9.6,21.0,1.13,8.85,18.38,1.33,3.4,1.33,3.39,1.33,3.75,1.31,3.33,-2.5,2.0,1.8,2.05,1.83,0,La Liga
2.6,3.0,3.0,2.6,3.0,2.95,2.7,2.9,3.0,2.72,2.93,3.09,2.7,2.88,2.9,2.78,3.0,3.11,2.78,3.0,3.14,2.65,2.95,3.02,2.63,1.5,2.66,1.51,2.66,1.52,2.57,1.5,0.0,1.83,2.07,1.83,2.09,0,La Liga
1.8,3.6,4.5,1.82,3.7,4.2,1.85,3.6,4.5,1.85,3.66,4.49,1.8,3.6,4.4,1.91,3.76,4.46,1.91,3.76,4.7,1.83,3.65,4.4,1.9,2.0,1.91,1.98,1.94,2.01,1.86,1.97,-0.5,1.84,2.06,1.86,2.05,0,La Liga
1.38,5.0,8.0,1.39,4.75,8.0,1.4,4.75,8.5,1.4,5.01,8.31,1.4,4.6,8.0,1.44,4.94,8.4,1.44,5.01,9.0,1.39,4.83,8.26,1.73,2.1,1.81,2.09,1.86,2.13,1.77,2.06,-1.25,1.88,2.02,1.92,2.01,1,La Liga
2.3,2.75,3.9,2.25,2.8,3.8,2.3,2.7,4.0,2.37,2.74,4.06,2.25,2.8,3.9,2.35,2.95,4.0,2.37,2.95,4.09,2.31,2.76,3.93,3.75,1.29,3.61,1.31,3.75,1.32,3.46,1.3,-0.25,1.95,1.95,1.96,1.94,0,La Liga
2.9,3.1,2.6,2.87,3.1,2.6,2.9,3.1,2.63,2.95,3.21,2.62,2.9,3.1,2.62,3.03,3.23,2.67,3.03,3.23,2.67,2.92,3.11,2.6,2.38,1.57,2.42,1.61,2.45,1.66,2.37,1.59,0.0,2.06,1.84,2.08,1.84,1,La Liga
3.9,3.1,2.1,3.6,3.2,2.1,3.9,3.2,2.1,3.85,3.25,2.14,3.7,3.25,2.1,3.86,3.4,2.16,3.95,3.4,2.17,3.76,3.2,2.12,2.38,1.57,2.39,1.63,2.42,1.66,2.33,1.6,0.25,2.08,1.82,2.09,1.83,0,La Liga
1.9,3.8,3.9,1.88,3.8,3.8,1.9,3.9,3.9,1.88,3.92,4.01,1.85,3.8,3.9,1.92,4.02,4.1,1.92,4.05,4.1,1.89,3.88,3.85,1.57,2.38,1.61,2.4,1.69,2.47,1.58,2.38,-0.5,1.91,1.99,1.89,2.02,0,La Liga
2.25,3.1,3.5,2.25,3.0,3.5,2.3,2.9,3.7,2.32,3.07,3.61,2.25,3.0,3.5,2.36,3.17,3.63,2.36,3.17,3.7,2.28,3.04,3.52,2.63,1.5,2.74,1.49,2.74,1.5,2.63,1.48,-0.25,1.95,1.95,1.97,1.93,0,La Liga
1.33,5.5,9.0,1.34,5.5,8.25,1.3,5.5,9.0,1.35,5.87,7.84,1.35,5.5,8.0,1.39,5.88,8.1,1.39,5.88,9.0,1.34,5.53,8.21,1.53,2.5,1.53,2.61,1.53,2.61,1.51,2.52,-1.5,1.93,1.97,1.93,1.97,1,La Liga
1.85,3.6,4.33,1.83,3.5,4.4,1.87,3.4,4.6,1.87,3.57,4.53,1.8,3.6,4.6,1.85,3.76,4.78,1.88,3.76,4.78,1.84,3.54,4.45,2.1,1.73,2.16,1.75,2.17,1.81,2.09,1.74,-0.5,1.87,2.03,1.88,2.03,1,La Liga
4.2,3.4,1.91,3.9,3.5,1.95,4.2,3.5,1.91,4.32,3.52,1.93,4.0,3.4,1.95,4.32,3.64,1.96,4.32,3.64,1.99,4.1,3.47,1.94,2.03,1.87,2.01,1.88,2.04,1.91,1.99,1.83,0.5,1.95,1.95,1.97,1.93,0,La Liga
1.8,3.5,4.75,1.8,3.5,4.6,1.8,3.5,4.75,1.83,3.6,4.71,1.8,3.5,4.8,1.87,3.68,4.78,1.87,3.68,5.0,1.8,3.54,4.69,2.2,1.67,2.24,1.7,2.29,1.73,2.22,1.67,-0.75,2.07,1.83,2.11,1.81,0,La Liga
7.0,4.5,1.42,6.75,4.6,1.44,7.5,4.75,1.4,7.58,4.78,1.45,6.5,4.5,1.44,7.21,4.94,1.48,7.58,4.94,1.48,7.11,4.67,1.44,1.67,2.2,1.68,2.28,1.72,2.36,1.65,2.23,1.25,1.93,2.0,1.92,2.0,0,La Liga
2.75,3.1,2.7,2.75,3.1,2.7,2.7,3.1,2.8,2.83,3.11,2.8,2.8,3.0,2.7,2.9,3.17,2.81,2.9,3.17,2.81,2.81,3.07,2.74,2.2,1.67,2.28,1.68,2.31,1.72,2.22,1.66,0.0,1.99,1.94,1.97,1.93,1,La Liga
2.75,3.1,2.75,2.87,3.1,2.55,2.7,3.1,2.8,2.79,3.2,2.76,2.75,3.1,2.7,2.86,3.24,2.8,2.91,3.24,2.8,2.77,3.13,2.7,2.2,1.67,2.25,1.7,2.27,1.74,2.18,1.68,0.0,1.95,1.95,1.96,1.94,0,La Liga
4.5,3.5,1.83,4.4,3.4,1.85,4.6,3.5,1.85,4.69,3.51,1.86,4.33,3.5,1.85,4.59,3.71,1.9,4.75,3.71,1.91,4.48,3.47,1.85,2.1,1.73,2.18,1.73,2.21,1.78,2.12,1.72,0.5,2.02,1.88,2.04,1.87,1,La Liga
2.1,3.0,4.0,2.05,2.95,4.2,2.05,3.0,4.2,2.13,3.08,4.16,2.05,3.1,4.0,2.14,3.24,4.17,2.15,3.24,4.35,2.09,3.03,4.07,2.75,1.44,2.83,1.47,2.9,1.47,2.76,1.44,-0.5,2.05,1.75,2.13,1.78,0,La Liga
2.0,3.3,4.0,2.0,3.3,3.9,1.95,3.4,4.0,2.06,3.54,3.75,1.95,3.3,4.0,2.02,3.54,4.22,2.06,3.6,4.22,2.0,3.42,3.85,2.3,1.62,2.32,1.66,2.35,1.71,2.28,1.63,-0.5,2.05,1.85,2.07,1.85,0,La Liga
2.45,2.9,3.3,2.5,2.95,3.1,2.55,2.9,3.1,2.51,2.98,3.34,2.5,2.9,3.3,2.6,3.0,3.38,2.6,3.0,3.38,2.49,2.93,3.24,2.75,1.44,2.78,1.48,2.78,1.5,2.67,1.46,-0.25,2.1,1.8,2.12,1.81,0,La Liga
1.33,5.0,10.0,1.32,5.25,9.75,1.3,5.0,10.5,1.29,5.76,11.15,1.3,5.0,10.0,1.34,5.61,10.9,1.34,5.76,11.15,1.31,5.3,10.29,1.8,2.0,1.79,2.09,1.82,2.16,1.78,2.04,-1.5,2.01,1.89,2.0,1.91,1,La Liga
2.0,3.3,4.0,1.9,3.5,4.1,1.91,3.5,4.1,1.97,3.58,4.02,1.95,3.4,4.0,2.0,3.6,4.22,2.0,3.6,4.22,1.94,3.48,4.0,2.05,1.85,2.05,1.85,2.07,1.88,2.02,1.8,-0.5,1.98,1.92,1.98,1.93,1,La Liga
1.75,3.4,5.25,1.78,3.3,5.0,1.8,3.4,5.0,1.8,3.44,5.44,1.83,3.3,5.0,1.86,3.5,5.19,1.87,3.5,5.44,1.81,3.36,5.12,2.3,1.62,2.32,1.67,2.4,1.69,2.32,1.62,-0.75,2.07,1.86,2.08,1.85,1,La Liga
1.91,3.5,4.0,1.93,3.5,3.9,1.91,3.5,4.2,1.94,3.61,4.11,1.95,3.5,3.9,1.99,3.73,4.1,1.99,3.73,4.2,1.94,3.55,3.96,2.01,1.89,2.04,1.85,2.04,1.91,1.96,1.85,-0.5,1.95,1.95,1.95,1.95,0,La Liga
7.0,4.0,1.5,6.75,4.1,1.5,7.5,4.2,1.47,7.1,4.24,1.51,6.5,4.0,1.53,7.31,4.33,1.55,7.5,4.33,1.55,7.03,4.15,1.5,2.1,1.73,2.12,1.77,2.16,1.81,2.09,1.74,1.0,1.98,1.92,2.02,1.89,1,La Liga
1.75,3.6,4.75,1.73,3.7,4.8,1.75,3.6,5.0,1.78,3.76,4.82,1.75,3.6,4.8,1.79,3.81,5.14,1.79,3.81,5.2,1.75,3.68,4.81,2.1,1.73,2.14,1.76,2.24,1.76,2.13,1.72,-0.75,2.02,1.88,2.04,1.88,0,La Liga
6.5,4.2,1.5,6.25,4.33,1.51,6.5,4.33,1.5,6.72,4.48,1.5,6.5,4.2,1.5,6.95,4.46,1.55,7.0,4.5,1.55,6.51,4.35,1.5,1.73,2.1,1.78,2.1,1.82,2.14,1.76,2.06,1.0,2.06,1.84,2.09,1.83,0,La Liga
2.8,3.2,2.6,2.75,3.1,2.7,2.9,3.1,2.63,2.92,3.16,2.67,2.8,3.1,2.62,2.92,3.32,2.7,2.92,3.32,2.7,2.83,3.14,2.64,2.3,1.62,2.38,1.63,2.41,1.67,2.31,1.61,0.0,2.03,1.87,2.05,1.86,0,La Liga
1.14,7.5,17.0,1.16,8.75,15.0,1.15,8.5,18.0,1.15,9.06,16.17,1.15,8.5,15.0,1.17,9.5,18.0,1.17,9.5,19.0,1.15,8.44,16.41,1.33,3.4,1.31,3.52,1.33,3.75,1.3,3.39,-2.25,1.95,1.95,1.93,1.95,1,La Liga
2.15,3.0,3.8,2.2,3.1,3.5,2.15,3.0,3.9,2.22,3.13,3.8,2.2,3.1,3.5,2.24,3.34,3.73,2.24,3.34,3.9,2.18,3.11,3.68,2.5,1.53,2.55,1.55,2.6,1.59,2.5,1.53,-0.25,1.87,2.03,1.88,2.03,0,La Liga
3.1,3.0,2.55,3.1,3.0,2.5,3.1,3.0,2.6,3.09,3.12,2.58,3.2,3.0,2.45,3.22,3.23,2.53,3.22,3.23,2.6,3.1,3.05,2.51,2.75,1.44,2.85,1.44,2.9,1.44,2.82,1.41,0.25,1.73,2.08,1.75,2.18,1,La Liga
1.73,3.5,5.25,1.68,3.7,5.25,1.75,3.6,5.0,1.77,3.71,4.95,1.73,3.7,5.0,1.76,3.89,5.25,1.77,3.89,5.3,1.73,3.68,5.04,2.0,1.8,2.1,1.78,2.14,1.82,2.04,1.77,-0.75,1.98,1.92,1.99,1.92,1,La Liga
2.5,3.1,3.0,2.45,3.1,3.1,2.5,3.1,3.1,2.56,3.19,3.09,2.5,3.0,3.0,2.62,3.19,3.13,2.62,3.2,3.17,2.52,3.13,3.04,2.2,1.67,2.25,1.71,2.29,1.74,2.19,1.68,-0.25,2.11,1.79,2.17,1.77,0,La Liga
2.25,3.0,3.5,2.35,3.0,3.3,2.3,3.0,3.6,2.31,3.1,3.61,2.3,3.0,3.4,2.38,3.13,3.63,2.38,3.13,3.63,2.3,3.05,3.48,2.5,1.53,2.61,1.53,2.63,1.58,2.53,1.52,-0.25,1.98,1.92,1.96,1.94,0,La Liga
1.7,4.0,4.75,1.66,4.1,4.6,1.65,4.0,5.0,1.72,4.16,4.65,1.7,4.0,4.6,1.75,4.32,4.73,1.75,4.32,5.0,1.7,4.09,4.61,1.62,2.3,1.66,2.31,1.69,2.36,1.63,2.28,-0.75,1.91,1.99,1.92,1.98,0,La Liga
1.7,3.8,4.75,1.7,3.7,5.0,1.7,3.7,5.5,1.71,3.85,5.21,1.73,3.6,5.0,1.75,3.86,5.4,1.75,3.9,5.5,1.71,3.75,5.06,2.2,1.67,2.16,1.75,2.25,1.79,2.16,1.7,-0.75,1.95,1.95,1.94,1.96,0,La Liga
10.0,6.0,1.27,9.75,6.25,1.27,11.0,6.5,1.25,10.86,6.46,1.25,11.0,6.0,1.25,11.9,6.79,1.28,11.9,6.79,1.28,10.64,6.31,1.25,1.44,2.75,1.44,2.82,1.44,2.9,1.43,2.77,1.75,1.95,1.95,1.94,1.94,0,La Liga
2.75,2.9,2.88,2.7,3.2,2.65,2.7,3.0,2.88,2.75,3.1,2.88,2.75,3.0,2.8,2.81,3.19,2.89,2.81,3.2,2.89,2.72,3.06,2.82,2.2,1.67,2.25,1.7,2.29,1.73,2.2,1.68,0.0,1.91,1.99,1.91,2.0,1,La Liga
1.75,3.4,5.5,1.78,3.2,5.5,1.75,3.3,5.5,1.78,3.2,6.19,1.75,3.2,5.5,1.81,3.36,6.02,1.81,3.4,6.19,1.76,3.21,5.81,3.2,1.36,3.17,1.37,3.3,1.39,3.06,1.37,-0.75,2.06,1.84,2.06,1.85,0,La Liga
1.38,5.0,7.5,1.39,4.6,8.75,1.36,5.0,9.5,1.39,4.7,9.6,1.4,4.4,9.0,1.41,4.85,10.0,1.41,5.0,10.0,1.38,4.67,9.14,2.0,1.8,2.08,1.8,2.17,1.85,2.05,1.77,-1.25,1.95,1.95,1.93,1.97,0,La Liga
1.22,7.5,10.0,1.23,6.75,12.0,1.18,7.5,14.0,1.22,7.12,12.24,1.22,7.0,12.0,1.23,7.65,13.7,1.23,7.65,15.0,1.2,7.06,12.73,1.4,3.0,1.41,2.94,1.42,3.0,1.39,2.91,-2.0,1.99,1.91,1.96,1.93,1,La Liga
2.63,3.0,3.0,2.7,3.1,2.7,2.6,3.0,3.0,2.69,3.15,2.91,2.62,3.2,2.75,2.76,3.22,2.92,2.76,3.22,3.0,2.66,3.1,2.85,2.2,1.67,2.27,1.68,2.29,1.73,2.2,1.67,0.0,1.89,2.01,1.88,2.03,0,La Liga
3.3,3.0,2.38,3.2,2.95,2.45,3.3,3.0,2.5,3.29,3.06,2.52,3.25,2.9,2.45,3.33,3.07,2.57,3.35,3.07,2.6,3.23,2.99,2.48,2.5,1.53,2.53,1.57,2.63,1.59,2.51,1.53,0.25,1.83,2.1,1.81,2.13,0,La Liga
2.45,2.9,3.25,2.45,2.9,3.2,2.5,2.88,3.4,2.52,2.94,3.39,2.5,2.9,3.3,2.57,3.0,3.42,2.57,3.0,3.45,2.49,2.92,3.3,3.0,1.4,2.91,1.43,3.0,1.45,2.81,1.42,-0.25,2.1,1.8,2.12,1.81,0,La Liga
1.22,7.0,10.0,1.23,6.5,12.0,1.22,6.5,13.0,1.23,6.74,12.37,1.22,6.5,12.0,1.25,7.03,13.3,1.25,7.03,13.3,1.23,6.59,11.97,1.44,2.75,1.46,2.76,1.47,2.8,1.45,2.69,-1.75,1.87,2.03,1.85,2.05,1,La Liga
1.4,4.33,8.5,1.42,4.33,8.5,1.4,4.5,9.5,1.43,4.44,9.0,1.4,4.2,8.5,1.45,4.53,9.45,1.45,4.53,9.5,1.41,4.34,8.9,2.2,1.67,2.27,1.68,2.31,1.72,2.22,1.66,-1.25,2.05,1.85,2.04,1.87,1,La Liga
9.0,5.75,1.3,9.75,5.5,1.31,10.5,5.5,1.3,9.89,5.56,1.32,9.5,5.0,1.3,10.2,5.81,1.34,10.5,5.81,1.34,9.57,5.49,1.31,1.57,2.38,1.63,2.38,1.67,2.43,1.59,2.36,1.5,1.98,1.92,1.99,1.92,1,La Liga
1.2,7.5,13.0,1.2,7.25,12.5,1.17,8.5,16.0,1.19,7.63,14.28,1.18,7.5,13.0,1.2,8.3,15.5,1.21,8.5,16.0,1.19,7.52,13.89,1.36,3.2,1.37,3.13,1.37,3.45,1.35,3.1,-2.0,1.88,2.02,1.87,2.03,1,La Liga
2.3,3.1,3.25,2.37,3.1,3.1,2.38,3.1,3.3,2.39,3.14,3.38,2.3,3.2,3.1,2.39,3.38,3.33,2.45,3.38,3.38,2.37,3.13,3.24,2.3,1.62,2.34,1.65,2.38,1.69,2.28,1.63,-0.25,2.03,1.87,2.03,1.88,1,La Liga
3.0,3.0,2.55,3.0,3.0,2.55,3.0,2.9,2.63,3.06,2.97,2.7,3.0,3.0,2.5,3.11,3.17,2.65,3.11,3.17,2.7,3.02,2.97,2.6,2.75,1.44,2.8,1.47,2.8,1.5,2.65,1.46,0.0,2.07,1.83,2.08,1.83,1,La Liga
2.9,3.3,2.45,2.95,3.2,2.45,3.0,3.2,2.5,3.01,3.28,2.53,3.0,3.2,2.45,3.13,3.4,2.49,3.13,3.4,2.53,2.98,3.26,2.46,2.2,1.67,2.24,1.7,2.31,1.72,2.22,1.66,0.25,1.73,2.08,1.77,2.16,0,La Liga
1.6,4.2,5.0,1.63,4.0,5.25,1.62,4.0,5.5,1.63,4.13,5.5,1.62,4.0,5.0,1.67,4.27,5.5,1.67,4.27,5.5,1.62,4.1,5.29,1.84,2.06,1.84,2.06,1.88,2.07,1.81,2.01,-0.75,1.75,2.05,1.79,2.11,1,La Liga
1.5,4.1,7.0,1.47,4.2,7.0,1.47,4.2,7.5,1.5,4.27,7.31,1.5,4.2,7.0,1.52,4.43,7.5,1.52,4.43,7.8,1.49,4.25,7.3,2.0,1.8,2.08,1.8,2.11,1.85,2.05,1.79,-1.0,1.89,2.04,1.86,2.05,1,La Liga
2.25,3.4,3.2,2.25,3.3,3.2,2.3,3.3,3.3,2.35,3.38,3.2,2.3,3.3,3.1,2.38,3.5,3.23,2.38,3.5,3.3,2.31,3.35,3.16,2.1,1.73,2.13,1.78,2.16,1.81,2.1,1.75,-0.25,2.01,1.89,2.03,1.88,1,La Liga
1.65,4.0,5.0,1.68,3.75,5.25,1.67,3.8,5.5,1.68,3.92,5.36,1.67,3.75,5.0,1.72,3.96,5.55,1.72,4.0,5.55,1.67,3.84,5.29,2.1,1.73,2.09,1.79,2.16,1.82,2.09,1.76,-0.75,1.9,2.0,1.9,2.01,1,La Liga
4.75,3.9,1.7,4.33,3.8,1.78,4.6,4.0,1.73,4.62,4.1,1.74,4.4,4.0,1.75,4.63,4.27,1.77,4.75,4.27,1.78,4.51,4.04,1.73,1.62,2.3,1.65,2.33,1.7,2.36,1.64,2.28,0.75,1.95,1.95,1.96,1.94,0,La Liga
1.85,3.6,4.2,1.85,3.7,4.1,1.87,3.6,4.2,1.9,3.67,4.21,1.85,3.7,4.0,1.91,3.87,4.27,1.93,3.87,4.35,1.88,3.68,4.13,1.8,2.0,1.82,2.06,1.85,2.13,1.79,2.04,-0.5,1.9,2.0,1.91,2.0,0,La Liga
2.3,2.9,3.6,2.25,2.9,3.6,2.3,2.88,3.75,2.37,2.9,3.76,2.3,2.9,3.5,2.38,3.07,3.73,2.38,3.07,3.76,2.32,2.9,3.63,3.2,1.36,3.16,1.38,3.22,1.4,3.04,1.37,-0.25,1.98,1.92,1.98,1.93,0,La Liga
1.73,3.4,5.5,1.78,3.3,5.0,1.75,3.4,5.5,1.75,3.48,5.61,1.75,3.3,5.0,1.77,3.63,5.71,1.8,3.63,5.71,1.74,3.43,5.39,2.5,1.53,2.56,1.54,2.66,1.57,2.53,1.52,-0.75,2.0,1.9,2.01,1.9,1,La Liga
1.6,3.9,5.75,1.58,3.8,6.25,1.6,3.9,6.0,1.61,3.85,6.33,1.57,3.8,6.5,1.63,4.06,6.48,1.63,4.06,7.1,1.59,3.81,6.29,2.2,1.67,2.28,1.67,2.32,1.71,2.25,1.65,-1.0,2.05,1.75,2.12,1.79,1,La Liga
5.25,4.5,1.55,5.25,4.4,1.57,5.5,4.75,1.5,5.62,4.68,1.55,5.0,4.5,1.55,5.81,4.79,1.58,6.0,4.8,1.58,5.47,4.63,1.54,1.44,2.75,1.48,2.72,1.5,2.79,1.45,2.69,1.0,2.02,1.88,2.02,1.88,0,La Liga
2.0,3.0,4.33,2.0,3.1,4.2,2.05,3.1,4.2,2.05,3.22,4.26,2.0,3.1,4.2,2.03,3.32,4.53,2.06,3.32,4.53,2.02,3.15,4.22,2.75,1.44,2.82,1.46,2.85,1.49,2.76,1.44,-0.5,2.06,1.84,2.06,1.86,0,La Liga
5.25,4.5,1.55,5.0,4.4,1.58,5.0,4.5,1.6,5.33,4.58,1.6,5.0,4.33,1.57,5.39,4.78,1.61,5.5,4.78,1.62,5.16,4.53,1.58,1.44,2.75,1.5,2.71,1.51,2.75,1.47,2.68,1.0,1.98,1.92,1.98,1.94,0,Bundesliga
2.2,3.6,3.1,2.25,3.5,3.0,2.25,3.6,3.1,2.32,3.55,3.11,2.25,3.5,3.1,2.31,3.8,3.13,2.35,3.8,3.16,2.28,3.56,3.07,1.73,2.1,1.74,2.18,1.77,2.23,1.72,2.15,-0.25,1.99,1.91,2.02,1.89,0,Bundesliga
3.5,3.6,2.05,3.4,3.6,2.05,3.5,3.6,2.05,3.5,3.7,2.09,3.5,3.7,2.0,3.58,3.87,2.1,3.65,3.87,2.11,3.5,3.7,2.06,1.67,2.2,1.71,2.23,1.78,2.27,1.7,2.18,0.5,1.83,2.07,1.81,2.09,1,Bundesliga
1.65,4.5,4.5,1.65,4.2,4.6,1.62,4.33,5.0,1.64,4.38,5.07,1.65,4.2,4.75,1.69,4.52,4.98,1.69,4.52,5.2,1.65,4.33,4.85,1.53,2.5,1.55,2.56,1.55,2.56,1.53,2.49,-1.0,2.08,1.82,2.08,1.84,1,Bundesliga
2.0,3.4,3.9,2.0,3.3,3.9,2.05,3.3,4.0,2.08,3.24,4.1,2.05,3.2,3.9,2.11,3.37,4.11,2.11,3.4,4.2,2.05,3.3,4.01,2.2,1.67,2.27,1.68,2.3,1.72,2.23,1.68,-0.5,2.05,1.85,2.09,1.83,0,Bundesliga
1.25,7.0,9.0,1.27,6.25,9.75,1.25,6.5,11.0,1.25,6.71,10.65,1.25,6.0,11.0,1.28,7.01,11.3,1.28,7.01,12.0,1.25,6.58,10.53,1.36,3.2,1.35,3.26,1.38,3.33,1.36,3.14,-1.75,1.87,2.03,1.86,2.03,1,Bundesliga
1.7,4.1,4.5,1.71,4.2,4.33,1.7,4.2,4.5,1.71,4.4,4.48,1.7,4.2,4.33,1.75,4.52,4.52,1.75,4.52,4.52,1.71,4.31,4.39,1.5,2.63,1.48,2.73,1.5,2.79,1.47,2.68,-0.75,1.89,2.01,1.89,2.01,1,Bundesliga
6.25,4.75,1.45,6.0,4.8,1.47,6.5,5.0,1.44,6.33,5.0,1.47,7.0,5.0,1.4,6.37,5.08,1.51,6.6,5.1,1.51,6.32,4.93,1.46,1.44,2.75,1.46,2.81,1.46,2.86,1.44,2.76,1.25,1.92,1.98,1.92,1.99,0,Bundesliga
2.1,3.5,3.4,2.1,3.5,3.4,2.1,3.5,3.4,2.13,3.5,3.59,2.1,3.4,3.5,2.17,3.62,3.6,2.17,3.62,3.68,2.12,3.5,3.46,1.87,2.03,1.87,2.02,1.91,2.05,1.85,1.98,-0.25,1.84,2.06,1.85,2.07,0,Bundesliga
1.91,3.5,4.1,1.93,3.5,4.0,1.95,3.4,4.2,1.96,3.5,4.29,1.91,3.4,4.2,1.99,3.59,4.26,2.01,3.6,4.4,1.94,3.5,4.15,2.03,1.87,2.03,1.88,2.05,1.91,1.99,1.86,-0.5,1.95,1.98,1.97,1.95,1,Bundesliga
2.6,3.6,2.6,2.5,3.6,2.6,2.63,3.6,2.55,2.66,3.73,2.57,2.62,3.6,2.5,2.69,3.88,2.59,2.69,3.88,2.65,2.62,3.69,2.56,1.57,2.38,1.61,2.44,1.65,2.47,1.6,2.38,0.0,1.98,1.92,1.99,1.92,0,Bundesliga
1.8,4.2,3.9,1.82,4.0,3.9,1.75,4.0,4.2,1.8,4.2,4.12,1.83,4.0,3.9,1.85,4.27,4.16,1.85,4.3,4.2,1.81,4.1,4.01,1.44,2.75,1.47,2.78,1.5,2.82,1.46,2.71,-0.75,2.03,1.87,2.02,1.89,1,Bundesliga
3.2,3.7,2.15,3.1,3.6,2.15,3.4,3.6,2.15,3.26,3.69,2.19,3.2,3.6,2.15,3.34,3.86,2.19,3.4,3.86,2.21,3.2,3.69,2.18,1.73,2.1,1.72,2.21,1.74,2.28,1.7,2.18,0.25,1.99,1.91,1.99,1.92,0,Bundesliga
1.62,4.33,5.25,1.61,4.2,5.25,1.65,4.1,5.0,1.66,4.23,5.09,1.62,4.2,5.0,1.7,4.42,5.03,1.7,4.42,5.25,1.65,4.24,5.02,1.62,2.3,1.64,2.36,1.67,2.4,1.62,2.32,-0.75,1.75,2.05,1.83,2.08,0,Bundesliga
4.1,4.0,1.8,3.75,4.0,1.83,4.0,4.1,1.8,4.05,4.14,1.83,3.9,4.0,1.83,4.03,4.37,1.86,4.2,4.37,1.86,3.94,4.12,1.82,1.44,2.75,1.46,2.84,1.48,2.93,1.44,2.77,0.5,2.03,1.78,2.07,1.83,0,Bundesliga
1.75,4.2,4.1,1.8,4.0,3.9,1.75,4.0,4.4,1.8,4.22,4.1,1.8,4.0,4.0,1.85,4.27,4.16,1.85,4.3,4.4,1.8,4.14,4.05,1.5,2.63,1.49,2.72,1.51,2.75,1.48,2.65,-0.75,2.01,1.89,2.02,1.88,0,Bundesliga
2.38,3.5,2.9,2.37,3.5,2.8,2.38,3.4,3.0,2.42,3.47,3.02,2.38,3.5,2.88,2.44,3.72,2.97,2.46,3.72,3.04,2.4,3.49,2.94,1.73,2.1,1.81,2.08,1.82,2.19,1.77,2.09,-0.25,2.07,1.83,2.09,1.83,1,Bundesliga
1.4,5.5,6.5,1.39,5.0,7.5,1.36,5.0,8.0,1.39,5.35,7.83,1.36,5.0,8.0,1.43,5.39,7.7,1.43,5.5,8.0,1.39,5.26,7.6,1.5,2.63,1.51,2.65,1.53,2.7,1.5,2.62,-1.5,2.07,1.83,2.08,1.81,1,Bundesliga
1.7,3.9,5.0,1.73,3.9,4.5,1.67,4.0,5.0,1.69,4.08,4.9,1.7,4.0,4.6,1.75,4.26,4.82,1.75,4.26,5.0,1.71,4.06,4.72,1.67,2.2,1.65,2.29,1.7,2.34,1.66,2.27,-0.75,1.9,2.0,1.88,2.01,1,Bundesliga
5.75,4.5,1.48,5.25,4.75,1.55,5.5,5.0,1.5,5.95,4.96,1.49,5.5,4.75,1.5,5.6,5.19,1.55,6.2,5.19,1.55,5.78,4.94,1.5,1.33,3.4,1.34,3.39,1.35,3.6,1.31,3.41,1.25,1.89,2.01,1.9,1.98,0,Bundesliga
2.75,4.0,2.3,2.75,3.8,2.3,2.8,3.9,2.3,2.84,3.96,2.31,2.88,3.8,2.25,2.93,4.11,2.32,2.93,4.11,2.37,2.81,3.94,2.31,1.44,2.75,1.45,2.82,1.47,2.93,1.44,2.78,0.25,1.83,2.07,1.82,2.08,0,Bundesliga
1.48,4.5,6.5,1.46,4.5,6.75,1.44,4.6,7.0,1.48,4.69,6.64,1.44,4.5,7.0,1.51,4.83,6.83,1.51,4.9,7.0,1.48,4.68,6.68,1.67,2.2,1.71,2.2,1.73,2.29,1.68,2.22,-1.25,2.07,1.83,2.06,1.83,0,Bundesliga
2.63,3.6,2.5,2.55,3.5,2.6,2.7,3.5,2.55,2.72,3.45,2.63,2.6,3.5,2.6,2.75,3.74,2.6,2.75,3.74,2.67,2.69,3.53,2.58,1.73,2.1,1.77,2.12,1.8,2.21,1.73,2.09,0.0,2.01,1.89,1.98,1.91,0,Bundesliga
2.1,3.6,3.4,2.05,3.5,3.5,2.1,3.6,3.4,2.09,3.61,3.52,2.05,3.6,3.4,2.13,3.84,3.51,2.13,3.84,3.56,2.09,3.62,3.47,1.73,2.1,1.78,2.1,1.8,2.18,1.76,2.11,-0.25,1.82,2.08,1.82,2.08,1,Bundesliga
2.0,3.7,3.5,2.05,3.5,3.6,2.0,3.75,3.6,2.04,3.66,3.61,2.05,3.6,3.5,2.06,3.84,3.7,2.08,3.84,3.72,2.04,3.66,3.57,1.73,2.1,1.78,2.1,1.82,2.15,1.75,2.09,-0.5,2.05,1.85,2.05,1.84,0,Bundesliga
2.38,3.5,2.9,2.4,3.4,2.8,2.45,3.4,2.88,2.42,3.6,2.97,2.4,3.4,2.88,2.44,3.72,2.97,2.5,3.72,3.01,2.42,3.54,2.9,1.67,2.2,1.7,2.26,1.73,2.33,1.68,2.22,-0.25,2.1,1.83,2.11,1.83,0,Bundesliga
1.91,3.5,4.0,1.98,3.7,3.5,1.95,3.7,3.9,1.99,3.8,3.7,1.95,3.7,3.7,2.02,3.9,3.78,2.02,3.9,4.0,1.98,3.73,3.68,1.62,2.3,1.61,2.42,1.65,2.45,1.61,2.36,-0.5,2.02,1.91,2.0,1.9,0,Bundesliga
2.7,3.5,2.55,2.75,3.5,2.45,2.7,3.5,2.55,2.75,3.4,2.66,2.7,3.3,2.6,2.82,3.52,2.66,2.82,3.55,2.66,2.72,3.46,2.59,1.73,2.1,1.75,2.16,1.79,2.24,1.72,2.15,0.0,2.02,1.91,1.99,1.92,0,Bundesliga
2.0,3.6,3.7,2.05,3.6,3.4,2.0,3.6,3.7,2.04,3.72,3.65,2.05,3.6,3.4,2.07,3.88,3.66,2.12,3.88,3.8,2.03,3.68,3.58,1.73,2.1,1.75,2.17,1.79,2.2,1.74,2.13,-0.5,2.06,1.87,2.05,1.87,1,Bundesliga
8.0,5.5,1.36,7.25,5.5,1.36,8.0,5.5,1.33,7.92,5.6,1.36,8.5,5.8,1.3,7.8,5.77,1.4,8.5,5.9,1.4,7.74,5.57,1.36,1.36,3.2,1.39,3.11,1.4,3.3,1.36,3.11,1.5,1.94,1.99,1.93,1.97,0,Bundesliga
1.75,4.0,4.33,1.75,4.0,4.2,1.75,4.2,4.33,1.79,4.14,4.26,1.8,4.0,4.0,1.82,4.36,4.26,1.82,4.36,4.33,1.78,4.13,4.18,1.5,2.63,1.51,2.64,1.52,2.72,1.49,2.6,-0.75,2.02,1.91,2.0,1.9,1,Bundesliga
1.3,5.75,8.0,1.31,5.75,9.0,1.29,6.0,10.5,1.31,5.91,9.23,1.3,5.5,9.5,1.34,6.02,9.65,1.34,6.2,10.5,1.3,5.83,9.28,1.44,2.75,1.47,2.77,1.5,2.79,1.46,2.69,-1.5,1.88,2.05,1.87,2.04,1,Bundesliga
2.3,3.75,2.9,2.3,3.8,2.75,2.3,3.9,2.88,2.32,3.8,2.94,2.25,3.8,2.88,2.32,4.16,2.91,2.36,4.16,2.99,2.31,3.82,2.86,1.44,2.75,1.45,2.87,1.46,2.93,1.43,2.79,-0.25,2.06,1.87,2.04,1.87,1,Bundesliga
5.75,3.9,1.62,5.0,4.0,1.65,5.0,4.2,1.62,5.19,4.25,1.64,5.0,4.0,1.65,5.29,4.37,1.67,5.75,4.37,1.67,5.11,4.15,1.64,1.67,2.2,1.69,2.24,1.73,2.3,1.66,2.23,1.0,1.83,2.1,1.83,2.09,0,Bundesliga
1.25,7.0,9.0,1.24,6.75,10.5,1.22,7.0,11.0,1.24,7.21,11.22,1.25,6.5,11.0,1.26,7.32,11.4,1.26,7.32,11.4,1.24,6.99,10.74,1.29,3.75,1.32,3.43,1.32,3.75,1.29,3.57,-1.75,1.75,2.03,1.82,2.08,1,Bundesliga
1.62,4.0,5.5,1.63,3.9,5.25,1.62,4.0,5.5,1.62,4.15,5.59,1.62,3.9,5.5,1.66,4.27,5.56,1.69,4.27,5.7,1.63,4.08,5.44,1.84,2.06,1.81,2.06,1.87,2.09,1.82,2.03,-0.75,1.75,2.05,1.79,2.12,0,Bundesliga
1.83,3.75,4.2,1.82,3.7,4.2,1.85,3.8,4.2,1.86,3.82,4.21,1.83,3.75,4.2,1.89,4.01,4.22,1.89,4.01,4.3,1.85,3.8,4.2,1.73,2.1,1.74,2.16,1.79,2.2,1.74,2.13,-0.75,2.03,1.78,2.11,1.79,0,Bundesliga
2.1,3.5,3.4,2.1,3.5,3.4,2.15,3.4,3.4,2.13,3.54,3.54,2.1,3.5,3.4,2.14,3.79,3.52,2.2,3.79,3.64,2.12,3.54,3.47,1.8,2.0,1.81,2.07,1.85,2.1,1.8,2.05,-0.25,1.84,2.06,1.85,2.06,1,Bundesliga
1.4,5.25,6.5,1.4,5.25,6.75,1.4,5.0,7.0,1.4,5.4,7.14,1.44,5.0,6.0,1.48,5.55,6.22,1.48,5.55,7.5,1.42,5.22,6.88,1.44,2.75,1.45,2.84,1.47,2.9,1.43,2.8,-1.25,1.86,2.04,1.86,2.05,1,Bundesliga
3.2,3.9,2.05,3.1,3.8,2.1,3.3,3.9,2.05,3.35,3.89,2.09,3.1,3.8,2.15,3.34,4.1,2.12,3.39,4.1,2.19,3.22,3.89,2.1,1.5,2.63,1.52,2.62,1.54,2.69,1.5,2.58,0.25,2.05,1.85,2.08,1.84,0,Bundesliga
4.2,4.2,1.73,4.5,4.2,1.68,4.4,4.33,1.73,4.5,4.22,1.73,4.4,4.2,1.7,4.46,4.43,1.77,4.6,4.43,1.77,4.41,4.24,1.72,1.5,2.63,1.52,2.62,1.54,2.66,1.5,2.57,0.75,1.95,1.95,1.97,1.93,0,Bundesliga
2.38,3.8,2.7,2.25,3.75,2.9,2.38,3.8,2.8,2.4,3.78,2.84,2.3,3.8,2.8,2.4,4.07,2.83,2.42,4.07,2.9,2.36,3.8,2.8,1.44,2.75,1.48,2.74,1.49,2.85,1.45,2.74,-0.25,2.05,1.75,2.11,1.82,0,Bundesliga
2.38,3.7,2.7,2.37,3.7,2.7,2.4,3.7,2.8,2.46,3.78,2.81,2.4,3.7,2.7,2.5,4.02,2.73,2.5,4.02,2.85,2.43,3.75,2.75,1.5,2.63,1.53,2.63,1.54,2.69,1.5,2.59,0.0,1.82,2.08,1.84,2.1,1,Bundesliga
3.0,3.7,2.2,3.0,3.7,2.2,3.0,3.6,2.3,3.07,3.78,2.25,3.0,3.7,2.2,3.14,3.91,2.27,3.14,3.91,2.3,3.03,3.75,2.24,1.62,2.3,1.63,2.39,1.67,2.43,1.61,2.35,0.25,1.92,1.98,1.93,1.98,0,Bundesliga
3.3,3.5,2.15,3.3,3.4,2.15,3.4,3.5,2.1,3.43,3.52,2.18,3.4,3.4,2.15,3.44,3.79,2.17,3.5,3.79,2.22,3.37,3.53,2.16,1.73,2.1,1.79,2.1,1.85,2.13,1.77,2.07,0.25,2.02,1.88,2.02,1.89,1,Bundesliga
2.6,3.5,2.6,2.6,3.5,2.55,2.63,3.6,2.6,2.67,3.61,2.62,2.6,3.6,2.6,2.69,3.81,2.63,2.7,3.81,2.66,2.61,3.63,2.61,1.67,2.2,1.68,2.27,1.72,2.33,1.67,2.24,0.0,1.95,1.95,1.97,1.93,0,Bundesliga
2.4,3.3,2.9,2.4,3.4,2.85,2.4,3.4,3.0,2.46,3.42,2.99,2.45,3.3,2.9,2.47,3.66,2.97,2.5,3.66,3.02,2.44,3.42,2.93,1.88,2.02,1.89,2.0,1.93,2.06,1.87,1.97,-0.25,2.09,1.81,2.13,1.8,0,Bundesliga
4.5,4.33,1.67,4.6,4.2,1.66,4.6,4.2,1.7,4.77,4.18,1.7,4.6,4.2,1.67,4.64,4.38,1.75,4.9,4.5,1.75,4.64,4.23,1.69,1.57,2.38,1.6,2.45,1.61,2.55,1.57,2.42,0.75,2.01,1.89,2.01,1.9,0,Bundesliga
5.5,4.5,1.53,5.25,4.75,1.52,5.5,4.75,1.5,5.72,4.85,1.52,5.5,4.75,1.5,5.5,5.04,1.57,5.9,5.04,1.57,5.51,4.85,1.52,1.36,3.2,1.37,3.21,1.38,3.27,1.35,3.13,1.0,2.07,1.83,2.08,1.84,0,Bundesliga
1.3,5.25,9.5,1.31,5.5,9.25,1.3,5.5,10.5,1.31,5.95,10.18,1.3,5.5,10.0,1.34,6.02,9.6,1.36,6.02,11.0,1.31,5.72,9.79,1.5,2.63,1.5,2.68,1.52,2.72,1.49,2.61,-1.5,1.87,2.03,1.9,2.03,1,Bundesliga
1.73,3.75,4.75,1.71,3.9,4.5,1.73,3.8,5.0,1.74,3.87,4.93,1.7,3.9,4.75,1.77,4.11,4.83,1.77,4.11,5.0,1.74,3.91,4.75,1.73,2.1,1.72,2.21,1.76,2.28,1.7,2.18,-0.75,1.89,1.89,1.95,1.95,1,Bundesliga
1.7,4.5,4.2,1.68,4.33,4.33,1.67,4.33,4.5,1.7,4.47,4.45,1.7,4.2,4.33,1.74,4.58,4.52,1.74,4.6,4.52,1.7,4.44,4.38,1.4,3.0,1.39,3.11,1.43,3.11,1.4,2.96,-0.75,1.82,1.96,1.88,2.03,1,Bundesliga
1.44,4.75,6.5,1.44,5.0,6.0,1.4,5.0,6.5,1.45,5.18,6.35,1.44,4.8,6.5,1.49,5.3,6.38,1.49,5.3,6.5,1.45,5.04,6.32,1.4,3.0,1.38,3.17,1.41,3.17,1.38,3.06,-1.25,1.95,1.95,1.94,1.96,1,Bundesliga
3.9,3.8,1.85,3.9,3.75,1.87,4.1,3.8,1.87,4.27,3.71,1.88,4.0,3.8,1.83,4.17,4.1,1.88,4.3,4.1,1.91,4.04,3.83,1.88,1.67,2.2,1.68,2.27,1.72,2.31,1.66,2.26,0.5,1.96,1.82,2.02,1.88,0,Bundesliga
1.85,3.7,4.1,1.85,3.8,3.9,1.87,3.8,4.2,1.83,3.77,4.44,1.85,3.6,4.2,1.9,3.86,4.38,1.9,4.0,4.5,1.85,3.8,4.21,1.62,2.3,1.65,2.33,1.72,2.36,1.64,2.29,-0.5,1.86,2.04,1.83,2.07,1,Bundesliga
1.36,5.25,7.5,1.34,5.75,7.5,1.33,5.5,8.0,1.36,5.88,7.55,1.35,5.5,7.5,1.39,6.01,7.85,1.39,6.01,8.0,1.35,5.77,7.7,1.3,3.5,1.33,3.48,1.34,3.6,1.31,3.42,-1.5,1.91,1.99,1.93,1.98,1,Bundesliga
3.5,3.3,2.15,3.4,3.4,2.15,3.4,3.3,2.15,3.48,3.43,2.2,3.4,3.4,2.15,3.5,3.63,2.2,3.5,3.63,2.21,3.44,3.42,2.16,2.0,1.9,1.98,1.91,2.02,1.94,1.96,1.87,0.25,2.01,1.89,2.01,1.9,0,Bundesliga
2.1,3.6,3.3,2.05,3.7,3.3,2.05,3.6,3.5,2.09,3.66,3.55,2.05,3.6,3.4,2.1,3.87,3.56,2.1,3.87,3.57,2.07,3.66,3.44,1.73,2.1,1.71,2.22,1.76,2.25,1.7,2.18,-0.5,2.05,1.75,2.1,1.83,0,Bundesliga
2.3,3.75,2.8,2.3,3.7,2.85,2.3,3.75,2.88,2.39,3.79,2.89,2.3,3.7,2.88,2.4,3.93,2.9,2.4,3.93,2.93,2.35,3.76,2.86,1.57,2.38,1.6,2.48,1.6,2.53,1.56,2.43,-0.25,2.09,1.84,2.1,1.84,0,Bundesliga
3.6,4.0,1.9,3.6,3.9,1.9,3.75,3.9,1.91,3.83,3.92,1.93,3.6,3.9,1.91,3.79,4.17,1.96,3.96,4.17,1.96,3.73,3.96,1.91,1.5,2.63,1.55,2.58,1.55,2.63,1.52,2.55,0.5,1.99,1.91,1.97,1.93,1,Bundesliga
1.73,4.1,4.5,1.7,4.1,4.5,1.73,4.0,4.5,1.75,4.11,4.55,1.73,4.0,4.5,1.77,4.22,4.68,1.77,4.3,4.9,1.73,4.12,4.52,1.67,2.2,1.68,2.26,1.72,2.32,1.67,2.24,-0.75,1.95,1.95,1.95,1.95,1,Bundesliga
2.55,3.5,2.63,2.55,3.4,2.65,2.63,3.4,2.63,2.66,3.47,2.71,2.6,3.3,2.7,2.74,3.48,2.76,2.74,3.59,2.76,2.61,3.46,2.68,1.78,2.0,1.86,2.03,1.89,2.06,1.83,2.01,0.0,1.92,1.98,1.93,1.97,0,Bundesliga
1.22,7.5,9.5,1.24,6.75,10.5,1.22,7.0,11.0,1.23,7.21,11.08,1.22,7.0,10.0,1.28,7.45,10.3,1.28,7.7,12.0,1.23,7.14,10.95,1.3,3.5,1.34,3.36,1.33,3.67,1.3,3.48,-2.0,2.02,1.88,2.01,1.88,1,Bundesliga
5.25,5.0,1.5,5.5,4.8,1.5,5.5,5.0,1.5,5.84,4.9,1.51,5.8,4.6,1.5,5.91,5.04,1.54,6.0,5.1,1.55,5.64,4.9,1.51,1.4,3.0,1.42,2.97,1.44,3.02,1.4,2.92,1.25,1.84,2.06,1.85,2.07,0,Bundesliga
12.0,9.5,1.17,15.0,9.0,1.15,15.0,9.5,1.15,14.33,9.86,1.15,15.0,8.5,1.14,17.0,9.7,1.17,17.0,10.0,1.17,14.44,9.35,1.15,1.22,4.33,1.32,3.24,1.26,4.35,1.23,4.08,2.25,2.04,1.86,2.02,1.88,0,Bundesliga
2.55,3.3,2.75,2.55,3.4,2.7,2.6,3.3,2.8,2.63,3.32,2.84,2.6,3.4,2.7,2.64,3.6,2.79,2.64,3.6,2.84,2.58,3.37,2.76,1.95,1.95,1.95,1.93,1.97,1.98,1.9,1.9,0.0,1.87,2.03,1.88,2.03,0,Bundesliga
2.25,3.5,3.1,2.2,3.7,2.95,2.25,3.6,3.0,2.32,3.68,3.03,2.3,3.5,3.0,2.41,3.56,3.13,2.41,3.8,3.13,2.29,3.65,2.98,1.53,2.5,1.56,2.56,1.56,2.63,1.53,2.52,-0.25,2.02,1.88,2.02,1.88,0,Bundesliga
1.55,4.75,5.25,1.55,4.6,5.0,1.57,4.6,5.0,1.57,4.87,5.29,1.57,4.6,5.0,1.61,4.94,5.25,1.61,5.0,5.5,1.56,4.8,5.16,1.36,3.2,1.38,3.22,1.39,3.27,1.36,3.15,-1.0,1.88,2.02,1.89,2.03,0,Bundesliga
1.18,7.5,13.0,1.18,7.75,14.0,1.15,8.0,16.0,1.17,8.24,15.58,1.17,7.5,15.0,1.19,8.45,17.0,1.2,8.7,17.0,1.17,7.97,15.38,1.44,2.75,1.44,2.85,1.47,3.05,1.42,2.84,-2.0,1.87,2.03,1.86,2.03,1,Bundesliga
1.33,5.75,7.5,1.32,6.0,8.0,1.3,5.5,8.5,1.34,6.0,7.96,1.33,5.5,8.0,1.36,6.03,8.6,1.37,6.2,8.6,1.33,5.88,8.06,1.36,3.2,1.39,3.12,1.42,3.2,1.38,3.05,-1.5,1.9,2.0,1.91,2.0,1,Bundesliga
1.83,3.8,4.0,1.87,3.9,3.75,1.87,3.9,4.0,1.88,3.9,4.02,1.91,3.8,3.8,1.93,4.1,3.97,1.93,4.1,4.1,1.88,3.91,3.9,1.62,2.3,1.65,2.34,1.67,2.39,1.62,2.34,-0.5,1.9,2.0,1.89,2.01,0,Bundesliga
2.7,3.5,2.45,2.75,3.5,2.45,2.8,3.4,2.5,2.82,3.52,2.54,2.8,3.4,2.45,2.88,3.62,2.55,2.88,3.62,2.6,2.79,3.49,2.51,1.73,2.1,1.77,2.13,1.81,2.16,1.76,2.11,0.0,2.04,1.86,2.02,1.89,1,Bundesliga
2.0,3.75,3.5,1.98,3.75,3.5,2.0,3.8,3.6,2.01,3.86,3.59,2.0,3.7,3.5,2.05,3.98,3.63,2.05,4.0,3.65,2.01,3.83,3.53,1.62,2.3,1.65,2.35,1.68,2.38,1.64,2.31,-0.5,2.03,1.87,2.02,1.88,0,Bundesliga
2.2,3.8,3.0,2.2,3.8,2.9,2.2,3.8,3.0,2.25,3.69,3.15,2.25,3.7,3.0,2.28,3.93,3.11,2.3,3.93,3.18,2.25,3.77,3.03,1.5,2.63,1.5,2.68,1.5,2.79,1.47,2.68,-0.25,1.99,1.91,2.0,1.91,1,Bundesliga
1.7,3.9,4.75,1.7,3.9,4.6,1.7,4.0,5.0,1.7,3.9,5.21,1.7,3.9,4.75,1.74,4.22,4.94,1.74,4.22,5.21,1.7,3.95,4.84,1.73,2.1,1.75,2.16,1.78,2.21,1.72,2.14,-0.75,1.9,2.0,1.91,2.0,0,Bundesliga
2.1,3.8,3.2,2.05,3.9,3.1,2.05,3.9,3.25,2.14,3.89,3.22,2.1,3.7,3.2,2.18,3.97,3.28,2.18,4.0,3.3,2.1,3.87,3.18,1.5,2.63,1.5,2.7,1.5,2.79,1.48,2.65,-0.25,1.87,2.03,1.88,2.02,1,Bundesliga
2.45,3.25,2.9,2.45,3.1,3.0,2.5,3.2,3.0,2.55,3.19,3.11,2.5,3.1,3.0,2.56,3.3,3.11,2.56,3.3,3.15,2.52,3.18,3.04,2.38,1.57,2.46,1.61,2.51,1.65,2.41,1.59,-0.25,2.08,1.73,2.17,1.79,0,Bundesliga
9.5,6.5,1.27,9.25,6.25,1.28,10.5,7.0,1.22,10.94,6.8,1.24,9.0,6.5,1.29,9.4,7.24,1.3,11.0,7.24,1.3,10.15,6.68,1.26,1.3,3.5,1.32,3.31,1.32,3.73,1.29,3.54,1.75,2.04,1.86,2.05,1.84,0,Bundesliga
3.5,3.6,2.0,3.4,3.7,2.05,3.5,3.7,2.05,3.48,3.74,2.08,3.5,3.75,2.0,3.63,4.02,2.04,3.63,4.02,2.1,3.46,3.74,2.06,1.62,2.3,1.6,2.45,1.65,2.5,1.59,2.4,0.5,1.84,2.06,1.83,2.09,1,Bundesliga
9.0,7.0,1.25,11.0,6.5,1.24,12.0,7.0,1.22,12.45,7.14,1.22,12.0,6.5,1.22,11.4,7.32,1.26,13.0,7.5,1.26,11.42,6.92,1.23,1.4,3.0,1.38,3.1,1.41,3.17,1.38,3.03,1.75,2.07,1.83,2.11,1.78,0,Bundesliga
1.62,4.33,4.75,1.63,4.2,4.8,1.62,4.33,5.0,1.64,4.29,5.15,1.65,4.2,4.8,1.69,4.53,4.94,1.69,4.53,5.3,1.64,4.3,4.93,1.53,2.5,1.54,2.59,1.55,2.65,1.52,2.55,-1.0,2.06,1.84,2.07,1.85,1,Bundesliga
1.57,4.33,5.25,1.55,4.5,5.25,1.6,4.5,5.0,1.6,4.67,5.11,1.57,4.5,5.0,1.64,4.79,5.1,1.64,4.8,5.5,1.59,4.59,5.08,1.4,3.0,1.42,2.95,1.44,3.02,1.41,2.92,-1.0,1.95,1.95,1.96,1.94,0,Bundesliga
2.05,3.75,3.25,2.1,3.75,3.1,2.05,3.8,3.3,2.11,3.85,3.33,2.1,3.75,3.2,2.14,4.02,3.34,2.15,4.02,3.37,2.1,3.79,3.25,1.57,2.38,1.58,2.49,1.59,2.55,1.55,2.45,-0.25,1.85,2.05,1.85,2.06,0,Bundesliga
1.9,4.0,3.7,1.87,3.9,3.7,1.95,3.9,3.7,1.93,4.05,3.72,1.91,4.0,3.6,1.95,4.27,3.73,1.95,4.27,3.85,1.91,4.04,3.65,1.44,2.75,1.46,2.8,1.48,2.88,1.45,2.72,-0.5,1.92,1.98,1.93,1.97,0,Bundesliga
2.75,3.4,2.45,2.7,3.3,2.55,2.8,3.3,2.6,2.91,3.27,2.61,2.75,3.4,2.5,2.88,3.6,2.56,2.94,3.6,2.61,2.83,3.33,2.54,1.95,1.95,1.96,1.93,1.98,1.96,1.92,1.91,0.0,2.05,1.85,2.07,1.85,0,Bundesliga
1.67,4.2,4.5,1.65,4.2,4.75,1.65,4.33,4.75,1.69,4.18,4.86,1.65,4.2,4.6,1.72,4.42,4.83,1.75,4.42,5.0,1.68,4.2,4.73,1.57,2.38,1.61,2.41,1.64,2.46,1.59,2.4,-0.75,1.87,2.03,1.88,2.03,1,Bundesliga
3.4,3.5,2.1,3.4,3.6,2.05,3.4,3.75,2.1,3.49,3.7,2.09,3.3,3.6,2.05,3.52,3.79,2.14,3.55,3.79,2.15,3.39,3.66,2.1,1.57,2.38,1.58,2.5,1.58,2.55,1.55,2.45,0.25,2.07,1.83,2.09,1.83,1,Bundesliga
1.2,6.5,15.0,1.2,7.5,12.5,1.18,8.0,15.0,1.19,8.07,13.4,1.18,7.0,13.0,1.22,7.75,14.8,1.22,8.6,15.0,1.19,7.63,13.79,1.4,3.0,1.4,3.01,1.44,3.1,1.41,2.92,-2.0,1.92,1.98,1.92,1.97,1,Bundesliga
1.29,6.0,9.0,1.28,6.25,9.25,1.3,6.0,8.5,1.33,6.24,7.44,1.29,5.8,9.0,1.32,6.51,9.65,1.35,6.51,9.65,1.31,6.11,8.33,1.33,3.4,1.34,3.31,1.37,3.6,1.34,3.27,-1.75,2.0,1.9,2.01,1.88,1,Bundesliga
2.3,3.3,3.2,2.25,3.3,3.25,2.3,3.3,3.25,2.37,3.28,3.27,2.25,3.25,3.2,2.36,3.48,3.29,2.4,3.48,3.31,2.32,3.3,3.24,2.1,1.73,2.19,1.73,2.25,1.78,2.15,1.72,-0.25,2.02,1.88,2.03,1.88,1,Bundesliga
1.7,4.1,4.5,1.68,4.33,4.4,1.73,4.33,4.4,1.71,4.24,4.59,1.67,4.2,4.4,1.74,4.46,4.63,1.77,4.46,4.7,1.71,4.25,4.46,1.5,2.63,1.52,2.62,1.54,2.66,1.5,2.59,-0.75,1.9,2.0,1.9,2.0,1,Bundesliga
3.1,3.4,2.3,2.95,3.5,2.3,3.0,3.5,2.3,3.15,3.49,2.33,2.9,3.5,2.3,3.17,3.73,2.32,3.2,3.73,2.36,3.07,3.49,2.3,1.8,2.0,1.81,2.07,1.85,2.17,1.78,2.06,0.25,1.88,2.02,1.89,2.02,0,Bundesliga
1.8,3.8,4.2,1.85,3.7,4.0,1.8,3.75,4.5,1.83,3.77,4.49,1.75,3.75,4.33,1.84,3.99,4.52,1.85,4.0,4.54,1.81,3.77,4.34,1.8,2.0,1.81,2.07,1.85,2.1,1.79,2.05,-0.75,2.06,1.84,2.08,1.84,1,Bundesliga
1.67,3.75,5.25,1.71,3.7,5.0,1.7,3.75,5.0,1.71,3.83,5.22,1.7,3.6,5.0,1.74,3.97,5.3,1.86,3.97,5.4,1.71,3.79,5.11,1.95,1.95,1.95,1.93,1.99,2.0,1.92,1.91,-0.75,1.93,2.0,1.93,1.98,1,Bundesliga
1.73,4.0,4.5,1.7,4.0,4.6,1.75,3.9,4.75,1.72,3.99,4.88,1.7,3.9,4.5,1.75,4.22,4.84,1.76,4.22,5.12,1.73,3.96,4.69,1.73,2.1,1.73,2.18,1.78,2.22,1.72,2.15,-0.75,1.93,1.97,1.93,1.98,1,Bundesliga
1.95,3.8,3.6,1.98,3.7,3.6,2.0,3.75,3.6,2.01,3.78,3.69,2.0,3.6,3.5,2.06,3.91,3.65,2.06,3.91,3.74,2.0,3.75,3.59,1.67,2.2,1.69,2.25,1.73,2.29,1.68,2.23,-0.5,2.02,1.88,2.01,1.89,1,Bundesliga
1.7,4.0,4.75,1.65,4.1,4.75,1.67,4.1,5.0,1.7,4.17,4.8,1.67,4.0,4.6,1.73,4.38,4.79,1.73,4.38,5.0,1.69,4.12,4.75,1.62,2.3,1.62,2.39,1.65,2.44,1.61,2.35,-0.75,1.9,2.0,1.89,2.02,0,Bundesliga
4.75,3.7,1.75,4.6,3.7,1.75,4.75,3.9,1.75,4.72,3.84,1.78,4.5,3.75,1.73,4.69,4.0,1.81,4.96,4.0,1.81,4.65,3.83,1.76,1.89,2.01,1.9,1.99,1.93,2.03,1.86,1.98,0.75,1.9,2.0,1.9,2.01,0,Bundesliga
3.0,3.75,2.2,3.1,3.75,2.15,3.0,3.8,2.25,3.02,3.75,2.3,2.9,3.75,2.2,3.07,4.0,2.28,3.1,4.0,2.33,3.0,3.75,2.25,1.53,2.5,1.56,2.55,1.58,2.6,1.53,2.5,0.25,1.9,2.0,1.89,2.01,0,Bundesliga
4.75,4.1,1.67,4.4,4.4,1.66,4.6,4.2,1.7,4.67,4.38,1.68,4.4,4.2,1.67,4.52,4.58,1.74,4.75,4.58,1.74,4.54,4.32,1.69,1.4,3.0,1.41,3.01,1.41,3.12,1.39,2.99,0.75,2.05,1.85,2.06,1.85,0,Bundesliga
2.1,3.4,3.5,2.05,3.6,3.4,2.05,3.6,3.6,2.08,3.7,3.53,2.05,3.6,3.3,2.13,3.73,3.6,2.13,3.8,3.6,2.08,3.61,3.45,1.67,2.2,1.67,2.29,1.73,2.33,1.66,2.26,-0.25,1.83,2.07,1.81,2.1,1,Bundesliga
3.7,3.7,1.95,3.6,3.6,2.0,3.8,3.8,1.95,3.85,3.73,1.97,3.6,3.6,1.95,3.89,3.87,2.0,3.89,3.87,2.0,3.73,3.69,1.97,1.73,2.1,1.78,2.12,1.83,2.16,1.76,2.09,0.5,1.91,1.99,1.93,1.98,0,Bundesliga
2.2,3.3,3.3,2.15,3.3,3.3,2.2,3.4,3.4,2.26,3.45,3.38,2.2,3.3,3.25,2.27,3.54,3.42,2.27,3.54,3.42,2.22,3.41,3.3,1.93,1.97,1.95,1.95,1.97,2.0,1.9,1.92,-0.25,1.95,1.98,1.95,1.97,1,Bundesliga
5.75,4.0,1.57,5.0,4.1,1.63,5.5,4.1,1.57,5.59,4.28,1.6,5.5,4.0,1.57,5.55,4.46,1.64,5.75,4.46,1.64,5.47,4.2,1.59,1.67,2.2,1.69,2.25,1.7,2.34,1.66,2.25,1.0,1.87,2.03,1.88,2.02,0,Bundesliga
6.5,4.5,1.48,5.75,4.6,1.5,6.5,4.75,1.44,6.86,4.87,1.46,6.5,4.5,1.44,7.0,4.94,1.49,7.21,4.94,1.5,6.54,4.69,1.47,1.53,2.5,1.53,2.6,1.58,2.63,1.52,2.52,1.25,1.86,2.04,1.88,2.02,1,Bundesliga
1.44,4.75,6.5,1.47,4.75,6.25,1.4,4.75,7.0,1.46,4.89,6.75,1.44,4.6,6.5,1.49,5.09,6.69,1.49,5.09,7.13,1.44,4.89,6.63,1.5,2.63,1.52,2.62,1.52,2.88,1.48,2.64,-1.25,1.95,1.95,1.96,1.93,1,Bundesliga
1.6,3.8,6.0,1.61,3.8,6.0,1.57,3.9,6.5,1.6,4.01,6.13,1.55,3.9,6.0,1.63,4.17,6.22,1.63,4.17,6.5,1.59,3.94,6.09,2.04,1.86,2.04,1.86,2.07,1.89,2.01,1.83,-1.0,2.07,1.83,2.07,1.85,0,Bundesliga
2.63,3.4,2.63,2.65,3.4,2.55,2.6,3.4,2.7,2.69,3.36,2.75,2.6,3.4,2.6,2.72,3.58,2.72,2.72,3.58,2.77,2.64,3.4,2.66,1.95,1.95,1.97,1.92,1.99,1.96,1.92,1.9,0.0,1.95,1.95,1.93,1.97,0,Bundesliga
4.0,4.0,1.8,4.0,3.75,1.83,4.2,3.9,1.8,4.27,3.93,1.83,4.0,3.8,1.8,4.27,4.05,1.87,4.27,4.05,1.87,4.09,3.89,1.82,1.73,2.1,1.72,2.2,1.76,2.24,1.71,2.16,0.75,1.78,2.03,1.84,2.08,0,Bundesliga
1.44,5.0,6.0,1.44,5.0,6.25,1.44,5.0,6.5,1.45,5.13,6.46,1.44,4.8,6.5,1.48,5.3,6.58,1.48,5.3,7.0,1.44,5.01,6.34,1.4,3.0,1.43,2.94,1.43,3.05,1.4,2.93,-1.25,1.93,1.97,1.95,1.95,0,Bundesliga
2.05,4.0,3.2,2.15,3.7,3.0,2.1,3.8,3.25,2.11,3.92,3.29,2.1,3.7,3.1,2.15,4.06,3.29,2.15,4.06,3.29,2.1,3.86,3.18,1.53,2.5,1.56,2.52,1.56,2.55,1.53,2.48,-0.25,1.85,2.05,1.85,2.06,1,Bundesliga
1.2,7.5,11.0,1.21,7.25,12.0,1.22,7.0,11.0,1.21,7.48,13.15,1.22,6.5,11.0,1.23,7.95,12.9,1.28,7.95,13.15,1.22,7.04,11.46,1.29,3.75,1.33,3.43,1.3,3.75,1.28,3.59,-2.0,1.86,2.04,1.87,2.04,1,Bundesliga
1.83,4.0,3.9,1.83,3.9,3.9,1.8,3.9,4.2,1.85,4.02,4.05,1.85,3.9,3.9,1.91,4.06,4.1,1.91,4.07,4.2,1.84,3.95,3.97,1.67,2.2,1.67,2.3,1.73,2.33,1.66,2.24,-0.5,1.86,2.04,1.86,2.05,0,Bundesliga
2.3,3.6,2.9,2.35,3.7,2.8,2.38,3.7,2.88,2.4,3.66,2.91,2.3,3.75,2.8,2.41,3.93,2.89,2.42,3.93,2.92,2.35,3.69,2.85,1.57,2.38,1.62,2.39,1.64,2.47,1.58,2.39,-0.25,2.08,1.82,2.1,1.83,0,Bundesliga
3.0,3.4,2.35,3.0,3.3,2.35,3.1,3.4,2.38,3.17,3.25,2.44,3.1,3.25,2.38,3.19,3.38,2.46,3.19,3.4,2.46,3.05,3.31,2.4,1.97,1.93,1.96,1.93,1.99,1.96,1.92,1.89,0.25,1.83,2.07,1.83,2.09,1,Bundesliga
1.45,4.75,6.5,1.51,4.5,6.0,1.47,4.6,6.5,1.47,4.73,6.93,1.44,4.5,6.5,1.51,4.79,6.85,1.51,4.79,6.93,1.47,4.64,6.51,1.67,2.2,1.67,2.3,1.72,2.35,1.66,2.24,-1.25,2.05,1.85,2.04,1.87,0,Bundesliga
2.05,3.3,3.75,2.1,3.4,3.5,2.1,3.4,3.7,2.11,3.38,3.78,2.15,3.3,3.5,2.15,3.52,3.75,2.15,3.52,3.79,2.1,3.37,3.64,2.0,1.8,2.08,1.81,2.1,1.85,2.03,1.8,-0.25,1.75,2.05,1.82,2.11,1,Bundesliga
1.38,5.0,7.5,1.38,5.0,7.75,1.36,5.0,8.5,1.37,5.33,8.23,1.4,4.8,7.5,1.43,5.2,8.0,1.43,5.33,9.0,1.38,5.03,8.04,1.62,2.3,1.6,2.43,1.67,2.43,1.6,2.35,-1.25,1.83,2.07,1.83,2.09,1,Bundesliga
2.3,3.5,3.0,2.35,3.4,2.9,2.3,3.5,3.0,2.35,3.55,3.07,2.3,3.5,2.9,2.37,3.77,3.05,2.37,3.77,3.07,2.32,3.52,2.98,1.73,2.1,1.76,2.15,1.8,2.19,1.74,2.11,-0.25,2.03,1.87,2.04,1.87,1,Bundesliga
3.1,3.6,2.2,3.0,3.7,2.15,3.1,3.7,2.25,3.09,3.65,2.29,3.0,3.75,2.2,3.13,3.9,2.28,3.15,3.9,2.3,3.05,3.67,2.23,1.62,2.3,1.64,2.34,1.67,2.45,1.59,2.36,0.25,1.92,1.98,1.91,2.0,0,Bundesliga
2.7,3.6,2.45,2.8,3.4,2.4,2.8,3.6,2.45,2.92,3.6,2.43,2.8,3.5,2.4,2.96,3.67,2.47,2.96,3.67,2.49,2.82,3.55,2.43,1.57,2.38,1.61,2.4,1.65,2.45,1.59,2.37,0.25,1.73,2.08,1.81,2.11,0,Bundesliga
1.4,4.75,7.5,1.38,5.0,7.75,1.4,5.0,8.0,1.4,5.21,7.67,1.4,4.8,7.0,1.43,5.25,7.9,1.43,5.25,8.0,1.39,4.98,7.58,1.57,2.38,1.61,2.42,1.64,2.47,1.57,2.4,-1.25,1.88,2.02,1.86,2.05,1,Bundesliga
3.1,3.3,2.3,3.1,3.25,2.35,3.25,3.3,2.3,3.24,3.29,2.38,3.2,3.25,2.3,3.31,3.31,2.43,3.31,3.31,2.43,3.17,3.26,2.34,2.05,1.85,2.06,1.83,2.13,1.86,2.04,1.79,0.25,1.87,2.03,1.87,2.04,1,Bundesliga
2.35,3.6,2.88,2.35,3.5,2.9,2.45,3.6,2.8,2.44,3.45,3.0,2.45,3.4,2.8,2.5,3.52,3.02,2.5,3.6,3.02,2.43,3.45,2.87,1.57,2.38,1.63,2.38,1.67,2.41,1.61,2.33,-0.25,2.08,1.82,2.11,1.81,0,Bundesliga
1.53,4.33,5.75,1.53,4.33,5.75,1.53,4.33,6.0,1.57,4.38,5.81,1.57,4.2,5.5,1.61,4.46,5.92,1.61,4.46,6.0,1.56,4.28,5.76,1.73,2.1,1.74,2.16,1.8,2.18,1.72,2.12,-1.0,1.95,1.95,1.95,1.95,1,Bundesliga
3.7,3.5,2.05,3.5,3.5,2.05,3.5,3.6,2.05,3.8,3.4,2.1,3.5,3.4,2.1,3.81,3.52,2.13,3.81,3.6,2.14,3.57,3.47,2.08,1.85,2.05,1.87,2.02,1.89,2.06,1.81,2.01,0.25,2.05,1.75,2.11,1.8,0,Bundesliga
7.0,5.0,1.4,6.25,5.25,1.42,7.0,5.0,1.36,7.2,5.47,1.4,6.5,5.0,1.4,6.89,5.5,1.45,7.2,5.5,1.45,6.8,5.23,1.4,1.36,3.2,1.36,3.27,1.36,3.4,1.34,3.22,1.25,2.03,1.78,2.08,1.81,0,Bundesliga
1.75,4.0,4.2,1.75,4.1,4.2,1.75,4.2,4.33,1.76,4.18,4.34,1.75,4.0,4.0,1.81,4.32,4.32,1.81,4.32,4.6,1.75,4.11,4.22,1.53,2.5,1.54,2.59,1.54,2.6,1.51,2.51,-0.75,1.99,1.91,1.98,1.93,1,Bundesliga
3.6,3.6,2.0,3.5,3.6,2.0,3.6,3.75,2.0,3.76,3.71,2.0,3.6,3.6,2.0,3.79,3.79,2.05,3.79,3.79,2.05,3.61,3.65,1.99,1.73,2.1,1.74,2.17,1.78,2.25,1.71,2.14,0.5,1.88,2.02,1.89,2.01,0,Bundesliga
5.25,4.5,1.55,5.25,4.5,1.55,5.5,4.6,1.53,5.52,4.77,1.56,5.0,4.5,1.57,5.45,4.79,1.61,5.75,4.79,1.61,5.41,4.64,1.55,1.44,2.75,1.47,2.81,1.47,2.9,1.44,2.77,1.0,2.0,1.9,2.03,1.9,1,Bundesliga
1.7,4.2,4.33,1.7,4.0,4.5,1.7,4.1,4.6,1.72,4.19,4.77,1.73,4.0,4.5,1.75,4.38,4.64,1.8,4.38,4.77,1.71,4.12,4.53,1.57,2.38,1.6,2.47,1.63,2.53,1.57,2.42,-0.75,1.9,2.0,1.92,2.01,1,Bundesliga
1.36,5.25,7.5,1.37,5.0,7.75,1.33,5.0,9.0,1.38,5.26,8.51,1.36,5.0,8.0,1.4,5.39,8.8,1.4,5.39,9.0,1.37,5.12,8.38,1.62,2.3,1.65,2.35,1.68,2.43,1.62,2.31,-1.5,2.06,1.84,2.09,1.85,1,Bundesliga
1.91,3.8,3.75,1.98,3.75,3.5,1.95,3.8,3.7,1.95,3.86,3.87,1.95,3.75,3.6,1.99,4.06,3.77,1.99,4.06,3.9,1.96,3.8,3.69,1.62,2.3,1.62,2.42,1.65,2.45,1.59,2.36,-0.5,1.95,1.95,1.96,1.96,1,Bundesliga
2.6,3.25,2.75,2.5,3.2,2.85,2.6,3.3,2.8,2.64,3.28,2.87,2.6,3.3,2.75,2.66,3.5,2.83,2.66,3.5,2.87,2.59,3.27,2.81,2.0,1.8,2.09,1.8,2.12,1.85,2.04,1.78,0.0,1.88,2.02,1.88,2.04,1,Bundesliga
1.95,3.9,3.4,2.05,3.7,3.3,1.95,3.9,3.5,2.01,3.81,3.63,2.0,3.7,3.5,2.05,3.89,3.71,2.05,3.9,3.71,2.01,3.78,3.47,1.44,2.75,1.47,2.74,1.47,2.8,1.44,2.71,-0.5,2.0,1.9,2.02,1.88,1,Bundesliga
1.83,3.5,4.5,1.85,3.4,4.4,1.85,3.4,4.75,1.84,3.56,4.74,1.85,3.5,4.4,1.87,3.73,4.69,1.87,3.73,4.75,1.84,3.51,4.55,2.1,1.73,2.13,1.77,2.21,1.78,2.11,1.74,-0.5,1.85,2.05,1.85,2.07,0,Bundesliga
1.6,4.2,4.75,1.63,4.2,5.0,1.6,4.2,5.0,1.64,4.42,4.97,1.62,4.0,4.6,1.68,4.46,5.14,1.68,4.46,5.25,1.63,4.26,4.92,1.57,2.38,1.6,2.44,1.64,2.47,1.59,2.37,-1.0,2.07,1.83,2.08,1.84,0,Bundesliga
2.55,3.6,2.63,2.55,3.5,2.6,2.55,3.6,2.63,2.61,3.64,2.71,2.5,3.6,2.6,2.65,3.75,2.7,2.65,3.75,2.72,2.56,3.59,2.65,1.57,2.38,1.61,2.43,1.61,2.64,1.56,2.41,0.0,1.94,1.99,1.93,2.0,1,Bundesliga
1.17,7.5,15.0,1.18,8.25,13.5,1.17,8.5,16.0,1.17,8.66,14.14,1.17,8.5,15.0,1.18,9.4,17.0,1.19,9.4,17.0,1.17,8.34,14.42,1.3,3.5,1.3,3.4,1.3,3.95,1.27,3.62,-2.25,1.98,1.92,1.96,1.93,1,Bundesliga
3.7,3.6,2.0,3.7,3.7,1.95,3.75,3.6,2.0,3.71,3.75,2.01,3.6,3.7,2.0,3.71,3.92,2.04,3.75,3.92,2.04,3.63,3.7,1.99,1.73,2.1,1.74,2.18,1.77,2.22,1.73,2.12,0.5,1.89,2.01,1.89,2.02,0,Bundesliga
2.38,3.5,2.8,2.45,3.4,2.75,2.4,3.4,2.9,2.43,3.5,2.97,2.4,3.4,2.88,2.48,3.59,3.0,2.49,3.59,3.0,2.42,3.47,2.87,1.97,1.93,1.97,1.92,1.99,1.96,1.93,1.89,-0.25,2.08,1.82,2.11,1.81,0,Bundesliga
3.0,3.4,2.35,2.85,3.6,2.35,3.0,3.5,2.3,2.94,3.63,2.39,2.8,3.6,2.38,2.98,3.83,2.39,3.0,3.83,2.45,2.9,3.6,2.35,1.67,2.2,1.67,2.3,1.71,2.35,1.64,2.26,0.25,1.84,2.06,1.83,2.09,0,Bundesliga
1.65,4.5,4.5,1.63,4.2,4.8,1.65,4.2,5.0,1.67,4.39,4.78,1.67,4.2,4.75,1.7,4.46,4.94,1.7,4.5,5.0,1.66,4.33,4.71,1.53,2.5,1.55,2.57,1.55,2.57,1.52,2.5,-1.0,2.05,1.75,2.1,1.81,1,Bundesliga
1.27,5.75,11.0,1.26,6.25,10.5,1.25,6.0,11.0,1.27,6.29,9.26,1.29,6.0,10.0,1.3,6.59,10.8,1.3,6.59,11.0,1.27,6.22,10.05,1.44,2.75,1.4,2.94,1.44,3.2,1.39,2.92,-1.75,1.95,1.95,1.96,1.91,1,Bundesliga
2.55,3.2,2.88,2.6,3.25,2.7,2.63,3.1,2.88,2.63,3.2,2.94,2.6,3.1,2.88,2.69,3.28,2.96,2.69,3.28,2.97,2.58,3.18,2.88,2.1,1.73,2.17,1.75,2.19,1.79,2.11,1.73,0.0,1.84,2.06,1.85,2.07,1,Bundesliga
1.85,3.8,4.0,1.82,3.75,4.1,1.9,3.6,4.2,1.88,3.79,4.19,1.85,3.7,4.0,1.9,3.91,4.27,1.9,3.91,4.27,1.86,3.72,4.09,1.87,2.03,1.89,2.0,1.92,2.03,1.85,1.97,-0.5,1.89,2.01,1.88,2.02,0,Bundesliga
1.42,5.0,7.0,1.42,4.8,6.75,1.4,5.0,7.0,1.44,5.08,7.11,1.44,4.8,6.5,1.47,5.09,7.15,1.47,5.17,7.5,1.43,4.96,6.99,1.53,2.5,1.57,2.52,1.57,2.65,1.53,2.48,-1.25,1.95,1.98,1.94,1.97,0,Bundesliga
1.82,3.6,4.0,1.93,3.6,3.8,1.87,3.6,4.33,1.91,3.65,4.22,1.85,3.6,4.0,1.93,3.83,4.22,1.95,3.83,4.33,1.9,3.62,4.05,1.92,1.98,1.93,1.96,1.96,1.99,1.9,1.92,-0.5,1.85,1.96,1.92,1.99,1,Bundesliga
1.62,4.33,4.75,1.61,4.33,4.8,1.62,4.4,5.0,1.63,4.44,5.03,1.65,4.33,4.75,1.68,4.58,4.99,1.68,4.58,5.03,1.62,4.39,4.9,1.5,2.63,1.51,2.62,1.51,2.63,1.5,2.57,-1.0,2.01,1.8,2.05,1.86,0,Bundesliga
7.5,5.75,1.33,8.5,5.5,1.32,9.5,5.5,1.3,8.98,5.78,1.33,8.0,5.5,1.35,8.8,5.87,1.37,9.5,5.87,1.37,8.55,5.6,1.32,1.44,2.75,1.44,2.85,1.44,3.0,1.42,2.82,1.5,2.01,1.92,2.0,1.91,0,Bundesliga
2.8,3.5,2.45,2.85,3.4,2.4,2.8,3.5,2.5,2.88,3.55,2.47,2.8,3.4,2.45,2.95,3.65,2.49,2.95,3.65,2.5,2.84,3.5,2.44,1.73,2.1,1.78,2.13,1.81,2.17,1.75,2.1,0.0,2.04,1.77,2.12,1.81,1,Bundesliga
3.7,3.9,1.9,3.7,3.9,1.9,3.75,3.9,1.95,3.79,4.03,1.92,3.6,3.9,1.91,3.84,4.16,1.94,3.84,4.16,1.95,3.7,3.95,1.91,1.49,2.45,1.56,2.53,1.56,2.63,1.53,2.48,0.5,1.99,1.94,1.98,1.93,0,Bundesliga
1.73,4.0,4.5,1.71,4.0,4.5,1.75,4.0,4.5,1.72,4.12,4.66,1.75,4.0,4.33,1.78,4.27,4.58,1.78,4.27,4.66,1.72,4.08,4.49,1.62,2.3,1.63,2.38,1.67,2.41,1.61,2.34,-0.75,1.95,1.98,1.93,1.97,1,Bundesliga
3.1,3.6,2.2,3.1,3.5,2.2,3.0,3.6,2.25,3.16,3.58,2.29,3.1,3.6,2.2,3.17,3.86,2.27,3.17,3.86,2.3,3.08,3.59,2.24,1.67,2.2,1.69,2.26,1.7,2.34,1.66,2.23,0.25,1.92,1.98,1.92,1.99,0,Bundesliga
2.55,3.1,3.0,2.5,3.1,2.95,2.55,3.1,3.0,2.53,3.15,3.12,2.5,3.2,2.9,2.53,3.38,3.08,2.55,3.38,3.12,2.5,3.14,3.01,2.2,1.67,2.35,1.65,2.35,1.7,2.27,1.64,0.0,1.79,2.11,1.76,2.17,1,Bundesliga
2.25,3.3,3.2,2.25,3.3,3.2,2.3,3.4,3.25,2.35,3.46,3.19,2.25,3.4,3.1,2.38,3.55,3.19,2.38,3.55,3.25,2.31,3.4,3.13,1.89,2.01,1.89,2.02,1.92,2.03,1.86,1.98,-0.25,2.03,1.9,2.03,1.9,1,Bundesliga
2.8,3.4,2.5,2.7,3.4,2.5,2.8,3.4,2.55,2.88,3.42,2.54,2.75,3.3,2.5,2.96,3.46,2.57,2.96,3.46,2.57,2.81,3.38,2.51,1.8,2.0,1.82,2.07,1.85,2.1,1.79,2.03,0.0,2.06,1.84,2.08,1.84,0,Bundesliga
4.33,3.9,1.75,4.2,3.9,1.78,4.4,4.0,1.75,4.49,4.04,1.76,4.0,4.0,1.8,4.32,4.32,1.81,4.49,4.32,1.81,4.3,4.01,1.76,1.57,2.38,1.58,2.45,1.58,2.45,1.56,2.4,0.75,1.92,1.98,1.93,1.98,0,Bundesliga
2.35,3.3,3.1,2.3,3.2,3.2,2.25,3.25,3.4,2.38,3.2,3.32,2.38,3.1,3.2,2.43,3.28,3.35,2.43,3.3,3.4,2.35,3.2,3.23,2.2,1.67,2.28,1.68,2.31,1.72,2.22,1.66,-0.25,2.04,1.86,2.04,1.88,0,Bundesliga
1.57,4.5,5.0,1.57,4.6,5.0,1.57,4.6,5.0,1.58,4.65,5.2,1.57,4.5,5.0,1.62,4.84,5.25,1.62,4.84,5.5,1.57,4.62,5.05,1.44,2.75,1.43,2.92,1.44,2.92,1.41,2.84,-1.0,1.95,1.95,1.93,1.97,0,Bundesliga
3.1,3.5,2.25,3.0,3.4,2.25,3.2,3.4,2.25,3.2,3.52,2.29,3.1,3.4,2.25,3.24,3.66,2.31,3.24,3.66,2.31,3.12,3.49,2.26,1.73,2.1,1.78,2.12,1.8,2.17,1.76,2.08,0.25,1.92,1.98,1.92,1.99,0,Bundesliga
1.95,3.8,3.6,1.9,3.75,3.75,1.95,3.9,3.6,1.99,3.8,3.72,1.95,3.9,3.5,2.02,4.1,3.63,2.02,4.1,3.75,1.96,3.82,3.59,1.53,2.5,1.55,2.55,1.56,2.63,1.52,2.5,-0.5,1.99,1.91,2.0,1.91,0,Bundesliga
1.25,7.0,9.5,1.24,6.75,10.5,1.22,6.5,12.0,1.23,7.29,10.7,1.25,6.5,11.0,1.26,7.1,12.0,1.27,7.5,12.0,1.23,6.86,10.7,1.36,3.2,1.37,3.15,1.38,3.2,1.36,3.07,-1.75,1.83,2.07,1.83,2.07,1,Bundesliga
1.85,3.8,3.9,1.87,3.9,3.7,1.87,3.9,3.9,1.88,3.93,3.98,1.85,3.9,3.75,1.9,4.27,3.91,1.92,4.27,4.1,1.89,3.92,3.84,1.5,2.63,1.52,2.62,1.53,2.69,1.5,2.6,-0.5,1.89,2.01,1.89,2.01,0,Bundesliga
1.7,3.75,4.75,1.73,3.8,4.6,1.73,3.9,4.75,1.74,3.99,4.77,1.75,3.8,4.6,1.76,4.17,4.84,1.76,4.17,4.84,1.73,3.93,4.65,1.73,2.1,1.77,2.12,1.81,2.17,1.75,2.1,-0.75,1.95,1.95,1.95,1.95,1,Bundesliga
2.2,3.5,3.2,2.15,3.6,3.25,2.2,3.5,3.2,2.26,3.6,3.2,2.2,3.5,3.1,2.27,3.75,3.24,2.29,3.75,3.25,2.22,3.57,3.18,1.84,2.06,1.83,2.06,1.86,2.09,1.82,2.03,-0.25,1.97,1.93,1.96,1.94,0,Bundesliga
1.75,3.5,5.0,1.78,3.6,4.5,1.75,3.6,5.0,1.78,3.72,4.88,1.75,3.6,4.6,1.8,3.89,4.94,1.8,3.89,5.0,1.77,3.66,4.78,2.05,1.85,2.07,1.83,2.1,1.88,2.03,1.81,-0.75,2.03,1.87,2.03,1.88,0,Bundesliga
4.33,3.6,1.8,4.0,3.8,1.83,4.4,3.75,1.83,4.3,3.86,1.84,4.0,3.9,1.8,4.22,4.1,1.87,4.5,4.1,1.88,4.21,3.83,1.83,1.67,2.2,1.68,2.28,1.71,2.32,1.66,2.25,0.5,2.06,1.84,2.07,1.85,0,Bundesliga
2.63,3.5,2.55,2.55,3.6,2.5,2.63,3.6,2.55,2.62,3.7,2.63,2.5,3.6,2.6,2.67,3.83,2.64,2.67,3.83,2.69,2.59,3.64,2.59,1.53,2.5,1.56,2.52,1.57,2.57,1.54,2.48,0.0,1.95,1.95,1.95,1.95,0,Bundesliga
2.25,3.5,3.0,2.3,3.5,2.9,2.25,3.5,3.1,2.31,3.54,3.15,2.25,3.6,3.0,2.32,3.81,3.11,2.35,3.81,3.15,2.29,3.54,3.04,1.67,2.2,1.71,2.23,1.74,2.3,1.68,2.21,-0.25,2.01,1.89,2.0,1.9,0,Bundesliga
1.57,4.2,5.25,1.58,4.33,5.25,1.57,4.2,6.0,1.57,4.39,5.81,1.57,4.2,5.5,1.62,4.46,5.81,1.62,4.5,6.0,1.57,4.31,5.56,1.73,2.1,1.73,2.19,1.77,2.22,1.71,2.16,-1.0,2.0,1.9,1.97,1.93,1,Bundesliga
7.0,4.75,1.42,6.75,4.8,1.43,7.5,5.0,1.4,7.84,4.94,1.42,7.5,4.75,1.4,7.55,5.06,1.46,8.0,5.06,1.46,7.41,4.86,1.42,1.62,2.3,1.65,2.36,1.69,2.42,1.63,2.33,1.25,1.95,1.98,1.97,1.95,0,Ligue 1
3.0,3.3,2.4,2.8,3.4,2.45,2.9,3.3,2.45,2.96,3.37,2.51,2.88,3.4,2.4,2.95,3.65,2.49,3.0,3.65,2.55,2.88,3.4,2.46,1.89,2.01,1.88,2.0,1.92,2.02,1.87,1.97,0.0,2.1,1.7,2.13,1.8,0,Ligue 1
3.3,3.4,2.2,3.3,3.4,2.15,3.4,3.3,2.2,3.36,3.38,2.27,3.3,3.5,2.15,3.4,3.63,2.25,3.6,3.63,2.29,3.33,3.41,2.2,1.99,1.91,1.97,1.92,2.0,1.95,1.95,1.88,0.25,1.99,1.94,1.94,1.96,0,Ligue 1
1.48,4.5,6.25,1.52,4.4,5.75,1.5,4.6,6.5,1.51,4.64,6.26,1.5,4.4,6.5,1.54,4.82,6.26,1.54,4.9,6.5,1.5,4.64,6.1,1.57,2.38,1.59,2.45,1.66,2.5,1.58,2.42,-1.0,1.75,2.05,1.81,2.09,1,Ligue 1
3.1,3.25,2.35,3.1,3.2,2.35,3.1,3.25,2.4,3.22,3.18,2.45,3.1,3.2,2.38,3.23,3.41,2.42,3.28,3.41,2.47,3.14,3.21,2.39,2.2,1.67,2.23,1.71,2.25,1.75,2.19,1.69,0.25,1.85,2.08,1.83,2.09,1,Ligue 1
5.75,3.8,1.62,5.0,3.9,1.66,5.5,3.9,1.65,5.66,3.96,1.65,5.5,3.9,1.65,5.38,4.15,1.7,5.75,4.15,1.7,5.35,3.92,1.65,1.92,1.98,1.9,1.99,1.94,2.01,1.88,1.96,0.75,2.08,1.85,2.08,1.83,0,Ligue 1
2.0,3.3,3.75,2.1,3.3,3.6,2.1,3.4,3.6,2.12,3.35,3.8,2.05,3.4,3.6,2.1,3.69,3.73,2.14,3.69,3.86,2.08,3.39,3.64,1.98,1.92,2.0,1.89,2.02,1.93,1.96,1.87,-0.5,2.09,1.84,2.12,1.79,0,Ligue 1
2.1,3.3,3.7,2.1,3.25,3.7,2.1,3.3,3.75,2.11,3.29,3.92,2.05,3.3,3.75,2.12,3.5,3.87,2.13,3.5,4.0,2.08,3.3,3.75,2.2,1.67,2.28,1.68,2.31,1.72,2.23,1.67,-0.25,1.84,2.09,1.8,2.12,0,Ligue 1
2.35,3.5,2.9,2.25,3.5,3.1,2.3,3.5,2.9,2.47,3.38,3.01,2.3,3.5,3.0,2.39,3.76,3.03,2.47,3.76,3.1,2.36,3.45,2.95,1.8,2.0,1.86,2.04,1.88,2.1,1.8,2.03,-0.25,2.1,1.83,2.13,1.81,1,Ligue 1
1.25,7.0,10.0,1.24,6.75,10.5,1.22,7.0,12.0,1.25,6.94,10.85,1.22,6.5,12.0,1.23,7.8,13.2,1.26,7.8,13.2,1.23,6.93,11.18,1.33,3.4,1.33,3.43,1.35,3.52,1.32,3.35,-2.0,2.04,1.86,2.07,1.82,1,Ligue 1
2.5,3.8,2.6,2.45,3.7,2.65,2.5,3.9,2.63,2.62,3.73,2.61,2.45,3.75,2.62,2.56,4.02,2.66,2.62,4.02,2.7,2.51,3.75,2.61,1.5,2.63,1.53,2.6,1.53,2.67,1.5,2.56,0.0,1.93,1.97,1.95,1.95,0,Ligue 1
1.36,4.75,9.0,1.35,4.8,9.25,1.36,4.75,10.0,1.33,4.72,8.77,1.35,4.6,10.0,1.39,5.13,10.1,1.39,5.13,10.1,1.35,4.87,9.4,1.98,1.92,1.96,1.84,2.03,1.93,1.96,1.87,-1.25,1.85,2.05,1.83,2.0,1,Ligue 1
2.1,3.4,3.5,2.05,3.4,3.6,2.1,3.4,3.7,2.11,3.45,3.71,2.05,3.4,3.6,2.14,3.56,3.73,2.14,3.56,3.78,2.09,3.41,3.61,2.1,1.73,2.15,1.76,2.18,1.8,2.1,1.75,-0.25,1.82,2.08,1.82,2.1,0,Ligue 1
1.8,3.7,4.5,1.78,3.7,4.4,1.8,3.75,4.6,1.81,3.71,4.69,1.75,3.7,4.6,1.84,3.85,4.71,1.84,3.85,4.9,1.79,3.69,4.55,2.02,1.88,2.02,1.87,2.04,1.91,1.98,1.85,-0.75,2.06,1.84,2.06,1.85,1,Ligue 1
2.25,3.3,3.25,2.25,3.4,3.1,2.38,3.3,3.1,2.25,3.22,3.22,2.3,3.4,3.1,2.33,3.54,3.29,2.38,3.54,3.33,2.28,3.33,3.19,2.1,1.73,2.06,1.74,2.11,1.85,2.05,1.78,-0.25,1.99,1.91,1.93,1.87,1,Ligue 1
1.85,3.4,4.5,1.82,3.6,4.2,1.85,3.6,4.5,1.88,3.53,4.57,1.85,3.6,4.2,1.9,3.77,4.45,1.9,3.77,4.7,1.85,3.56,4.37,2.05,1.85,2.08,1.8,2.09,1.88,2.01,1.82,-0.5,1.87,2.03,1.88,2.03,0,Ligue 1
3.1,3.5,2.25,2.95,3.5,2.3,3.1,3.4,2.3,3.19,3.5,2.3,3.2,3.5,2.2,3.24,3.69,2.3,3.27,3.69,2.32,3.12,3.5,2.26,1.86,2.04,1.85,2.05,1.89,2.07,1.83,2.01,0.25,1.92,1.98,1.91,2.0,1,Ligue 1
1.53,4.5,5.5,1.57,4.33,5.25,1.55,4.33,5.5,1.56,4.47,5.84,1.55,4.2,5.8,1.59,4.61,5.84,1.59,4.61,6.0,1.55,4.39,5.68,1.62,2.3,1.64,2.35,1.69,2.38,1.63,2.3,-1.0,1.9,2.0,1.92,1.98,0,Ligue 1
1.85,3.75,4.0,1.85,3.75,3.9,1.87,3.8,4.1,1.89,3.83,4.18,1.85,3.75,4.0,1.93,3.88,4.19,1.97,3.88,4.4,1.88,3.76,4.05,1.73,2.1,1.75,2.17,1.79,2.25,1.72,2.15,-0.5,1.89,2.04,1.9,2.03,1,Ligue 1
1.8,3.8,4.33,1.8,3.7,4.33,1.8,3.8,4.33,1.85,3.83,4.28,1.8,3.7,4.4,1.88,3.81,4.56,1.88,3.96,4.56,1.82,3.76,4.31,2.07,1.83,2.08,1.8,2.1,1.88,2.04,1.8,-0.75,2.03,1.78,2.11,1.79,1,Ligue 1
2.25,3.4,3.2,2.2,3.4,3.2,2.2,3.4,3.3,2.35,3.38,3.22,2.25,3.4,3.2,2.35,3.56,3.24,2.38,3.56,3.3,2.28,3.4,3.17,2.04,1.86,2.05,1.85,2.07,1.89,2.01,1.83,-0.25,2.01,1.89,2.02,1.88,0,Ligue 1
3.8,3.8,1.9,3.7,3.6,1.95,4.2,3.6,1.91,4.09,3.74,1.91,3.9,3.6,1.91,4.06,3.92,1.95,4.2,3.92,1.95,3.93,3.7,1.92,1.8,2.0,1.8,2.09,1.85,2.11,1.8,2.04,0.5,1.99,1.91,1.98,1.92,0,Ligue 1
1.85,3.9,3.9,1.83,3.9,3.9,1.8,4.0,4.0,1.83,3.74,3.9,1.91,3.8,3.8,1.93,4.08,3.98,1.93,4.08,4.1,1.86,3.89,3.92,1.57,2.38,1.58,2.33,1.64,2.48,1.58,2.39,-0.5,1.87,2.03,1.84,1.96,0,Ligue 1
4.0,3.3,2.0,4.0,3.3,1.98,4.2,3.3,1.95,4.2,3.35,2.01,3.9,3.3,2.0,4.19,3.52,2.03,4.33,3.52,2.03,4.06,3.36,1.99,2.3,1.62,2.36,1.64,2.37,1.69,2.29,1.64,0.5,1.87,2.03,1.89,2.02,0,Ligue 1
2.75,3.3,2.6,2.65,3.3,2.6,2.8,3.25,2.63,2.81,3.28,2.69,2.75,3.25,2.6,2.85,3.42,2.69,2.85,3.42,2.7,2.77,3.28,2.63,2.1,1.73,2.2,1.73,2.22,1.77,2.15,1.72,0.0,2.0,1.9,2.0,1.91,1,Ligue 1
2.9,3.5,2.38,2.85,3.5,2.37,2.9,3.4,2.4,2.94,3.29,2.37,2.88,3.5,2.38,3.02,3.69,2.42,3.08,3.69,2.47,2.92,3.44,2.4,1.83,2.07,1.77,2.02,1.86,2.1,1.8,2.04,0.25,1.82,2.08,1.77,2.05,1,Ligue 1
3.9,3.8,1.85,3.8,3.6,1.93,4.2,3.8,1.85,4.31,3.74,1.86,4.0,3.75,1.85,4.25,4.02,1.88,4.4,4.02,1.93,4.07,3.74,1.88,1.73,2.1,1.77,2.13,1.81,2.2,1.75,2.11,0.5,2.03,1.87,2.04,1.88,0,Ligue 1
5.5,3.6,1.7,4.75,3.6,1.75,5.0,3.6,1.75,5.22,3.78,1.72,5.0,3.6,1.73,4.87,3.66,1.86,5.5,3.83,1.86,5.01,3.68,1.75,1.92,1.98,1.93,1.96,1.98,2.0,1.9,1.93,0.75,1.95,1.95,1.95,1.93,1,Ligue 1
1.7,3.9,4.5,1.77,3.8,4.33,1.73,4.0,4.6,1.75,3.97,4.6,1.75,3.8,4.4,1.81,4.09,4.56,1.81,4.09,4.7,1.76,3.93,4.49,1.73,2.1,1.74,2.16,1.79,2.2,1.73,2.14,-0.75,1.95,1.95,1.97,1.92,1,Ligue 1
3.9,3.75,1.85,3.8,3.9,1.85,4.0,3.9,1.87,4.02,3.8,1.89,3.9,3.75,1.91,3.95,4.07,1.94,4.1,4.07,1.94,3.88,3.89,1.89,1.5,2.63,1.52,2.6,1.52,2.72,1.49,2.62,0.5,2.02,1.88,2.0,1.88,0,Ligue 1
1.27,6.0,10.0,1.28,6.25,9.5,1.25,6.5,10.0,1.28,6.16,9.59,1.29,5.8,9.5,1.31,6.45,10.4,1.32,6.5,10.5,1.28,6.11,9.73,1.44,2.75,1.44,2.81,1.45,2.9,1.43,2.77,-1.75,2.01,1.89,2.01,1.86,1,Ligue 1
1.62,4.0,5.25,1.61,4.2,5.0,1.6,4.2,5.0,1.63,4.26,5.16,1.65,4.0,5.0,1.68,4.4,5.22,1.68,4.4,5.5,1.63,4.2,5.08,1.62,2.3,1.65,2.31,1.69,2.42,1.64,2.3,-1.0,2.06,1.84,2.08,1.82,1,Ligue 1
2.38,3.4,3.0,2.3,3.4,3.0,2.4,3.3,3.1,2.43,3.37,3.03,2.38,3.3,3.0,2.49,3.47,3.08,2.49,3.47,3.1,2.39,3.38,3.0,1.99,1.91,1.98,1.89,2.0,1.95,1.95,1.88,-0.25,2.09,1.81,2.1,1.81,0,Ligue 1
1.7,3.8,5.25,1.72,3.75,4.8,1.67,3.8,5.5,1.69,3.82,5.31,1.73,3.7,4.8,1.76,3.99,5.07,1.76,3.99,5.5,1.71,3.81,5.02,1.97,1.93,1.95,1.92,1.99,1.96,1.93,1.9,-0.75,1.92,1.98,1.91,1.98,0,Ligue 1
1.8,3.6,4.5,1.77,3.75,4.4,1.85,3.6,4.5,1.85,3.71,4.37,1.83,3.6,4.4,1.87,3.83,4.55,1.87,3.85,4.7,1.83,3.7,4.38,2.02,1.88,2.04,1.84,2.05,1.91,2.0,1.84,-0.5,1.85,2.05,1.85,2.04,1,Ligue 1
1.8,3.75,4.33,1.83,3.8,4.0,1.8,3.8,4.4,1.86,3.8,4.18,1.85,3.7,4.2,1.91,3.85,4.29,1.92,3.95,4.4,1.85,3.78,4.12,1.73,2.1,1.7,2.21,1.75,2.26,1.7,2.18,-0.5,1.86,2.04,1.86,2.02,0,Ligue 1
1.53,4.1,6.5,1.55,4.1,6.25,1.53,4.2,6.5,1.55,4.25,6.57,1.53,4.0,6.5,1.59,4.4,6.37,1.59,4.4,6.7,1.54,4.2,6.4,1.93,1.97,1.92,1.99,1.96,1.99,1.9,1.94,-1.0,1.93,2.0,1.93,1.98,1,Ligue 1
1.7,4.0,4.75,1.68,3.8,4.8,1.73,3.9,5.0,1.74,3.88,4.93,1.73,3.8,4.75,1.78,4.04,4.86,1.78,4.04,5.2,1.72,3.9,4.79,1.87,2.03,1.87,2.02,1.9,2.05,1.84,2.0,-0.75,1.98,1.95,1.96,1.94,0,Ligue 1
2.35,3.4,3.0,2.45,3.3,2.87,2.4,3.3,3.0,2.44,3.34,3.09,2.38,3.3,3.0,2.46,3.5,3.1,2.47,3.5,3.14,2.41,3.33,3.0,2.0,1.8,2.09,1.8,2.12,1.84,2.05,1.79,-0.25,2.09,1.84,2.1,1.83,0,Ligue 1
6.5,4.75,1.44,6.25,4.6,1.47,7.0,5.0,1.44,6.91,5.01,1.44,6.5,4.75,1.44,6.88,5.02,1.49,7.1,5.2,1.49,6.59,4.92,1.44,1.53,2.5,1.54,2.59,1.55,2.63,1.52,2.52,1.25,1.98,1.95,1.96,1.94,0,Ligue 1
1.36,4.75,8.5,1.38,5.0,7.5,1.36,5.0,8.5,1.38,5.23,8.11,1.36,5.0,8.0,1.4,5.49,8.55,1.4,5.5,8.55,1.37,5.13,7.99,1.57,2.38,1.62,2.4,1.63,2.5,1.59,2.38,-1.5,2.07,1.86,2.08,1.84,1,Ligue 1
3.2,3.3,2.3,3.1,3.2,2.37,3.3,3.1,2.4,3.32,3.2,2.39,3.1,3.2,2.38,3.31,3.39,2.39,3.37,3.39,2.4,3.2,3.22,2.36,2.3,1.62,2.32,1.66,2.35,1.7,2.27,1.65,0.25,1.88,2.05,1.88,2.04,0,Ligue 1
2.15,3.5,3.4,2.15,3.5,3.25,2.1,3.4,3.5,2.16,3.57,3.44,2.15,3.4,3.4,2.17,3.64,3.56,2.17,3.7,3.56,2.14,3.51,3.38,2.0,1.9,2.0,1.89,2.02,1.94,1.96,1.87,-0.25,1.87,2.06,1.88,2.03,1,Ligue 1
2.3,3.3,3.2,2.3,3.4,3.0,2.25,3.4,3.3,2.39,3.37,3.14,2.3,3.5,3.0,2.37,3.75,3.06,2.4,3.75,3.3,2.32,3.46,3.06,1.73,2.1,1.78,2.12,1.83,2.15,1.75,2.07,-0.25,2.03,1.9,2.06,1.85,1,Ligue 1
2.9,3.8,2.2,2.9,3.8,2.2,3.0,3.7,2.25,3.06,3.91,2.21,2.9,3.7,2.25,3.09,3.96,2.28,3.12,4.0,2.29,2.98,3.8,2.22,1.57,2.38,1.57,2.51,1.59,2.52,1.56,2.41,0.25,1.95,1.98,1.95,1.95,0,Ligue 1
2.75,3.4,2.55,2.7,3.4,2.55,2.8,3.4,2.55,2.86,3.38,2.62,2.75,3.3,2.6,2.9,3.44,2.63,2.9,3.45,2.63,2.8,3.37,2.57,1.93,1.97,1.92,1.98,1.96,1.99,1.89,1.94,0.0,2.03,1.87,2.05,1.88,1,Ligue 1
1.38,5.25,7.5,1.38,5.0,7.75,1.36,5.0,8.0,1.37,5.3,8.67,1.36,5.0,8.0,1.41,5.35,8.2,1.41,5.4,8.67,1.38,5.12,8.03,1.57,2.38,1.61,2.44,1.65,2.55,1.59,2.4,-1.25,1.78,2.03,1.85,2.09,1,Ligue 1
2.05,3.4,3.75,2.05,3.5,3.6,2.0,3.4,3.9,2.08,3.42,3.83,2.05,3.4,3.6,2.08,3.63,3.86,2.1,3.63,3.9,2.05,3.45,3.72,2.1,1.73,2.13,1.78,2.15,1.82,2.09,1.76,-0.5,2.07,1.83,2.09,1.83,0,Ligue 1
4.75,3.7,1.75,4.4,3.7,1.8,4.6,3.75,1.8,4.7,3.71,1.81,4.33,3.7,1.8,4.71,3.83,1.84,4.75,3.83,1.84,4.55,3.71,1.8,2.08,1.82,2.07,1.83,2.11,1.86,2.04,1.81,0.75,1.85,2.05,1.85,2.07,0,Ligue 1
1.33,5.5,7.5,1.36,5.25,7.75,1.33,5.5,8.5,1.34,5.7,8.48,1.33,5.5,8.5,1.35,6.01,9.15,1.37,6.01,9.15,1.34,5.59,8.22,1.44,2.7,1.44,2.87,1.47,2.9,1.44,2.79,-1.5,1.98,1.92,1.96,1.94,1,Ligue 1
2.45,3.4,2.88,2.45,3.4,2.8,2.45,3.4,2.88,2.5,3.55,2.85,2.5,3.4,2.75,2.53,3.69,2.87,2.53,3.69,2.9,2.47,3.49,2.82,1.84,2.06,1.81,2.08,1.89,2.08,1.81,1.99,0.0,1.83,2.07,1.83,2.09,0,Ligue 1
3.6,3.2,2.2,3.3,3.3,2.2,3.3,3.3,2.25,3.59,3.28,2.22,3.5,3.2,2.2,3.61,3.37,2.27,3.63,3.37,2.27,3.46,3.27,2.21,2.08,1.73,2.15,1.76,2.18,1.8,2.1,1.75,0.25,2.0,1.9,2.0,1.9,0,Ligue 1
1.73,3.8,4.75,1.73,3.75,4.6,1.73,3.8,5.0,1.78,3.71,4.92,1.75,3.6,4.75,1.84,3.75,4.87,1.84,3.84,5.0,1.76,3.73,4.71,2.02,1.88,2.05,1.85,2.06,1.91,1.97,1.86,-0.75,1.99,1.91,2.03,1.88,0,Ligue 1
3.4,3.9,2.0,3.3,3.9,2.0,3.5,3.8,2.0,3.56,3.83,2.03,3.4,3.75,2.05,3.63,3.86,2.08,3.63,4.0,2.08,3.47,3.84,2.01,1.57,2.35,1.61,2.41,1.65,2.44,1.58,2.35,0.5,1.86,2.04,1.87,2.04,1,Ligue 1
1.25,6.0,12.0,1.25,6.25,11.0,1.22,6.5,14.0,1.24,6.59,12.26,1.22,6.0,13.0,1.25,7.01,13.4,1.26,7.01,14.0,1.23,6.46,12.63,1.53,2.5,1.54,2.58,1.56,2.63,1.52,2.51,-1.75,1.91,1.99,1.93,1.97,0,Ligue 1
2.7,3.4,2.6,2.65,3.5,2.55,2.8,3.4,2.55,2.79,3.47,2.58,2.75,3.4,2.5,2.81,3.63,2.61,2.84,3.63,2.65,2.74,3.45,2.57,1.91,1.99,1.92,1.97,1.95,2.0,1.89,1.94,0.0,2.01,1.89,2.03,1.88,1,Ligue 1
1.73,4.1,4.5,1.75,3.8,4.5,1.73,4.0,4.6,1.75,4.02,4.64,1.75,3.75,4.6,1.79,4.06,4.76,1.79,4.1,4.76,1.75,3.96,4.55,1.84,2.06,1.84,2.06,1.88,2.08,1.83,2.02,-0.75,1.97,1.93,1.97,1.93,1,Ligue 1
2.7,3.5,2.55,2.7,3.6,2.45,2.7,3.7,2.5,2.75,3.65,2.53,2.7,3.6,2.45,2.77,3.83,2.55,2.77,3.83,2.58,2.7,3.65,2.5,1.62,2.3,1.65,2.34,1.7,2.38,1.63,2.31,0.0,2.02,1.88,2.04,1.87,0,Ligue 1
1.75,3.6,4.75,1.8,3.8,4.2,1.8,3.9,4.5,1.79,3.95,4.43,1.83,3.7,4.2,1.85,4.04,4.4,1.85,4.04,4.75,1.8,3.85,4.37,1.73,2.1,1.76,2.14,1.81,2.16,1.76,2.1,-0.75,2.02,1.88,2.04,1.87,1,Ligue 1
1.8,3.6,4.5,1.85,3.5,4.4,1.85,3.5,4.6,1.83,3.55,4.83,1.85,3.4,4.5,1.87,3.72,4.71,1.88,3.72,4.9,1.84,3.54,4.55,2.1,1.73,2.19,1.73,2.22,1.77,2.15,1.72,-0.5,1.83,2.07,1.83,2.08,1,Ligue 1
1.8,3.8,4.33,1.82,3.9,4.0,1.8,3.9,4.2,1.81,3.99,4.28,1.83,3.8,4.0,1.86,4.12,4.24,1.86,4.12,4.4,1.82,3.93,4.13,1.62,2.3,1.64,2.36,1.7,2.38,1.64,2.29,-0.5,1.78,2.03,1.81,2.09,1,Ligue 1
3.0,3.3,2.4,2.87,3.4,2.4,2.9,3.4,2.4,2.99,3.48,2.44,2.9,3.4,2.4,3.01,3.65,2.44,3.02,3.65,2.5,2.93,3.43,2.41,1.92,1.98,1.91,1.98,1.95,2.0,1.88,1.94,0.25,1.81,2.09,1.81,2.11,0,Ligue 1
4.75,4.0,1.7,4.8,3.9,1.68,5.0,4.0,1.67,5.07,4.03,1.69,4.8,4.0,1.67,4.87,4.25,1.74,5.2,4.25,1.74,4.88,4.0,1.69,1.73,2.1,1.71,2.21,1.75,2.3,1.69,2.17,0.75,2.0,1.9,2.02,1.89,0,Ligue 1
1.91,3.6,3.8,1.93,3.6,3.8,1.91,3.7,4.0,1.94,3.75,4.04,1.91,3.6,3.9,1.97,3.87,4.02,2.03,3.87,4.1,1.93,3.71,3.89,1.67,2.2,1.73,2.22,1.76,2.24,1.7,2.18,-0.5,1.95,1.95,1.95,1.97,0,Ligue 1
2.9,3.25,2.5,2.87,3.3,2.45,2.88,3.25,2.55,2.99,3.22,2.58,3.0,3.2,2.45,3.0,3.42,2.57,3.05,3.42,2.59,2.93,3.25,2.52,2.04,1.86,2.03,1.87,2.06,1.89,1.99,1.81,0.0,2.08,1.82,2.11,1.81,0,Ligue 1
5.25,3.75,1.67,5.0,3.75,1.68,5.0,3.9,1.7,5.3,3.84,1.7,5.0,3.8,1.7,5.12,4.02,1.75,5.5,4.02,1.76,5.07,3.85,1.7,1.95,1.95,1.93,1.95,1.98,1.97,1.91,1.92,0.75,1.99,1.91,1.99,1.92,0,Ligue 1
1.27,5.75,10.0,1.29,6.0,9.0,1.25,6.5,11.0,1.26,6.67,9.83,1.25,6.0,11.0,1.29,6.88,10.8,1.29,6.9,11.0,1.27,6.44,9.77,1.33,3.2,1.35,3.29,1.38,3.4,1.35,3.19,-1.75,1.89,1.89,1.92,1.97,1,Ligue 1
3.75,3.5,2.0,3.5,3.6,2.0,3.9,3.5,1.95,3.88,3.57,2.01,3.75,3.6,1.95,3.85,3.87,2.01,3.89,3.87,2.02,3.7,3.62,1.99,1.73,2.1,1.79,2.1,1.83,2.14,1.77,2.08,0.5,1.87,2.03,1.88,2.02,0,Ligue 1
2.63,3.4,2.6,2.55,3.5,2.6,2.7,3.4,2.63,2.78,3.46,2.6,2.6,3.5,2.6,2.74,3.73,2.62,2.78,3.73,2.65,2.67,3.49,2.59,1.73,2.1,1.75,2.16,1.8,2.19,1.74,2.12,0.0,1.99,1.91,2.02,1.89,1,Ligue 1
3.25,3.1,2.38,3.1,3.2,2.35,3.1,3.1,2.45,3.26,3.16,2.44,3.1,3.2,2.38,3.23,3.39,2.43,3.26,3.39,2.48,3.16,3.17,2.4,2.2,1.67,2.29,1.68,2.32,1.71,2.24,1.67,0.25,1.85,2.05,1.84,2.08,0,Ligue 1
1.57,3.75,6.5,1.57,3.9,6.0,1.6,3.8,6.5,1.6,3.95,6.24,1.6,3.8,6.0,1.64,4.09,6.26,1.64,4.09,6.5,1.58,3.89,6.17,2.0,1.8,2.12,1.78,2.13,1.83,2.06,1.78,-1.0,2.06,1.84,2.07,1.85,0,Ligue 1
4.33,4.0,1.73,4.2,4.1,1.75,4.5,4.0,1.75,4.37,4.04,1.79,4.2,4.0,1.75,4.35,4.29,1.81,4.5,4.29,1.81,4.26,4.06,1.76,1.53,2.5,1.57,2.49,1.59,2.52,1.54,2.46,0.75,1.85,1.93,1.89,2.01,0,Ligue 1
1.45,4.0,7.5,1.49,4.2,7.0,1.47,4.2,7.5,1.49,4.37,7.65,1.5,4.0,7.0,1.52,4.56,7.19,1.52,4.56,7.8,1.49,4.31,7.19,1.95,1.95,1.95,1.95,1.98,1.97,1.92,1.91,-1.0,1.83,2.1,1.83,2.11,1,Ligue 1
2.45,3.3,2.9,2.37,3.3,2.95,2.5,3.25,3.0,2.48,3.19,3.16,2.4,3.25,3.0,2.48,3.47,3.1,2.5,3.47,3.18,2.44,3.25,3.05,2.1,1.73,2.15,1.76,2.16,1.81,2.1,1.76,-0.25,2.1,1.8,2.12,1.81,1,Ligue 1
2.15,3.5,3.25,2.2,3.5,3.1,2.15,3.6,3.3,2.2,3.55,3.38,2.2,3.4,3.25,2.23,3.73,3.36,2.23,3.73,3.41,2.19,3.53,3.26,1.84,2.06,1.85,2.04,1.88,2.08,1.84,2.0,-0.25,1.85,1.93,1.91,2.0,0,Ligue 1
2.3,3.4,3.1,2.35,3.3,3.0,2.3,3.3,3.2,2.38,3.35,3.18,2.3,3.4,3.1,2.39,3.56,3.16,2.39,3.56,3.23,2.34,3.36,3.1,2.02,1.88,2.02,1.87,2.04,1.9,1.99,1.85,-0.25,2.03,1.87,2.05,1.86,0,Ligue 1
1.48,5.0,5.5,1.55,4.5,5.5,1.5,4.75,5.5,1.49,4.89,6.14,1.5,4.6,5.8,1.53,4.97,6.2,1.55,5.0,6.2,1.49,4.81,5.83,1.44,2.75,1.47,2.79,1.48,2.8,1.45,2.7,-1.25,2.05,1.85,2.04,1.88,0,Ligue 1
3.1,3.6,2.2,3.1,3.6,2.2,3.25,3.5,2.2,3.23,3.68,2.21,3.1,3.6,2.2,3.26,3.79,2.25,3.26,3.79,2.28,3.15,3.61,2.2,1.73,2.1,1.75,2.16,1.79,2.19,1.74,2.12,0.25,1.95,1.95,1.97,1.93,0,Ligue 1
3.2,3.5,2.2,2.95,3.5,2.25,3.3,3.4,2.2,3.35,3.5,2.23,3.1,3.5,2.25,3.33,3.73,2.24,3.36,3.73,2.28,3.2,3.48,2.23,1.8,2.0,1.85,2.05,1.87,2.12,1.81,2.03,0.25,1.95,1.95,1.97,1.93,1,Ligue 1
1.85,3.6,4.2,1.87,3.6,4.0,1.87,3.6,4.2,1.88,3.69,4.33,1.91,3.6,4.0,1.92,3.88,4.25,1.92,3.88,4.33,1.88,3.66,4.12,1.86,1.92,1.89,1.99,1.94,2.01,1.88,1.94,-0.5,1.87,2.03,1.88,2.03,1,Ligue 1
3.9,3.7,1.9,3.4,3.8,1.98,3.8,3.9,1.95,3.8,4.05,1.91,3.5,3.9,1.95,3.77,4.19,1.96,3.9,4.19,1.99,3.65,3.92,1.93,1.53,2.5,1.52,2.62,1.54,2.66,1.51,2.54,0.5,1.95,1.95,1.99,1.92,0,Ligue 1
1.22,6.5,12.0,1.22,6.75,12.0,1.2,7.0,14.0,1.21,7.49,12.84,1.2,7.0,13.0,1.23,7.55,14.1,1.23,7.7,14.5,1.21,7.06,13.02,1.44,2.75,1.43,2.94,1.45,2.98,1.42,2.86,-2.0,2.05,1.88,2.02,1.88,0,Ligue 1
2.15,3.75,3.1,2.15,3.6,3.1,2.2,3.7,3.2,2.25,3.69,3.2,2.15,3.7,3.1,2.25,3.89,3.19,2.26,3.89,3.3,2.19,3.71,3.14,1.62,2.3,1.65,2.36,1.68,2.4,1.62,2.33,-0.25,1.95,1.98,1.96,1.96,0,Ligue 1
1.42,5.0,6.25,1.42,4.8,7.0,1.4,4.75,7.0,1.43,5.01,7.21,1.44,4.6,7.0,1.47,5.12,7.14,1.47,5.2,7.3,1.43,4.94,6.95,1.53,2.5,1.56,2.54,1.57,2.57,1.54,2.48,-1.25,1.95,1.95,1.93,1.98,1,Ligue 1
2.63,3.25,2.75,2.6,3.2,2.75,2.7,3.1,2.8,2.71,3.17,2.87,2.7,3.1,2.75,2.75,3.31,2.86,2.75,3.31,2.87,2.67,3.18,2.79,2.2,1.67,2.22,1.71,2.22,1.77,2.18,1.7,0.0,1.89,2.01,1.89,2.01,0,Ligue 1
3.8,3.7,1.91,3.5,3.75,1.95,3.75,3.8,1.95,3.76,3.82,1.97,3.75,3.6,1.95,3.83,3.85,2.02,3.83,3.96,2.02,3.57,3.77,1.97,1.62,2.3,1.61,2.19,1.71,2.33,1.65,2.27,0.5,1.92,1.98,1.93,1.98,1,Ligue 1
2.0,3.5,3.75,1.98,3.6,3.7,2.05,3.4,3.75,2.12,3.52,3.6,2.1,3.4,3.5,2.15,3.62,3.64,2.15,3.65,3.75,2.07,3.52,3.55,1.92,1.98,1.94,1.94,1.96,2.02,1.89,1.94,-0.25,1.75,2.05,1.83,2.08,1,Ligue 1
3.5,3.6,2.05,3.5,3.6,2.0,3.5,3.6,2.05,3.51,3.59,2.13,3.5,3.4,2.1,3.6,3.66,2.15,3.6,3.66,2.15,3.45,3.57,2.09,1.8,2.0,1.8,2.09,1.87,2.12,1.79,2.06,0.25,2.08,1.82,2.07,1.85,1,Ligue 1
2.2,3.5,3.2,2.1,3.5,3.3,2.15,3.5,3.3,2.28,3.37,3.37,2.2,3.4,3.25,2.29,3.56,3.36,2.29,3.56,3.37,2.21,3.44,3.26,1.9,2.0,1.9,1.99,1.94,2.01,1.86,1.97,-0.25,1.95,1.95,1.96,1.94,1,Ligue 1
3.7,3.5,2.05,3.7,3.5,2.0,3.8,3.5,2.0,3.74,3.5,2.08,3.8,3.4,2.0,3.94,3.63,2.06,3.95,3.63,2.08,3.74,3.52,2.01,1.97,1.93,1.97,1.92,2.0,1.96,1.93,1.9,0.5,1.87,2.03,1.88,2.03,0,Ligue 1
1.4,5.0,7.5,1.42,5.0,6.75,1.36,5.0,7.5,1.4,5.34,7.52,1.4,4.8,7.5,1.44,5.35,7.55,1.44,5.4,7.8,1.4,5.12,7.36,1.5,2.63,1.52,2.66,1.54,2.75,1.5,2.59,-1.25,1.85,2.05,1.87,2.06,0,Ligue 1
3.4,3.7,2.0,3.3,3.7,2.05,3.6,3.75,2.0,3.69,3.65,2.04,3.2,3.9,2.05,3.63,4.08,2.02,3.77,4.08,2.08,3.48,3.76,2.03,1.57,2.38,1.61,2.43,1.61,2.55,1.56,2.41,0.5,1.86,2.04,1.86,2.05,0,Ligue 1
1.6,3.9,5.75,1.61,3.9,5.5,1.62,3.8,6.0,1.61,4.02,5.99,1.6,3.9,5.8,1.65,4.12,6.05,1.65,4.12,6.2,1.61,3.94,5.86,2.07,1.83,2.07,1.83,2.08,1.87,2.02,1.82,-1.0,2.09,1.81,2.08,1.83,1,Ligue 1
12.0,6.25,1.22,11.5,6.5,1.23,12.0,6.0,1.25,11.51,6.59,1.24,12.0,6.5,1.22,12.2,7.02,1.26,13.0,7.02,1.27,11.59,6.49,1.24,1.4,3.0,1.45,2.82,1.45,3.05,1.4,2.89,1.75,2.03,1.87,2.02,1.87,0,Ligue 1
2.55,3.2,2.9,2.45,3.3,2.85,2.5,3.25,2.9,2.55,3.26,3.0,2.5,3.3,2.88,2.57,3.46,2.98,2.57,3.46,3.01,2.52,3.26,2.9,2.1,1.73,2.13,1.78,2.16,1.81,2.09,1.76,0.0,1.8,2.1,1.81,2.13,0,Ligue 1
3.3,3.2,2.3,3.2,3.3,2.25,3.3,3.3,2.25,3.43,3.23,2.32,3.25,3.3,2.25,3.4,3.52,2.29,3.43,3.52,2.33,3.28,3.27,2.28,2.1,1.73,2.13,1.78,2.16,1.83,2.07,1.77,0.25,1.92,1.98,1.93,1.98,0,Ligue 1
3.25,3.5,2.2,3.1,3.5,2.2,3.3,3.6,2.1,3.41,3.49,2.2,3.3,3.5,2.15,3.39,3.75,2.2,3.41,3.75,2.23,3.27,3.51,2.18,1.8,2.0,1.83,2.06,1.85,2.14,1.79,2.05,0.25,1.99,1.91,2.0,1.91,1,Ligue 1
2.15,3.4,3.4,2.15,3.4,3.4,2.2,3.3,3.4,2.24,3.37,3.44,2.15,3.4,3.4,2.24,3.54,3.5,2.24,3.54,3.5,2.18,3.38,3.4,2.0,1.8,2.1,1.79,2.12,1.84,2.05,1.79,-0.25,1.9,2.0,1.93,1.98,0,Ligue 1
1.33,5.5,8.0,1.35,5.5,7.5,1.33,5.5,8.5,1.36,5.74,7.8,1.33,5.5,8.0,1.36,5.99,8.7,1.37,5.99,8.7,1.35,5.53,7.82,1.4,3.0,1.43,2.92,1.44,3.02,1.4,2.9,-1.5,1.93,1.97,1.94,1.96,1,Ligue 1
1.5,4.33,6.5,1.53,4.33,5.75,1.5,4.33,6.5,1.53,4.41,6.54,1.5,4.2,6.5,1.56,4.55,6.41,1.57,4.55,6.6,1.52,4.38,6.3,1.73,2.1,1.78,2.13,1.79,2.19,1.75,2.12,-1.0,1.87,2.06,1.88,2.04,1,Ligue 1
1.36,5.5,7.0,1.37,5.25,7.5,1.33,5.5,8.5,1.37,5.48,8.39,1.36,5.0,7.5,1.43,5.4,7.75,1.43,5.67,8.89,1.36,5.4,7.89,1.5,2.63,1.51,2.69,1.52,2.75,1.48,2.63,-1.5,2.03,1.87,2.05,1.88,1,Ligue 1
2.25,3.5,3.1,2.25,3.6,3.0,2.3,3.5,3.0,2.31,3.52,3.17,2.38,3.3,2.9,2.37,3.52,3.23,2.38,3.6,3.23,2.3,3.5,3.06,1.73,2.1,1.78,2.13,1.81,2.16,1.75,2.1,-0.25,2.0,1.9,2.0,1.91,0,Ligue 1
2.3,3.6,2.9,2.3,3.5,2.9,2.38,3.5,3.0,2.38,3.44,3.11,2.4,3.4,2.8,2.42,3.54,3.13,2.42,3.6,3.13,2.37,3.48,2.97,1.73,2.1,1.73,2.19,1.8,2.24,1.71,2.16,-0.25,2.04,1.86,2.06,1.86,1,Ligue 1
2.75,3.75,2.35,2.75,3.6,2.4,2.88,3.6,2.4,2.86,3.77,2.39,2.8,3.5,2.38,2.94,3.71,2.47,2.94,3.83,2.48,2.81,3.67,2.39,1.57,2.38,1.62,2.41,1.65,2.45,1.59,2.38,0.25,1.82,2.08,1.83,2.09,0,Ligue 1
1.91,3.6,3.9,1.93,3.5,3.9,1.91,3.6,4.0,1.93,3.55,4.23,1.91,3.4,4.0,1.98,3.6,4.29,1.98,3.6,4.54,1.93,3.52,4.03,1.92,1.98,1.9,1.99,1.95,2.0,1.88,1.94,-0.5,1.95,1.95,1.94,1.96,1,Ligue 1
1.8,3.7,4.33,1.85,3.7,4.1,1.8,3.75,4.5,1.8,3.72,4.72,1.8,3.7,4.2,1.86,3.98,4.4,1.89,3.98,4.75,1.81,3.72,4.36,1.8,2.0,1.8,2.09,1.84,2.12,1.78,2.06,-0.75,2.05,1.85,2.04,1.87,1,Ligue 1
1.85,3.4,4.5,1.87,3.4,4.33,1.91,3.3,4.5,1.91,3.26,4.88,1.91,3.25,4.33,1.97,3.46,4.6,2.0,3.46,4.92,1.9,3.31,4.54,2.3,1.62,2.42,1.61,2.46,1.64,2.35,1.6,-0.5,1.9,2.0,1.92,1.99,0,Ligue 1
1.75,3.6,4.75,1.83,3.7,4.1,1.8,3.8,4.5,1.82,3.76,4.53,1.8,3.7,4.2,1.87,3.98,4.35,1.87,3.98,4.75,1.81,3.73,4.37,1.8,2.0,1.81,2.08,1.85,2.11,1.79,2.04,-0.75,2.05,1.85,2.08,1.84,1,Ligue 1
3.1,3.3,2.3,3.0,3.3,2.35,3.1,3.4,2.3,3.23,3.31,2.38,3.1,3.2,2.3,3.29,3.41,2.39,3.29,3.41,2.4,3.14,3.32,2.34,2.0,1.9,2.0,1.89,2.04,1.92,1.96,1.87,0.25,1.89,2.04,1.87,2.04,0,Ligue 1
1.48,4.75,6.0,1.47,4.6,6.25,1.44,4.6,7.0,1.5,4.6,6.52,1.44,4.5,6.5,1.52,4.66,6.94,1.52,4.75,7.0,1.48,4.56,6.54,1.73,2.1,1.79,2.09,1.82,2.17,1.76,2.09,-1.0,1.75,2.05,1.83,2.1,1,Ligue 1
2.2,3.4,3.3,2.2,3.6,3.1,2.2,3.5,3.3,2.26,3.52,3.26,2.25,3.5,3.0,2.29,3.64,3.29,2.29,3.64,3.3,2.23,3.49,3.2,1.9,2.0,1.92,1.97,1.95,2.02,1.88,1.94,-0.25,1.98,1.92,1.96,1.94,1,Ligue 1
1.22,7.0,11.0,1.22,7.0,11.5,1.2,7.5,13.0,1.21,7.29,12.11,1.2,6.5,13.0,1.22,7.8,14.7,1.23,7.8,14.7,1.21,7.07,12.18,1.4,3.0,1.42,2.92,1.45,3.0,1.41,2.89,-2.0,2.03,1.87,2.03,1.86,0,Ligue 1
4.5,3.6,1.8,4.1,3.75,1.82,4.5,3.7,1.8,4.48,3.68,1.85,3.9,3.75,1.83,4.12,3.99,1.92,4.5,3.99,1.92,4.26,3.69,1.83,1.73,2.1,1.74,2.17,1.78,2.21,1.72,2.14,0.75,1.78,2.03,1.81,2.09,0,Ligue 1
2.3,3.2,3.3,2.3,3.2,3.25,2.25,3.25,3.4,2.37,3.05,3.53,2.2,3.25,3.3,2.31,3.44,3.44,2.37,3.44,3.53,2.3,3.16,3.34,2.2,1.67,2.26,1.69,2.29,1.73,2.21,1.68,-0.25,2.0,1.9,2.0,1.9,0,Ligue 1
1.91,3.8,3.7,1.93,3.75,3.6,1.91,3.9,3.75,1.93,3.87,3.88,1.95,3.7,3.6,1.99,3.98,3.83,1.99,3.98,3.88,1.94,3.79,3.69,1.67,2.2,1.67,2.3,1.71,2.32,1.65,2.21,-0.5,1.95,1.95,1.93,1.97,1,Ligue 1
1.7,3.6,5.25,1.66,4.1,4.8,1.73,3.9,5.0,1.73,3.84,5.04,1.7,3.8,4.6,1.78,4.1,4.76,1.78,4.1,5.25,1.71,3.86,4.86,1.73,2.1,1.79,2.1,1.82,2.16,1.75,2.1,-0.75,1.91,1.99,1.94,1.96,1,Ligue 1
2.63,3.4,2.63,2.5,3.7,2.55,2.63,3.6,2.6,2.66,3.67,2.6,2.62,3.5,2.5,2.74,3.65,2.66,2.74,3.75,2.66,2.61,3.59,2.58,1.57,2.38,1.61,2.42,1.66,2.47,1.59,2.39,0.0,1.97,1.93,1.97,1.93,1,Ligue 1
1.36,5.0,8.5,1.38,5.0,8.25,1.36,5.0,9.0,1.39,5.01,8.81,1.36,4.75,8.0,1.42,5.21,8.5,1.42,5.21,9.0,1.38,4.92,8.38,1.73,2.1,1.74,2.2,1.78,2.27,1.71,2.17,-1.25,1.85,2.05,1.88,2.05,1,Ligue 1
2.15,3.5,3.3,2.15,3.4,3.3,2.15,3.4,3.5,2.18,3.5,3.46,2.2,3.4,3.2,2.21,3.6,3.5,2.21,3.6,3.5,2.17,3.47,3.34,1.89,2.01,1.87,2.02,1.91,2.06,1.86,1.96,-0.25,1.89,2.01,1.88,2.02,0,Ligue 1
3.8,3.6,1.95,3.75,3.6,1.95,4.1,3.5,1.95,4.06,3.51,1.99,3.9,3.5,1.91,4.09,3.73,1.99,4.16,3.73,1.99,3.86,3.55,1.96,1.9,2.0,1.89,2.0,1.94,2.05,1.87,1.96,0.5,1.91,1.99,1.91,2.0,0,Ligue 1
3.7,3.6,2.0,3.4,3.6,2.05,3.75,3.7,2.0,3.81,3.63,2.01,3.6,3.5,2.0,3.8,3.8,2.05,3.81,3.8,2.08,3.63,3.6,2.02,1.73,2.1,1.74,2.19,1.77,2.24,1.71,2.15,0.5,1.87,2.03,1.88,2.02,0,Ligue 1
2.9,3.6,2.3,3.0,3.5,2.25,2.9,3.4,2.4,2.96,3.55,2.42,2.9,3.4,2.38,3.06,3.54,2.46,3.06,3.6,2.46,2.93,3.5,2.35,1.73,2.1,1.76,2.14,1.81,2.16,1.75,2.09,0.25,1.83,2.07,1.83,2.1,0,Ligue 1
2.05,3.4,3.6,2.0,3.4,3.75,2.1,3.3,3.8,2.13,3.32,3.79,2.1,3.25,3.6,2.17,3.47,3.77,2.17,3.47,3.95,2.09,3.32,3.67,2.2,1.67,2.33,1.65,2.33,1.71,2.24,1.65,-0.25,1.83,2.07,1.83,2.09,1,Ligue 1
3.1,3.2,2.4,2.95,3.3,2.4,3.1,3.1,2.5,3.19,3.16,2.48,2.9,3.25,2.4,3.15,3.44,2.46,3.19,3.44,2.55,3.03,3.21,2.44,2.02,1.88,2.02,1.87,2.04,1.9,1.99,1.83,0.25,1.8,2.1,1.81,2.12,0,Ligue 1
1.62,4.0,5.5,1.62,4.0,5.25,1.6,4.0,5.5,1.64,3.98,5.69,1.62,3.8,5.5,1.69,4.09,5.59,1.69,4.09,5.69,1.62,3.93,5.45,1.98,1.92,1.98,1.91,2.0,1.95,1.93,1.88,-0.75,1.83,2.07,1.83,2.1,1,Ligue 1
1.4,6.0,5.75,1.41,5.25,6.5,1.4,5.5,6.5,1.41,5.59,6.72,1.4,5.0,6.5,1.44,5.72,6.92,1.44,6.0,6.92,1.4,5.44,6.45,1.29,3.75,1.33,3.32,1.32,3.75,1.29,3.48,-1.5,2.03,1.87,2.02,1.89,1,Ligue 1
4.0,3.8,1.85,3.6,3.8,1.93,3.9,3.9,1.87,4.05,3.83,1.9,3.8,3.8,1.85,4.04,4.06,1.92,4.05,4.06,1.93,3.81,3.87,1.89,1.53,2.5,1.58,2.47,1.58,2.6,1.53,2.48,0.5,2.0,1.9,2.0,1.91,0,Ligue 1
2.2,3.3,3.4,2.15,3.3,3.5,2.2,3.3,3.4,2.22,3.42,3.51,2.2,3.25,3.3,2.25,3.52,3.5,2.25,3.52,3.51,2.19,3.35,3.39,1.97,1.93,1.98,1.93,2.02,1.94,1.94,1.87,-0.25,1.91,2.02,1.92,2.01,1,Ligue 1
3.6,3.3,2.1,3.5,3.3,2.1,3.6,3.4,2.1,3.59,3.4,2.17,3.4,3.4,2.1,3.6,3.63,2.17,3.6,3.63,2.17,3.5,3.36,2.13,2.03,1.87,2.02,1.87,2.04,1.9,1.99,1.83,0.25,2.05,1.85,2.04,1.87,1,Ligue 1
1.5,4.33,6.25,1.55,4.0,6.25,1.53,4.2,6.5,1.51,4.41,6.75,1.55,4.0,6.0,1.59,4.3,6.58,1.59,4.41,6.75,1.53,4.16,6.35,2.01,1.89,1.98,1.91,2.01,1.94,1.93,1.87,-1.0,1.89,2.01,1.88,2.03,0,Ligue 1
1.33,5.5,8.0,1.34,5.5,8.25,1.33,5.5,8.5,1.34,5.81,8.44,1.35,5.0,7.5,1.37,5.89,8.45,1.37,5.89,8.9,1.33,5.49,8.2,1.4,3.0,1.4,3.04,1.4,3.1,1.39,2.93,-1.5,1.91,1.99,1.92,1.99,1,Ligue 1
3.2,3.3,2.3,3.0,3.2,2.4,3.25,3.25,2.3,3.35,3.29,2.32,3.2,3.1,2.3,3.37,3.39,2.36,3.37,3.39,2.4,3.21,3.22,2.31,2.2,1.67,2.23,1.71,2.25,1.75,2.17,1.68,0.25,1.89,2.01,1.92,1.99,1,Ligue 1
1.91,3.4,4.33,1.9,3.4,4.1,1.95,3.4,4.2,1.98,3.59,3.99,1.91,3.5,3.8,1.99,3.73,4.09,1.99,3.73,4.33,1.94,3.48,4.0,2.06,1.84,2.07,1.83,2.08,1.87,2.01,1.8,-0.5,1.98,1.92,1.99,1.92,0,Ligue 1
1.85,3.6,4.2,1.9,3.6,3.9,1.87,3.8,4.0,1.88,3.79,4.17,1.85,3.75,3.8,1.9,4.06,4.12,1.91,4.06,4.2,1.87,3.72,3.98,1.67,2.2,1.71,2.22,1.75,2.26,1.68,2.17,-0.5,1.89,2.01,1.89,2.02,1,Ligue 1
1.3,6.0,8.0,1.31,5.5,10.0,1.29,5.5,11.0,1.3,5.77,10.21,1.3,5.0,9.0,1.34,5.81,10.2,1.34,6.0,11.0,1.3,5.48,9.62,1.62,2.3,1.65,2.33,1.69,2.37,1.62,2.28,-1.5,1.91,1.99,1.92,1.99,1,Ligue 1
5.0,3.75,1.73,4.5,3.7,1.77,5.0,3.8,1.75,4.95,3.87,1.74,4.5,3.6,1.75,5.02,3.93,1.78,5.02,3.93,1.78,4.76,3.75,1.74,1.89,2.01,1.9,1.99,1.94,2.04,1.87,1.95,0.75,1.95,1.98,1.94,1.96,0,Ligue 1
4.6,3.8,1.75,4.6,3.7,1.77,4.5,3.9,1.75,4.98,3.75,1.76,4.4,3.6,1.75,4.86,3.93,1.8,4.98,3.93,1.8,4.61,3.74,1.76,1.8,2.0,1.82,2.07,1.85,2.11,1.78,2.04,0.75,1.9,2.03,1.93,1.98,0,Ligue 1
3.1,3.5,2.25,3.1,3.6,2.15,3.1,3.6,2.25,3.12,3.6,2.3,3.0,3.5,2.2,3.19,3.75,2.3,3.2,3.75,2.3,3.06,3.55,2.25,1.73,2.1,1.73,2.19,1.77,2.22,1.7,2.15,0.25,1.91,1.99,1.91,2.0,1,Ligue 1
2.6,3.5,2.6,2.5,3.5,2.7,2.63,3.5,2.63,2.72,3.41,2.68,2.62,3.3,2.6,2.79,3.47,2.72,2.79,3.6,2.72,2.64,3.42,2.63,1.8,2.0,1.82,2.07,1.86,2.1,1.79,2.03,0.0,1.95,1.95,1.97,1.93,0,Ligue 1
3.0,3.25,2.4,2.9,3.3,2.4,3.0,3.3,2.4,3.1,3.35,2.43,2.9,3.25,2.4,3.15,3.44,2.46,3.15,3.44,2.46,2.99,3.3,2.4,1.98,1.92,1.97,1.92,1.99,1.96,1.92,1.88,0.25,1.83,2.07,1.83,2.09,0,Ligue 1
5.5,3.8,1.62,5.5,3.8,1.63,5.5,3.9,1.65,6.04,3.82,1.64,5.0,3.75,1.65,5.69,3.93,1.71,6.04,3.93,1.71,5.53,3.77,1.65,2.05,1.85,2.08,1.83,2.1,1.86,2.01,1.81,0.75,2.06,1.84,2.09,1.83,0,Ligue 1
2.1,3.5,3.4,2.1,3.5,3.4,2.1,3.5,3.5,2.14,3.47,3.6,2.05,3.4,3.4,2.17,3.6,3.6,2.17,3.6,3.6,2.1,3.46,3.45,1.95,1.95,1.95,1.93,1.97,2.0,1.89,1.91,-0.25,1.83,2.07,1.85,2.07,0,Ligue 1
1.75,3.8,4.5,1.78,3.75,4.33,1.8,3.8,4.5,1.77,3.93,4.61,1.75,3.7,4.33,1.82,3.98,4.66,1.82,3.98,4.66,1.77,3.82,4.43,1.84,2.06,1.81,2.07,1.85,2.11,1.78,2.05,-0.75,2.0,1.9,2.01,1.9,0,Ligue 1
5.25,4.5,1.55,5.25,4.5,1.55,5.5,4.5,1.55,5.6,4.59,1.57,5.0,4.33,1.57,5.43,4.71,1.62,5.6,4.71,1.62,5.3,4.47,1.57,1.5,2.63,1.5,2.69,1.5,2.78,1.46,2.66,1.0,2.01,1.92,1.99,1.93,1,Ligue 1
2.1,3.4,3.6,2.05,3.4,3.7,2.05,3.4,3.8,2.1,3.48,3.79,2.0,3.5,3.5,2.09,3.73,3.73,2.11,3.73,3.95,2.05,3.45,3.7,1.99,1.91,1.97,1.93,1.99,1.96,1.93,1.88,-0.5,2.05,1.75,2.11,1.83,1,Ligue 1
4.5,3.9,1.73,4.33,4.0,1.73,4.6,4.0,1.73,4.59,4.28,1.71,4.2,4.0,1.73,4.49,4.45,1.76,4.6,4.45,1.77,4.34,4.12,1.72,1.53,2.5,1.52,2.62,1.56,2.62,1.52,2.49,0.75,1.98,1.92,2.0,1.9,0,Ligue 1
2.0,3.4,3.9,2.0,3.3,3.9,2.0,3.3,4.0,2.06,3.38,3.97,1.95,3.4,3.75,2.07,3.58,3.95,2.07,3.58,4.2,2.01,3.36,3.88,2.2,1.67,2.24,1.7,2.24,1.77,2.14,1.7,-0.5,2.03,1.87,2.06,1.85,0,Ligue 1
1.85,3.9,4.0,1.83,3.9,3.9,1.85,3.9,4.2,1.88,3.93,4.02,1.85,3.8,3.8,1.9,4.06,4.14,1.9,4.06,4.25,1.85,3.85,3.96,1.73,2.1,1.71,2.22,1.76,2.24,1.69,2.15,-0.5,1.87,2.03,1.88,2.02,0,Ligue 1
2.45,3.25,2.9,2.6,3.25,2.75,2.55,3.2,2.9,2.58,3.28,2.94,2.5,3.1,2.88,2.63,3.35,2.97,2.63,3.35,2.97,2.52,3.22,2.88,2.1,1.73,2.16,1.75,2.18,1.8,2.08,1.75,0.0,1.81,2.09,1.83,2.09,0,Ligue 1
2.4,3.2,3.0,2.45,3.3,2.85,2.4,3.3,3.0,2.51,3.24,3.06,2.4,3.3,2.88,2.5,3.52,3.02,2.51,3.52,3.06,2.44,3.25,2.95,2.05,1.85,2.07,1.83,2.08,1.87,2.01,1.81,-0.25,2.09,1.81,2.15,1.79,1,Ligue 1
1.62,4.0,5.25,1.68,3.7,5.25,1.65,3.9,5.5,1.64,4.04,5.54,1.65,3.8,5.0,1.7,4.06,5.54,1.7,4.06,5.54,1.64,3.9,5.3,2.0,1.9,2.0,1.89,2.02,1.92,1.95,1.87,-0.75,1.83,2.07,1.85,2.06,0,Ligue 1
1.57,4.33,5.25,1.57,4.33,5.5,1.55,4.5,5.5,1.58,4.47,5.48,1.6,4.0,5.0,1.64,4.51,5.48,1.64,4.51,5.6,1.57,4.32,5.35,1.62,2.3,1.62,2.39,1.67,2.41,1.6,2.33,-1.0,1.95,1.95,1.97,1.93,0,Ligue 1
1.91,3.7,3.8,1.93,3.6,3.8,1.91,3.6,4.0,1.97,3.72,3.97,1.91,3.6,3.7,1.99,3.89,3.92,2.09,3.89,4.25,1.94,3.66,3.83,1.8,2.0,1.82,2.09,1.87,2.1,1.8,2.03,-0.5,1.95,1.95,1.98,1.94,0,Ligue 1
1.7,3.9,4.75,1.72,3.9,4.6,1.67,4.0,5.0,1.75,4.02,4.66,1.7,3.9,4.5,1.78,4.14,4.71,1.78,4.14,5.0,1.73,3.94,4.61,1.68,2.05,1.74,2.17,1.78,2.21,1.71,2.12,-0.75,1.95,1.95,1.96,1.94,1,Ligue 1
2.75,3.4,2.55,2.85,3.4,2.4,2.8,3.3,2.6,2.86,3.43,2.55,2.75,3.3,2.45,2.9,3.56,2.56,2.95,3.56,2.6,2.8,3.38,2.5,1.91,1.99,1.91,1.98,1.95,2.0,1.88,1.93,0.0,1.99,1.79,2.07,1.85,1,Ligue 1
1.27,6.5,9.0,1.25,6.5,10.5,1.25,6.5,11.0,1.25,6.87,10.44,1.22,6.0,10.0,1.26,7.0,12.3,1.27,7.0,12.3,1.24,6.58,10.49,1.44,2.75,1.43,2.86,1.44,2.95,1.42,2.82,-1.75,1.95,1.95,1.91,1.97,0,Ligue 1
3.3,3.1,2.35,3.2,3.1,2.35,3.3,3.1,2.3,3.38,3.13,2.39,3.25,3.1,2.25,3.42,3.27,2.4,3.45,3.27,2.4,3.28,3.11,2.34,2.3,1.62,2.43,1.61,2.43,1.66,2.33,1.6,0.25,1.87,2.03,1.88,2.04,0,Ligue 1
1.42,4.33,7.5,1.47,4.4,6.75,1.44,4.6,7.5,1.44,4.77,7.34,1.44,4.33,6.5,1.51,4.66,7.19,1.51,4.77,7.5,1.44,4.55,7.13,1.8,2.0,1.81,2.08,1.86,2.11,1.79,2.03,-1.25,2.03,1.87,2.03,1.88,1,Ligue 1
3.3,3.5,2.1,3.3,3.6,2.1,3.4,3.5,2.1,3.41,3.55,2.18,3.3,3.4,2.1,3.48,3.65,2.21,3.5,3.65,2.21,3.34,3.51,2.13,1.8,2.0,1.82,2.07,1.87,2.1,1.81,2.01,0.25,2.03,1.87,2.02,1.89,0,Ligue 1
1.62,4.0,5.25,1.62,4.1,5.0,1.62,4.0,5.0,1.64,4.08,5.47,1.62,4.0,5.0,1.67,4.35,5.33,1.67,4.35,5.8,1.63,4.03,5.27,1.73,2.1,1.74,2.17,1.78,2.21,1.72,2.13,-0.75,1.81,2.09,1.81,2.09,0,Ligue 1
2.8,3.5,2.45,2.9,3.6,2.3,2.8,3.5,2.45,2.92,3.6,2.42,2.8,3.4,2.38,2.98,3.67,2.46,3.05,3.67,2.5,2.85,3.52,2.4,1.73,2.1,1.72,2.22,1.77,2.26,1.71,2.14,0.25,1.73,2.08,1.81,2.11,1,Ligue 1
4.33,3.7,1.83,4.2,3.7,1.83,4.4,3.7,1.85,4.55,3.77,1.83,4.0,3.6,1.83,4.4,3.85,1.89,4.55,3.85,1.89,4.29,3.7,1.83,1.8,2.0,1.81,2.08,1.85,2.12,1.79,2.05,0.5,2.08,1.85,2.08,1.83,0,Ligue 1
6.25,5.0,1.44,6.5,4.75,1.44,6.5,4.75,1.44,6.88,4.94,1.45,6.0,4.6,1.44,6.88,5.02,1.49,6.88,5.02,1.49,6.58,4.82,1.44,1.53,2.5,1.57,2.5,1.57,2.5,1.54,2.42,1.25,1.93,1.97,1.93,1.97,0,Ligue 1
1.33,5.5,8.5,1.35,5.5,7.75,1.33,5.5,8.5,1.35,5.69,8.08,1.33,5.0,8.0,1.37,5.84,8.6,1.37,5.84,8.6,1.34,5.48,8.05,1.44,2.75,1.47,2.76,1.47,2.76,1.45,2.68,-1.5,1.95,1.95,1.97,1.93,1,Ligue 1
1.4,4.5,8.0,1.4,4.8,7.75,1.4,4.75,8.0,1.41,4.9,7.87,1.4,4.5,7.0,1.45,4.94,8.2,1.45,4.94,8.5,1.4,4.74,7.75,1.85,2.05,1.84,2.06,1.87,2.08,1.81,2.02,-1.25,1.95,1.95,1.95,1.95,1,Ligue 1
2.5,3.4,2.75,2.5,3.3,2.75,2.5,3.3,2.88,2.55,3.36,2.91,2.5,3.2,2.75,2.62,3.42,2.93,2.62,3.42,2.93,2.51,3.33,2.82,1.95,1.95,1.94,1.94,1.99,1.97,1.91,1.9,0.0,1.83,2.07,1.83,2.09,0,Ligue 1
1.95,3.4,3.9,2.0,3.3,3.8,2.0,3.3,4.0,2.01,3.36,4.2,1.95,3.3,3.9,2.04,3.52,4.14,2.04,3.52,4.2,1.98,3.34,3.98,2.2,1.67,2.33,1.65,2.33,1.7,2.24,1.65,-0.5,2.02,1.88,2.01,1.89,0,Ligue 1
2.15,3.4,3.4,2.15,3.3,3.4,2.15,3.3,3.5,2.19,3.42,3.51,2.1,3.3,3.4,2.21,3.56,3.54,2.25,3.56,3.54,2.15,3.38,3.43,2.0,1.8,2.1,1.79,2.14,1.83,2.05,1.77,-0.25,1.87,2.03,1.89,2.02,0,Ligue 1
2.05,3.5,3.6,2.05,3.5,3.5,2.05,3.5,3.6,2.1,3.48,3.69,2.05,3.4,3.4,2.14,3.67,3.65,2.14,3.67,3.71,2.08,3.47,3.53,1.95,1.95,1.95,1.93,1.99,1.97,1.92,1.9,-0.25,1.82,2.08,1.82,2.1,1,Ligue 1
2.0,3.9,3.3,2.0,3.8,3.4,2.05,3.7,3.5,2.07,3.76,3.51,2.0,3.7,3.3,2.08,3.98,3.52,2.08,3.98,3.52,2.04,3.77,3.38,1.57,2.38,1.61,2.41,1.65,2.45,1.58,2.37,-0.5,2.06,1.84,2.08,1.84,1,Ligue 1
2.45,3.1,3.1,2.4,3.25,2.95,2.45,3.2,3.1,2.49,3.18,3.15,2.3,3.2,3.0,2.48,3.42,3.13,2.51,3.42,3.23,2.44,3.19,3.09,2.2,1.67,2.26,1.69,2.29,1.73,2.22,1.68,-0.25,2.11,1.82,2.12,1.81,0,Ligue 1
1.38,5.5,6.5,1.39,5.5,6.75,1.4,5.5,6.5,1.4,5.56,6.93,1.4,5.0,6.5,1.43,5.72,7.18,1.44,5.72,7.3,1.4,5.46,6.79,1.3,3.5,1.33,3.44,1.36,3.52,1.32,3.34,-1.5,2.03,1.9,2.01,1.89,1,Ligue 1
2.35,3.3,3.1,2.35,3.4,2.95,2.3,3.4,3.1,2.4,3.42,3.09,2.3,3.4,2.9,2.4,3.67,3.07,2.42,3.67,3.11,2.36,3.41,3.01,1.91,1.99,1.9,1.99,1.93,2.02,1.87,1.95,-0.25,2.06,1.84,2.07,1.85,1,Ligue 1
1.36,5.5,8.0,1.36,5.0,8.75,1.36,4.6,9.5,1.36,5.18,9.26,1.33,4.8,9.0,1.37,5.36,10.3,1.37,5.5,10.3,1.35,5.05,9.17,1.86,2.04,1.84,2.05,1.89,2.06,1.83,2.01,-1.25,1.83,2.07,1.83,2.09,0,Ligue 1
3.3,3.4,2.15,3.2,3.5,2.2,3.4,3.3,2.2,3.52,3.36,2.22,3.25,3.3,2.15,3.5,3.56,2.23,3.52,3.56,2.27,3.37,3.35,2.2,2.07,1.83,2.08,1.82,2.1,1.86,2.03,1.81,0.25,1.99,1.91,2.0,1.91,0,Ligue 1
1.53,4.5,5.75,1.55,4.5,5.25,1.53,4.5,6.0,1.53,4.75,5.74,1.53,4.4,5.5,1.56,4.82,5.95,1.56,4.82,6.0,1.52,4.6,5.69,1.53,2.5,1.56,2.55,1.58,2.6,1.54,2.47,-1.0,1.85,2.05,1.86,2.06,1,Ligue 1
3.0,3.4,2.35,3.0,3.4,2.35,3.1,3.3,2.3,3.09,3.42,2.4,3.0,3.3,2.3,3.13,3.58,2.4,3.2,3.58,2.4,3.04,3.38,2.33,2.01,1.89,2.02,1.87,2.03,1.95,1.97,1.85,0.25,1.83,2.07,1.85,2.07,0,Ligue 1
1.75,4.1,4.1,1.78,3.9,4.2,1.8,3.9,4.33,1.82,3.99,4.24,1.8,3.8,4.0,1.85,4.08,4.35,1.85,4.1,4.5,1.79,3.93,4.15,1.73,2.1,1.73,2.18,1.78,2.26,1.72,2.15,-0.75,2.05,1.85,2.06,1.85,1,Ligue 1
5.5,4.0,1.62,5.25,4.0,1.63,5.0,4.0,1.65,5.55,4.13,1.63,5.0,3.8,1.65,5.49,4.25,1.67,5.6,4.25,1.67,5.3,4.05,1.63,1.85,2.05,1.85,2.04,1.88,2.07,1.83,2.01,0.75,2.09,1.81,2.11,1.79,0,Ligue 1
1.62,4.0,5.5,1.62,4.1,5.0,1.6,4.0,5.5,1.63,4.03,5.66,1.57,4.2,5.0,1.63,4.25,4.94,1.64,4.25,5.7,1.61,4.06,5.33,1.62,2.25,1.67,2.31,1.68,2.38,1.62,2.27,-1.0,2.06,1.84,2.07,1.85,1,Eredivisie
1.13,8.0,21.0,1.14,9.25,17.5,1.1,10.5,19.0,1.11,10.39,16.88,1.1,8.5,21.0,1.13,8.6,20.0,1.14,11.0,22.0,1.12,9.35,18.53,1.36,3.1,1.36,3.12,1.41,3.17,1.37,2.98,-2.25,1.88,2.02,1.87,1.99,0,Eredivisie
3.75,3.6,1.95,3.5,3.75,1.98,3.6,3.7,1.95,3.7,3.74,1.94,3.6,3.7,1.91,3.73,3.56,1.99,3.8,3.84,2.02,3.63,3.66,1.97,1.67,2.15,1.68,2.21,1.76,2.27,1.68,2.15,0.5,1.89,2.01,1.91,1.96,0,Eredivisie
5.75,4.0,1.6,5.0,4.2,1.61,5.5,4.0,1.55,5.42,4.18,1.58,5.0,4.2,1.57,5.15,4.25,1.61,5.75,4.4,1.63,5.37,4.18,1.58,1.7,2.1,1.71,2.16,1.75,2.22,1.69,2.13,1.0,1.85,2.05,1.85,2.02,0,Eredivisie
1.09,11.0,21.0,1.11,11.0,19.5,1.07,12.0,26.0,1.09,11.96,20.83,1.08,9.5,23.0,1.1,10.5,23.0,1.12,13.0,27.0,1.09,10.89,21.72,1.29,3.6,1.26,3.91,1.31,3.95,1.26,3.68,-2.5,1.82,2.08,1.85,2.01,1,Eredivisie
1.5,4.5,6.0,1.5,4.6,5.75,1.44,4.6,6.0,1.5,4.44,6.09,1.5,4.6,5.8,1.51,4.65,5.75,1.53,4.75,6.3,1.5,4.58,5.88,1.5,2.5,1.55,2.5,1.57,2.57,1.52,2.48,-1.0,1.82,2.08,1.81,2.06,0,Eredivisie
2.0,3.4,3.9,2.0,3.6,3.6,2.0,3.5,3.6,1.99,3.54,3.75,1.95,3.6,3.6,2.01,3.54,3.68,2.04,3.65,3.9,2.0,3.52,3.65,1.85,2.0,1.83,2.01,1.9,2.05,1.84,1.96,-0.5,2.05,1.85,2.0,1.85,0,Eredivisie
1.45,4.5,7.0,1.47,4.75,6.25,1.4,4.6,7.0,1.44,4.79,6.44,1.44,4.75,6.0,1.45,4.75,6.6,1.47,5.0,7.0,1.44,4.72,6.51,1.57,2.35,1.58,2.4,1.62,2.45,1.57,2.37,-1.25,2.0,1.9,1.98,1.88,1,Eredivisie
1.45,4.5,6.5,1.49,4.8,5.75,1.4,4.75,6.5,1.45,4.97,5.94,1.44,4.8,5.8,1.48,4.75,6.05,1.51,5.2,6.5,1.46,4.83,5.99,1.4,2.88,1.41,2.93,1.43,3.07,1.4,2.85,-1.25,1.99,1.91,1.96,1.89,1,Eredivisie
1.8,3.6,4.5,1.8,3.6,4.4,1.75,3.6,4.6,1.82,3.71,4.62,1.75,3.7,4.4,1.81,3.72,4.35,1.83,3.8,4.62,1.79,3.67,4.44,2.0,1.85,1.99,1.9,2.04,1.92,1.94,1.86,-0.75,2.05,1.85,2.08,1.84,1,Eredivisie
2.63,3.5,2.6,2.6,3.6,2.5,2.63,3.5,2.5,2.65,3.56,2.56,2.6,3.8,2.4,2.66,3.56,2.51,2.7,3.85,2.6,2.64,3.57,2.52,1.62,2.25,1.65,2.26,1.68,2.38,1.62,2.28,0.0,1.99,1.91,1.97,1.9,0,Eredivisie
1.5,4.5,6.0,1.5,4.5,6.0,1.5,4.4,5.5,1.51,4.49,5.83,1.44,4.6,6.0,1.51,4.55,5.9,1.54,4.7,6.0,1.51,4.49,5.8,1.57,2.35,1.61,2.37,1.63,2.45,1.58,2.34,-1.0,1.84,2.06,1.85,2.03,0,Eredivisie
1.48,4.5,6.25,1.47,4.75,6.0,1.44,4.5,6.0,1.47,4.65,6.1,1.44,4.75,6.0,1.48,4.65,6.2,1.5,4.9,6.4,1.47,4.66,6.14,1.57,2.35,1.59,2.4,1.62,2.45,1.58,2.36,-1.25,2.07,1.83,2.06,1.83,1,Eredivisie
2.35,3.6,2.88,2.3,3.8,2.75,2.3,3.6,2.8,2.4,3.74,2.73,2.3,3.9,2.62,2.39,3.68,2.74,2.44,3.95,2.88,2.37,3.71,2.75,1.53,2.4,1.54,2.51,1.57,2.6,1.53,2.46,-0.25,2.08,1.82,2.1,1.76,0,Eredivisie
13.0,8.5,1.17,13.5,9.0,1.16,15.0,8.5,1.13,11.5,9.69,1.15,15.0,8.0,1.14,13.5,8.5,1.16,16.5,11.0,1.17,13.41,8.98,1.15,1.22,4.2,1.2,4.47,1.22,4.6,1.21,4.13,2.25,2.03,1.87,2.0,1.84,0,Eredivisie
3.1,3.5,2.3,2.95,3.5,2.3,3.0,3.5,2.2,3.05,3.59,2.25,2.9,3.6,2.25,3.01,3.6,2.26,3.12,3.7,2.32,3.0,3.55,2.26,1.75,2.05,1.76,2.09,1.83,2.14,1.75,2.07,0.25,1.88,2.02,1.88,1.97,1,Eredivisie
9.0,6.5,1.27,9.5,6.5,1.26,11.0,6.5,1.2,8.65,6.98,1.24,9.5,6.5,1.25,9.3,6.35,1.27,11.0,7.6,1.27,9.34,6.69,1.25,1.3,3.5,1.32,3.35,1.33,3.52,1.31,3.32,1.75,2.01,1.89,2.0,1.84,0,Eredivisie
8.5,6.5,1.29,9.0,6.5,1.27,10.5,6.0,1.22,7.73,6.68,1.27,9.0,6.0,1.25,8.9,6.3,1.28,10.5,7.2,1.3,8.52,6.43,1.27,1.33,3.4,1.32,3.36,1.35,3.52,1.31,3.36,1.75,1.95,1.95,1.93,1.91,1,Eredivisie
1.57,4.0,6.0,1.6,4.33,5.0,1.55,4.0,5.5,1.57,4.25,5.38,1.55,4.4,5.0,1.59,4.4,5.11,1.6,4.55,6.0,1.57,4.26,5.3,1.57,2.35,1.6,2.4,1.6,2.44,1.56,2.36,-1.0,1.98,1.92,1.96,1.91,1,Eredivisie
13.0,8.0,1.17,14.5,8.5,1.16,15.0,8.0,1.14,13.26,8.96,1.15,15.0,8.0,1.14,14.5,7.8,1.17,16.5,10.0,1.17,14.18,8.35,1.15,1.33,3.4,1.35,3.22,1.37,3.4,1.34,3.12,2.25,1.87,2.03,1.87,1.99,0,Eredivisie
4.75,3.75,1.75,4.4,4.0,1.73,4.5,3.8,1.73,4.34,3.91,1.76,4.2,3.9,1.73,4.24,4.0,1.77,4.75,4.15,1.79,4.31,3.92,1.75,1.65,2.2,1.66,2.24,1.69,2.34,1.64,2.24,0.75,1.89,2.01,1.88,1.99,0,Eredivisie
3.7,3.7,1.95,3.75,3.7,1.93,3.9,3.6,1.91,3.66,3.73,1.96,3.7,3.6,1.91,3.65,3.74,1.96,3.9,3.86,1.96,3.69,3.69,1.93,1.7,2.1,1.74,2.12,1.76,2.16,1.71,2.1,0.5,1.91,1.99,1.88,1.97,0,Eredivisie
2.45,3.6,2.75,2.3,3.7,2.8,2.38,3.5,2.8,2.44,3.51,2.82,2.38,3.6,2.7,2.4,3.66,2.74,2.48,3.7,2.83,2.4,3.54,2.78,1.7,2.15,1.72,2.14,1.78,2.23,1.68,2.14,-0.25,2.08,1.73,2.11,1.75,0,Eredivisie
7.5,4.33,1.45,6.0,4.8,1.47,6.5,4.6,1.4,6.15,4.87,1.45,6.0,4.8,1.44,6.25,4.85,1.46,7.5,5.1,1.48,6.28,4.78,1.45,1.53,2.4,1.52,2.55,1.55,2.63,1.51,2.51,1.25,1.9,2.0,1.88,1.98,0,Eredivisie
1.73,3.9,4.75,1.78,4.0,4.1,1.73,3.9,4.4,1.7,4.06,4.51,1.73,4.0,4.2,1.74,4.1,4.29,1.79,4.2,4.75,1.73,3.99,4.37,1.62,2.25,1.62,2.32,1.7,2.38,1.62,2.28,-0.75,1.95,1.95,1.91,1.94,1,Eredivisie
7.5,4.5,1.44,6.75,4.6,1.44,7.0,4.6,1.44,7.4,4.79,1.44,7.0,4.6,1.4,6.8,4.75,1.44,7.5,4.9,1.45,7.11,4.66,1.43,1.62,2.25,1.66,2.31,1.67,2.36,1.63,2.27,1.25,1.95,1.95,1.93,1.97,0,Eredivisie
3.4,3.4,2.15,3.25,3.4,2.15,3.5,3.5,2.0,3.43,3.47,2.12,3.3,3.4,2.1,3.38,3.54,2.11,3.5,3.55,2.21,3.35,3.47,2.13,1.93,1.93,1.93,1.93,1.97,1.95,1.9,1.9,0.25,2.04,1.86,2.04,1.85,0,Eredivisie
2.2,3.5,3.2,2.25,3.5,3.1,2.15,3.5,3.1,2.23,3.52,3.15,2.15,3.5,3.1,2.22,3.58,3.11,2.27,3.65,3.25,2.21,3.53,3.12,1.83,2.03,1.83,2.03,1.88,2.06,1.82,1.99,-0.25,1.93,1.97,1.95,1.92,0,Eredivisie
1.73,3.8,4.75,1.71,4.0,4.4,1.67,4.0,4.6,1.7,4.15,4.42,1.67,4.2,4.4,1.72,4.1,4.42,1.74,4.3,4.75,1.71,4.09,4.43,1.62,2.25,1.63,2.3,1.67,2.42,1.62,2.27,-0.75,1.93,1.97,1.91,1.95,1,Eredivisie
2.8,3.4,2.5,2.75,3.4,2.45,2.75,3.3,2.5,2.76,3.46,2.51,2.7,3.4,2.45,2.73,3.5,2.48,2.81,3.55,2.56,2.73,3.46,2.49,1.9,1.95,1.88,1.97,1.96,2.0,1.86,1.94,0.0,2.04,1.86,2.04,1.84,0,Eredivisie
2.88,3.5,2.4,2.85,3.4,2.4,2.8,3.3,2.4,2.92,3.48,2.38,2.8,3.5,2.38,2.87,3.54,2.37,2.98,3.55,2.42,2.86,3.46,2.38,1.83,2.03,1.83,2.01,1.88,2.06,1.81,1.99,0.25,1.8,2.1,1.8,2.07,1,Eredivisie
2.0,3.8,3.5,2.05,3.7,3.4,2.0,3.6,3.5,2.02,3.59,3.58,2.0,3.7,3.3,2.03,3.75,3.43,2.06,3.8,3.68,2.01,3.65,3.49,1.7,2.1,1.74,2.12,1.79,2.19,1.71,2.11,-0.5,2.05,1.85,2.03,1.83,1,Eredivisie
1.13,9.5,19.0,1.13,10.0,16.0,1.08,10.5,19.0,1.1,11.19,16.77,1.1,9.0,19.0,1.11,9.8,20.0,1.17,12.0,21.0,1.11,10.07,17.24,1.22,4.2,1.21,4.36,1.33,4.5,1.22,4.04,-2.5,1.91,1.99,1.88,1.95,1,Eredivisie
1.13,9.0,19.0,1.14,9.75,16.5,1.1,9.0,20.0,1.13,9.19,16.23,1.11,8.5,19.0,1.13,9.2,19.0,1.15,10.0,20.0,1.12,9.1,17.14,1.25,4.0,1.27,3.79,1.3,4.0,1.26,3.73,-2.5,2.02,1.88,1.98,1.85,1,Eredivisie
1.29,6.0,9.0,1.29,6.0,9.25,1.25,5.5,10.5,1.27,5.95,9.37,1.29,5.5,9.5,1.29,5.75,9.7,1.31,6.3,11.0,1.28,5.83,9.67,1.57,2.35,1.58,2.43,1.6,2.55,1.55,2.42,-1.75,2.03,1.78,2.01,1.83,0,Eredivisie
6.25,4.75,1.45,6.25,4.5,1.49,6.5,4.5,1.44,6.12,4.76,1.46,6.0,4.6,1.44,6.3,4.6,1.48,6.5,5.0,1.49,6.22,4.66,1.46,1.62,2.25,1.63,2.29,1.68,2.35,1.61,2.27,1.25,1.86,2.04,1.84,2.02,0,Eredivisie
2.9,3.6,2.3,2.95,3.5,2.3,2.9,3.5,2.25,3.06,3.42,2.31,3.0,3.5,2.25,3.01,3.52,2.3,3.12,3.6,2.35,3.0,3.48,2.3,1.88,1.98,1.88,1.96,1.92,2.05,1.84,1.96,0.25,1.86,2.04,1.85,2.01,1,Eredivisie
1.42,4.75,7.5,1.43,4.8,6.75,1.33,5.0,7.5,1.4,4.92,7.21,1.4,4.75,7.0,1.41,4.95,7.1,1.43,5.25,8.0,1.4,4.89,7.26,1.57,2.35,1.6,2.39,1.62,2.45,1.57,2.37,-1.25,1.91,1.99,1.87,1.98,1,Eredivisie
2.05,3.6,3.5,2.1,3.6,3.3,2.0,3.5,3.4,2.06,3.54,3.48,2.1,3.5,3.3,2.06,3.64,3.45,2.11,3.67,3.6,2.05,3.56,3.45,1.8,2.0,1.82,2.01,1.86,2.08,1.81,1.99,-0.25,1.75,2.05,1.79,2.06,0,Eredivisie
1.91,3.6,4.0,1.9,3.6,4.0,1.85,3.5,4.0,1.87,3.72,3.95,1.85,3.6,3.9,1.89,3.72,3.95,1.95,3.83,4.1,1.88,3.67,3.94,1.88,1.98,1.85,1.98,1.93,2.03,1.85,1.95,-0.5,1.9,2.0,1.88,1.95,1,Eredivisie
2.2,3.5,3.2,2.2,3.4,3.3,2.15,3.4,3.2,2.21,3.37,3.29,2.15,3.4,3.25,2.21,3.44,3.25,2.25,3.5,3.4,2.2,3.39,3.25,2.03,1.83,2.01,1.82,2.07,1.83,1.99,1.79,-0.25,1.92,1.98,1.91,1.93,0,Eredivisie
1.36,6.25,7.0,1.37,5.5,7.25,1.33,5.5,7.5,1.36,5.73,7.87,1.33,5.5,7.5,1.36,5.45,7.6,1.38,6.25,8.02,1.35,5.48,7.56,1.4,2.88,1.42,2.99,1.46,2.99,1.4,2.83,-1.5,1.95,1.95,1.96,1.94,1,Eredivisie
1.4,5.0,6.5,1.42,5.0,6.75,1.36,5.0,7.0,1.4,5.04,7.02,1.4,4.8,7.0,1.41,5.05,6.9,1.43,5.2,7.3,1.4,4.96,6.95,1.5,2.5,1.53,2.57,1.55,2.7,1.5,2.51,-1.25,1.86,2.04,1.85,2.02,1,Eredivisie
6.5,5.0,1.42,6.75,4.8,1.43,7.0,5.0,1.4,6.97,4.97,1.44,7.0,4.8,1.4,7.3,5.0,1.4,7.4,5.1,1.45,6.87,4.93,1.42,1.53,2.4,1.6,2.45,1.61,2.51,1.56,2.39,1.25,1.95,1.95,1.93,1.97,0,Eredivisie
1.57,4.0,5.75,1.6,4.1,5.25,1.55,4.2,5.5,1.58,4.16,5.52,1.55,4.2,5.5,1.6,4.15,5.4,1.63,4.3,5.8,1.58,4.15,5.46,1.8,2.0,1.79,2.05,1.83,2.1,1.78,2.03,-1.0,2.03,1.87,2.01,1.86,1,Eredivisie
3.4,3.7,2.05,3.4,3.6,2.05,3.3,3.75,2.0,3.53,3.62,2.03,3.4,3.6,2.0,3.47,3.7,2.03,3.6,3.75,2.09,3.43,3.64,2.03,1.73,2.08,1.74,2.14,1.79,2.17,1.73,2.09,0.25,2.05,1.75,2.1,1.78,0,Eredivisie
4.2,4.0,1.75,4.2,3.9,1.78,4.2,3.9,1.75,4.13,3.85,1.81,4.2,3.8,1.75,4.05,3.88,1.83,4.4,4.0,1.86,4.13,3.89,1.79,1.67,2.15,1.71,2.18,1.74,2.29,1.68,2.17,0.75,1.85,2.05,1.81,2.07,0,Eredivisie
1.57,4.33,5.5,1.58,4.2,5.25,1.5,4.2,5.5,1.55,4.35,5.57,1.55,4.33,5.5,1.57,4.4,5.35,1.59,4.5,5.7,1.56,4.32,5.4,1.62,2.25,1.65,2.29,1.69,2.32,1.63,2.26,-1.0,1.95,1.95,1.93,1.94,0,Eredivisie
2.5,3.6,2.7,2.5,3.5,2.7,2.5,3.4,2.63,2.56,3.59,2.63,2.45,3.5,2.62,2.55,3.58,2.61,2.6,3.67,2.75,2.51,3.53,2.65,1.73,2.08,1.76,2.09,1.83,2.13,1.76,2.05,0.0,1.9,2.0,1.9,1.95,1,Eredivisie
5.5,5.0,1.5,5.75,4.33,1.53,5.5,4.75,1.44,5.83,4.39,1.52,5.8,4.33,1.5,5.7,4.35,1.55,6.0,5.0,1.56,5.69,4.42,1.52,1.65,2.2,1.69,2.19,1.73,2.26,1.66,2.2,1.0,2.02,1.88,1.97,1.88,0,Eredivisie
1.14,8.5,17.0,1.14,9.25,17.5,1.1,9.0,20.0,1.12,9.8,17.05,1.11,8.5,19.0,1.15,8.4,17.0,1.15,11.0,23.0,1.12,8.97,17.82,1.36,3.1,1.37,3.08,1.39,3.27,1.35,3.08,-2.25,1.9,2.0,1.85,1.98,1,Eredivisie
11.0,6.5,1.22,12.0,7.0,1.22,13.0,6.5,1.18,10.33,6.72,1.22,11.0,6.5,1.22,9.2,6.4,1.27,14.0,7.3,1.27,10.98,6.59,1.22,1.4,2.88,1.41,2.89,1.41,2.98,1.39,2.86,1.75,2.06,1.84,2.0,1.84,0,Eredivisie
2.88,3.6,2.38,2.7,3.6,2.4,2.8,3.6,2.4,2.88,3.66,2.42,2.75,3.7,2.3,2.77,3.74,2.36,2.89,3.74,2.43,2.8,3.62,2.38,1.6,2.3,1.63,2.37,1.65,2.47,1.59,2.32,0.25,1.82,2.08,1.81,2.11,1,Eredivisie
10.0,7.0,1.22,11.0,7.0,1.23,11.0,7.0,1.2,11.05,7.2,1.2,12.0,6.5,1.2,11.5,6.9,1.22,12.5,7.7,1.23,11.26,6.95,1.21,1.33,3.4,1.34,3.24,1.37,3.4,1.34,3.14,2.0,1.88,2.02,1.86,1.99,0,Eredivisie
5.75,4.33,1.55,5.25,4.4,1.57,5.5,4.33,1.5,5.59,4.39,1.54,5.5,4.33,1.53,5.25,4.45,1.57,5.8,4.6,1.58,5.46,4.38,1.55,1.57,2.35,1.61,2.38,1.61,2.47,1.56,2.36,1.0,1.97,1.93,1.96,1.91,0,Eredivisie
1.75,3.7,4.75,1.82,3.6,4.2,1.8,3.5,4.33,1.75,3.71,4.69,1.75,3.7,4.33,1.77,3.78,4.49,1.82,3.79,4.75,1.78,3.68,4.46,1.93,1.93,1.94,1.91,1.99,1.98,1.91,1.88,-0.75,2.02,1.88,2.0,1.87,0,Eredivisie
2.0,3.6,3.6,2.05,3.6,3.4,2.0,3.5,3.6,2.03,3.6,3.56,2.0,3.6,3.4,2.04,3.64,3.49,2.07,3.68,3.64,2.02,3.59,3.52,1.8,2.0,1.8,2.03,1.84,2.08,1.79,2.01,-0.5,2.04,1.86,2.04,1.83,1,Eredivisie
2.2,3.6,3.1,2.15,3.6,3.1,2.1,3.6,3.1,2.27,3.53,3.06,2.15,3.5,3.1,2.24,3.6,3.05,2.29,3.63,3.2,2.22,3.55,3.08,1.75,2.05,1.78,2.06,1.83,2.11,1.77,2.04,-0.25,1.98,1.92,1.98,1.88,0,Eredivisie
1.2,8.5,9.5,1.22,7.0,12.0,1.17,7.5,13.0,1.19,7.21,12.36,1.18,7.0,13.0,1.21,6.95,12.5,1.22,8.5,14.5,1.2,7.12,12.41,1.4,2.88,1.4,2.93,1.44,3.2,1.39,2.89,-2.0,1.99,1.91,1.94,1.89,1,Eredivisie
6.5,5.75,1.38,6.75,5.0,1.42,7.0,5.5,1.33,7.77,5.32,1.35,7.5,5.0,1.35,7.5,5.3,1.37,8.2,5.75,1.42,7.38,5.28,1.36,1.44,2.7,1.45,2.74,1.49,2.82,1.45,2.69,1.5,1.86,2.04,1.85,2.01,0,Eredivisie
1.62,4.1,5.25,1.6,4.2,5.25,1.55,4.0,5.5,1.6,4.15,5.3,1.57,4.2,5.0,1.62,4.2,5.1,1.63,4.33,5.5,1.59,4.15,5.27,1.7,2.1,1.73,2.13,1.76,2.19,1.71,2.12,-1.0,2.06,1.84,2.03,1.83,0,Eredivisie
2.7,3.2,2.75,2.6,3.2,2.75,2.63,3.1,2.8,2.74,3.23,2.8,2.6,3.2,2.7,2.69,3.13,2.76,2.74,3.25,2.85,2.67,3.17,2.75,2.15,1.67,2.24,1.7,2.27,1.73,2.16,1.68,0.0,1.91,1.99,1.93,1.97,0,Eredivisie
2.88,3.4,2.5,2.87,3.4,2.37,2.88,3.3,2.4,2.88,3.37,2.47,2.88,3.5,2.3,2.84,3.54,2.4,3.0,3.55,2.5,2.87,3.41,2.42,1.83,2.03,1.84,2.02,1.87,2.06,1.81,1.99,0.25,1.73,2.08,1.76,2.13,1,Eredivisie
1.17,8.0,13.0,1.18,8.5,12.5,1.14,8.0,15.0,1.15,8.34,13.84,1.15,7.5,15.0,1.18,7.8,14.0,1.18,9.0,16.5,1.16,7.96,14.05,1.33,3.4,1.33,3.32,1.36,3.45,1.32,3.27,-2.25,2.03,1.87,1.99,1.87,1,Eredivisie
1.38,4.75,8.0,1.37,5.25,7.5,1.33,5.0,7.5,1.36,5.18,7.69,1.35,5.0,7.5,1.39,5.1,7.3,1.41,5.5,8.3,1.37,5.12,7.56,1.5,2.5,1.53,2.58,1.56,2.6,1.51,2.5,-1.25,1.85,2.05,1.84,2.04,1,Eredivisie
1.62,4.2,5.0,1.66,4.1,4.75,1.6,4.0,5.0,1.61,4.14,5.21,1.57,4.2,5.0,1.63,4.2,4.98,1.66,4.3,5.4,1.62,4.16,5.02,1.67,2.15,1.67,2.23,1.72,2.29,1.67,2.2,-0.75,1.75,2.05,1.77,2.1,1,Eredivisie
1.6,4.33,5.25,1.62,4.2,4.8,1.57,4.2,5.0,1.6,4.24,5.17,1.6,4.2,4.8,1.62,4.25,5.05,1.64,4.4,5.4,1.61,4.25,5.01,1.65,2.2,1.65,2.28,1.7,2.33,1.63,2.26,-1.0,2.04,1.86,2.02,1.83,1,Eredivisie
1.65,4.1,5.0,1.7,4.2,4.33,1.67,4.0,4.5,1.65,4.23,4.74,1.65,4.2,4.5,1.67,4.25,4.62,1.7,4.4,5.0,1.66,4.22,4.63,1.53,2.4,1.55,2.48,1.55,2.55,1.52,2.44,-0.75,1.84,2.06,1.82,2.04,0,Eredivisie
1.36,5.25,8.0,1.39,5.0,7.25,1.33,5.0,8.5,1.35,5.15,8.06,1.33,5.0,8.0,1.36,5.2,8.0,1.39,5.4,8.5,1.36,5.13,7.95,1.57,2.35,1.57,2.42,1.62,2.52,1.56,2.39,-1.25,1.75,2.05,1.76,2.1,1,Eredivisie
6.25,3.8,1.57,5.25,4.2,1.6,5.5,4.0,1.55,5.5,4.08,1.59,5.5,4.2,1.55,5.3,4.15,1.61,6.25,4.25,1.62,5.5,4.09,1.58,1.83,2.03,1.8,2.03,1.87,2.07,1.8,2.0,1.0,1.85,2.05,1.82,2.04,1,Eredivisie
1.55,4.33,5.5,1.57,4.2,5.5,1.5,4.2,5.5,1.54,4.21,5.94,1.53,4.2,5.5,1.55,4.35,5.65,1.58,4.45,6.2,1.55,4.27,5.65,1.7,2.1,1.7,2.2,1.75,2.24,1.69,2.16,-1.0,1.95,1.95,1.91,1.96,0,Eredivisie
4.33,4.0,1.75,4.2,3.9,1.77,4.33,4.0,1.73,4.29,4.03,1.75,4.0,4.0,1.75,4.15,4.1,1.77,4.5,4.2,1.78,4.23,4.03,1.75,1.6,2.3,1.6,2.4,1.62,2.45,1.58,2.35,0.75,1.9,2.0,1.9,1.97,0,Eredivisie
1.91,3.75,3.8,1.93,3.8,3.6,1.91,3.75,3.75,1.94,3.85,3.62,1.91,3.75,3.6,1.95,3.84,3.59,1.98,3.95,3.8,1.94,3.79,3.62,1.65,2.2,1.65,2.26,1.72,2.38,1.63,2.23,-0.5,1.95,1.95,1.96,1.91,1,Eredivisie
6.5,5.5,1.4,7.25,5.0,1.4,7.0,5.0,1.33,7.15,5.1,1.39,7.5,5.0,1.36,7.2,5.05,1.4,7.8,5.5,1.41,7.21,5.03,1.39,1.53,2.4,1.54,2.52,1.57,2.57,1.52,2.46,1.25,2.02,1.88,2.02,1.85,0,Eredivisie
4.5,4.5,1.65,5.0,4.2,1.61,4.75,4.33,1.6,4.67,4.15,1.67,4.8,4.2,1.62,4.7,4.1,1.68,5.0,4.5,1.7,4.68,4.18,1.66,1.7,2.1,1.72,2.16,1.75,2.21,1.69,2.15,0.75,1.98,1.8,2.0,1.87,0,Eredivisie
2.25,3.4,3.2,2.2,3.4,3.2,2.25,3.3,3.2,2.28,3.33,3.21,2.25,3.3,3.1,2.29,3.35,3.16,2.33,3.41,3.25,2.26,3.33,3.17,2.1,1.7,2.14,1.72,2.17,1.79,2.11,1.72,-0.25,2.0,1.9,1.97,1.88,0,Eredivisie
3.6,3.7,2.0,3.5,3.6,2.05,3.5,3.5,2.0,3.46,3.66,2.05,3.4,3.6,2.0,3.49,3.64,2.04,3.6,3.71,2.05,3.44,3.63,2.02,1.8,2.0,1.79,2.04,1.88,2.14,1.78,2.02,0.5,1.86,2.04,1.81,2.06,0,Eredivisie
6.25,5.0,1.45,6.5,4.8,1.43,6.0,5.0,1.4,6.46,4.95,1.43,6.0,4.75,1.44,6.4,4.8,1.45,6.75,5.0,1.47,6.29,4.86,1.44,1.5,2.5,1.53,2.54,1.56,2.63,1.51,2.5,1.25,1.85,1.93,1.89,1.96,0,Eredivisie
1.91,3.5,4.1,1.98,3.6,3.7,1.95,3.5,3.8,1.93,3.66,3.82,1.95,3.6,3.6,1.94,3.75,3.72,1.98,3.75,4.1,1.93,3.62,3.75,1.8,2.0,1.76,2.08,1.89,2.15,1.77,2.05,-0.5,1.95,1.95,1.94,1.91,0,Eredivisie
2.9,3.2,2.5,2.95,3.3,2.37,2.88,3.25,2.5,3.0,3.35,2.49,2.8,3.4,2.4,2.9,3.42,2.41,3.01,3.42,2.52,2.91,3.3,2.45,2.0,1.85,2.03,1.87,2.05,1.88,1.97,1.83,0.25,1.7,2.1,1.79,2.14,1,Eredivisie
2.05,3.5,3.5,2.1,3.4,3.5,2.05,3.3,3.5,2.1,3.32,3.65,2.1,3.4,3.3,2.1,3.48,3.46,2.16,3.5,3.69,2.1,3.38,3.5,2.05,1.8,2.07,1.81,2.09,1.85,2.02,1.79,-0.25,1.82,2.08,1.82,2.07,1,Eredivisie
1.09,12.0,19.0,1.09,13.0,21.0,1.06,14.0,23.0,1.07,14.29,20.08,1.06,11.0,29.0,1.08,11.7,28.0,1.09,17.0,29.0,1.07,12.86,22.84,1.2,4.33,1.17,4.98,1.2,5.1,1.18,4.47,-2.75,1.87,2.03,1.84,2.0,1,Eredivisie
1.85,4.1,3.6,1.93,3.7,3.75,1.85,3.75,3.9,1.86,3.78,3.99,1.85,3.7,3.8,1.89,3.75,3.91,1.93,4.1,4.1,1.88,3.75,3.88,1.75,2.05,1.81,2.04,1.85,2.1,1.79,2.01,-0.5,1.9,2.0,1.88,1.99,1,Eredivisie
2.55,3.4,2.7,2.45,3.6,2.65,2.5,3.5,2.63,2.46,3.66,2.7,2.45,3.6,2.6,2.46,3.7,2.64,2.6,3.75,2.72,2.47,3.59,2.66,1.6,2.3,1.62,2.35,1.64,2.41,1.6,2.32,0.0,1.85,2.05,1.85,2.03,1,Eredivisie
4.1,3.9,1.8,3.8,3.7,1.88,3.9,3.8,1.85,3.93,3.89,1.85,3.9,3.9,1.8,3.85,3.88,1.88,4.1,3.93,1.92,3.9,3.79,1.85,1.67,2.15,1.69,2.19,1.74,2.25,1.68,2.15,0.5,2.03,1.87,2.0,1.85,0,Eredivisie
1.22,7.0,11.0,1.23,6.75,11.0,1.2,7.0,12.0,1.2,7.03,11.29,1.2,6.5,12.0,1.22,6.8,12.0,1.23,7.3,12.5,1.21,6.82,11.62,1.4,2.88,1.39,2.95,1.4,3.15,1.38,2.88,-2.0,2.04,1.86,1.99,1.85,1,Eredivisie
1.29,6.0,9.5,1.31,5.75,9.25,1.29,5.5,9.5,1.28,5.8,8.96,1.25,5.8,10.0,1.28,5.85,9.9,1.31,6.25,10.5,1.28,5.77,9.27,1.53,2.4,1.55,2.49,1.57,2.6,1.52,2.46,-1.5,1.78,2.03,1.79,2.06,1,Eredivisie
1.53,4.2,6.0,1.53,4.4,5.75,1.5,4.2,5.5,1.52,4.45,5.76,1.5,4.33,5.8,1.55,4.4,5.6,1.55,4.5,6.0,1.52,4.35,5.7,1.67,2.15,1.66,2.24,1.71,2.27,1.65,2.21,-1.0,1.91,1.99,1.88,1.98,0,Eredivisie
1.95,3.5,3.9,1.95,3.9,3.5,1.91,3.75,3.7,1.98,3.69,3.64,1.95,3.7,3.5,1.98,3.72,3.6,2.02,3.9,3.9,1.98,3.68,3.58,1.62,2.25,1.65,2.28,1.66,2.42,1.6,2.29,-0.5,2.01,1.89,2.0,1.88,0,Eredivisie
5.75,3.6,1.65,5.25,3.8,1.65,5.5,3.75,1.6,5.27,3.82,1.66,5.5,3.75,1.62,5.25,3.76,1.68,5.75,3.95,1.71,5.25,3.79,1.66,1.98,1.88,1.98,1.87,2.02,1.9,1.95,1.85,0.75,2.05,1.85,2.01,1.87,0,Eredivisie
2.88,3.75,2.25,2.85,3.7,2.3,2.9,3.6,2.2,2.9,3.62,2.33,2.8,3.7,2.25,2.88,3.8,2.26,3.0,3.8,2.35,2.89,3.66,2.29,1.57,2.35,1.59,2.41,1.6,2.5,1.55,2.39,0.25,1.87,2.03,1.83,2.05,1,Eredivisie
2.4,3.3,3.0,2.4,3.4,2.85,2.3,3.3,2.9,2.35,3.48,2.97,2.3,3.5,2.88,2.35,3.52,2.91,2.42,3.56,3.05,2.36,3.43,2.93,1.85,2.0,1.85,2.0,1.9,2.04,1.84,1.96,-0.25,2.07,1.83,2.05,1.83,1,Eredivisie
1.67,3.8,5.25,1.66,3.9,5.0,1.62,3.9,5.0,1.65,4.0,5.04,1.62,3.9,5.0,1.68,3.72,5.35,1.69,4.0,5.35,1.66,3.87,5.03,1.7,2.1,1.75,2.11,1.77,2.17,1.72,2.1,-0.75,1.87,2.03,1.85,2.03,1,Eredivisie
2.05,3.4,3.75,2.15,3.4,3.3,2.1,3.4,3.4,2.09,3.54,3.46,2.1,3.3,3.4,2.14,3.38,3.46,2.17,3.58,3.75,2.1,3.45,3.44,1.93,1.93,1.91,1.94,1.95,1.97,1.89,1.91,-0.25,1.73,2.08,1.83,2.06,1,Eredivisie
1.62,4.0,5.5,1.66,4.1,4.75,1.6,4.0,5.0,1.61,4.17,5.09,1.62,4.0,5.0,1.66,3.95,5.1,1.66,4.2,5.5,1.63,4.05,5.01,1.67,2.15,1.66,2.25,1.71,2.29,1.66,2.21,-1.0,2.08,1.82,2.07,1.8,0,Eredivisie
1.85,3.3,4.75,1.88,3.5,4.2,1.85,3.3,4.33,1.87,3.51,4.32,1.83,3.6,4.0,1.87,3.7,4.06,1.9,3.7,4.75,1.87,3.49,4.2,1.93,1.93,1.9,1.93,1.99,1.97,1.89,1.9,-0.5,1.88,2.02,1.88,1.98,1,Eredivisie
2.63,3.5,2.55,2.6,3.5,2.6,2.63,3.3,2.6,2.69,3.44,2.58,2.6,3.5,2.5,2.62,3.52,2.57,2.69,3.52,2.65,2.63,3.43,2.58,1.85,2.0,1.84,2.01,1.87,2.05,1.82,1.98,0.0,2.0,1.9,1.97,1.88,0,Eredivisie
2.75,3.3,2.6,2.8,3.4,2.45,2.75,3.3,2.45,2.75,3.37,2.57,2.7,3.3,2.5,2.77,3.32,2.54,2.8,3.4,2.6,2.74,3.34,2.52,1.8,2.0,1.82,2.03,1.86,2.08,1.8,2.0,0.0,2.02,1.88,2.0,1.86,1,Eredivisie
1.44,4.75,7.0,1.44,4.6,7.0,1.4,4.5,8.0,1.43,4.84,7.48,1.4,4.5,7.5,1.44,4.65,7.0,1.45,4.9,8.0,1.43,4.64,7.14,1.7,2.1,1.75,2.16,1.78,2.19,1.72,2.11,-1.25,2.0,1.9,2.0,1.91,1,Eredivisie
2.63,3.3,2.7,2.6,3.4,2.65,2.63,3.3,2.63,2.64,3.4,2.66,2.6,3.4,2.6,2.6,3.48,2.61,2.69,3.48,2.71,2.62,3.36,2.65,1.85,2.0,1.85,2.0,1.93,2.04,1.85,1.94,0.0,1.92,1.98,1.93,1.94,1,Eredivisie
2.63,3.4,2.63,2.6,3.4,2.65,2.63,3.3,2.63,2.69,3.31,2.67,2.62,3.3,2.6,2.65,3.4,2.61,2.75,3.4,2.71,2.65,3.32,2.65,2.0,1.85,2.02,1.84,2.06,1.89,1.98,1.81,0.0,1.95,1.95,1.94,1.93,1,Eredivisie
8.5,7.0,1.27,10.0,6.25,1.26,10.5,6.5,1.22,9.79,6.28,1.25,11.0,6.0,1.22,9.9,6.1,1.27,11.0,7.0,1.28,9.92,6.27,1.26,1.44,2.7,1.43,2.83,1.47,2.92,1.42,2.77,1.75,1.95,1.95,1.93,1.92,0,Eredivisie
4.2,3.6,1.85,4.0,3.8,1.83,4.2,3.6,1.8,4.16,3.76,1.83,3.9,3.8,1.8,4.01,3.88,1.84,4.3,3.88,1.88,4.07,3.71,1.83,1.7,2.1,1.75,2.13,1.78,2.2,1.72,2.1,0.5,2.03,1.87,2.03,1.85,0,Eredivisie
11.0,4.75,1.3,10.0,5.75,1.29,11.0,5.5,1.25,9.33,5.68,1.29,10.0,5.8,1.25,9.9,5.6,1.3,11.0,6.0,1.31,9.89,5.54,1.29,1.57,2.35,1.61,2.35,1.64,2.41,1.6,2.32,1.5,2.02,1.88,1.99,1.86,0,Eredivisie
2.35,3.5,2.88,2.4,3.6,2.7,2.4,3.4,2.75,2.42,3.5,2.84,2.3,3.7,2.75,2.39,3.66,2.75,2.48,3.75,2.88,2.39,3.53,2.79,1.67,2.15,1.68,2.21,1.7,2.28,1.66,2.19,-0.25,2.06,1.84,2.1,1.76,1,Eredivisie
2.55,3.4,2.7,2.5,3.5,2.65,2.5,3.4,2.7,2.53,3.65,2.62,2.45,3.6,2.6,2.52,3.64,2.61,2.58,3.71,2.75,2.51,3.54,2.65,1.7,2.1,1.69,2.18,1.75,2.25,1.7,2.14,0.0,1.91,1.99,1.89,1.96,0,Eredivisie
1.48,4.2,7.0,1.49,4.5,6.25,1.44,4.33,7.0,1.46,4.54,6.61,1.44,4.4,6.5,1.47,4.5,6.67,1.49,4.7,7.0,1.47,4.43,6.56,1.75,2.05,1.76,2.08,1.85,2.14,1.76,2.04,-1.25,2.05,1.75,2.04,1.83,0,Eredivisie
1.57,4.0,6.0,1.57,4.1,5.75,1.5,4.0,6.0,1.57,4.02,5.84,1.53,4.0,5.8,1.59,4.1,5.6,1.61,4.15,6.25,1.56,4.02,5.83,1.93,1.93,1.94,1.91,1.96,2.0,1.89,1.9,-1.0,2.03,1.87,2.02,1.85,1,Eredivisie
1.27,5.5,11.0,1.27,6.0,10.5,1.22,6.0,11.0,1.28,6.12,8.58,1.22,6.0,11.0,1.26,6.1,11.0,1.3,6.6,12.0,1.26,5.97,10.0,1.5,2.5,1.5,2.6,1.53,2.75,1.49,2.56,-1.75,1.99,1.91,1.95,1.9,1,Eredivisie
1.8,3.8,4.2,1.82,3.9,4.0,1.75,3.8,4.2,1.79,3.89,4.18,1.8,3.9,3.9,1.82,3.92,4.05,1.85,4.05,4.3,1.8,3.87,4.07,1.67,2.15,1.68,2.24,1.71,2.29,1.67,2.18,-0.75,2.06,1.84,2.05,1.83,0,Eredivisie
4.75,3.5,1.8,4.33,3.6,1.83,4.33,3.5,1.8,4.44,3.65,1.81,4.2,3.6,1.8,4.24,3.74,1.82,4.75,3.81,1.86,4.33,3.6,1.82,1.93,1.93,1.93,1.93,1.99,1.96,1.91,1.89,0.75,1.78,2.03,1.81,2.06,0,Eredivisie
1.14,8.5,15.0,1.14,9.0,17.0,1.1,10.0,18.0,1.11,10.15,16.9,1.12,8.0,17.0,1.15,8.1,18.0,1.15,11.0,21.0,1.13,9.04,17.5,1.36,3.1,1.37,3.1,1.42,3.3,1.37,2.98,-2.25,1.92,1.98,1.89,1.96,1,Eredivisie
2.63,3.25,2.7,2.55,3.4,2.7,2.63,3.3,2.63,2.65,3.37,2.67,2.45,3.4,2.7,2.57,3.48,2.64,2.67,3.48,2.75,2.6,3.34,2.68,1.9,1.95,1.88,1.95,1.93,1.99,1.87,1.92,0.0,1.93,1.97,1.92,1.93,0,Eredivisie
3.6,3.4,2.05,3.3,3.6,2.1,3.4,3.4,2.1,3.5,3.57,2.06,3.4,3.6,2.0,3.49,3.64,2.04,3.6,3.64,2.1,3.43,3.52,2.06,1.83,2.03,1.81,2.03,1.87,2.07,1.8,2.0,0.5,1.82,2.08,1.8,2.07,0,Eredivisie
2.05,3.4,3.6,2.05,3.25,3.75,2.0,3.2,3.8,2.1,3.24,3.76,2.0,3.3,3.7,2.07,3.35,3.71,2.1,3.4,3.9,2.06,3.27,3.69,2.25,1.62,2.3,1.63,2.36,1.66,2.25,1.63,-0.5,2.09,1.81,2.1,1.76,0,Eredivisie
1.17,7.0,17.0,1.16,8.0,17.0,1.14,7.5,16.0,1.15,7.99,15.55,1.12,8.0,17.0,1.14,8.1,18.0,1.17,8.5,18.0,1.15,7.71,15.89,1.4,2.88,1.4,2.9,1.45,3.1,1.38,2.9,-2.25,2.05,1.85,2.03,1.81,1,Eredivisie
1.7,3.9,4.75,1.68,4.1,4.6,1.67,4.0,4.75,1.69,4.17,4.87,1.67,4.2,4.4,1.71,4.15,4.43,1.71,4.2,5.19,1.68,4.05,4.68,1.57,2.35,1.62,2.4,1.65,2.42,1.6,2.32,-0.75,1.89,2.01,1.89,2.01,0,Eredivisie
1.95,3.4,3.9,2.0,3.4,3.8,1.91,3.4,4.0,1.94,3.4,3.71,1.95,3.4,3.75,2.01,3.45,3.78,2.05,3.59,4.0,1.99,3.43,3.75,2.15,1.67,2.1,1.7,2.23,1.78,2.12,1.7,-0.5,2.01,1.89,1.96,1.83,1,Eredivisie
2.2,3.25,3.4,2.15,3.25,3.6,2.15,3.1,3.6,2.25,3.15,3.48,2.1,3.2,3.5,2.25,3.14,3.45,2.29,3.25,3.6,2.21,3.17,3.45,2.25,1.62,2.35,1.61,2.43,1.64,2.31,1.6,-0.25,1.92,1.98,1.93,1.94,1,Eredivisie
1.25,6.5,9.5,1.26,6.0,11.0,1.2,6.0,12.0,1.24,6.15,10.82,1.22,5.8,12.0,1.25,6.0,12.0,1.26,6.6,12.5,1.24,6.05,11.41,1.65,2.2,1.67,2.24,1.7,2.33,1.64,2.23,-1.75,2.01,1.89,1.99,1.87,0,Eredivisie
2.8,3.5,2.38,2.8,3.4,2.4,2.75,3.4,2.45,2.95,3.46,2.37,2.75,3.5,2.38,2.9,3.5,2.37,3.01,3.53,2.45,2.86,3.45,2.39,1.9,1.95,1.89,1.96,1.95,2.02,1.86,1.93,0.25,1.82,2.08,1.81,2.07,1,Eredivisie
6.5,4.33,1.5,5.75,4.4,1.53,6.0,4.4,1.47,5.93,4.53,1.5,5.8,4.4,1.5,5.6,4.55,1.53,6.5,4.65,1.55,5.86,4.47,1.5,1.53,2.4,1.56,2.46,1.58,2.55,1.54,2.42,1.0,2.08,1.82,2.05,1.81,0,Eredivisie
1.33,5.25,8.5,1.34,5.25,8.25,1.3,5.0,8.5,1.33,5.52,7.9,1.33,5.0,8.5,1.35,5.25,8.2,1.36,5.6,9.0,1.33,5.32,8.03,1.53,2.4,1.56,2.47,1.59,2.52,1.54,2.4,-1.5,2.0,1.9,1.95,1.9,1,Eredivisie
1.57,4.5,5.25,1.57,4.2,5.5,1.5,4.33,5.5,1.55,4.29,5.59,1.53,4.2,5.5,1.57,4.3,5.5,1.59,4.5,5.7,1.55,4.28,5.45,1.7,2.1,1.72,2.15,1.76,2.2,1.7,2.12,-1.0,1.99,1.91,1.94,1.91,1,Eredivisie
4.33,4.0,1.7,4.4,4.0,1.73,4.4,3.9,1.73,4.7,3.95,1.7,4.33,3.9,1.73,4.39,3.98,1.75,4.75,4.1,1.75,4.48,3.94,1.71,1.67,2.15,1.7,2.18,1.72,2.25,1.68,2.17,0.75,1.95,1.95,1.94,1.9,0,Eredivisie
1.45,4.33,7.0,1.46,4.75,6.25,1.4,4.75,6.5,1.46,4.62,6.47,1.44,4.75,6.0,1.47,4.75,6.2,1.5,5.1,7.0,1.46,4.76,6.2,1.5,2.5,1.53,2.57,1.53,2.63,1.5,2.49,-1.25,2.01,1.89,1.97,1.9,0,Eredivisie
2.0,3.25,4.2,2.0,3.25,4.0,1.95,3.25,4.2,2.0,3.32,4.27,1.95,3.3,4.0,1.94,3.5,4.01,2.02,3.5,4.27,1.97,3.31,4.08,2.1,1.7,2.18,1.74,2.21,1.78,2.11,1.71,-0.5,2.01,1.89,2.01,1.89,0,Eredivisie
13.0,6.5,1.2,12.0,7.5,1.2,15.0,7.5,1.15,11.5,7.76,1.18,13.0,7.0,1.18,13.0,7.6,1.19,15.0,7.76,1.2,12.77,7.32,1.18,1.33,3.4,1.34,3.24,1.34,3.4,1.32,3.22,2.0,2.01,1.89,2.0,1.86,1,Eredivisie
1.62,4.0,5.5,1.62,4.0,5.25,1.55,4.0,5.5,1.59,4.11,5.47,1.62,3.9,5.0,1.63,4.1,5.15,1.63,4.15,5.8,1.59,4.06,5.37,1.8,2.0,1.8,2.06,1.84,2.1,1.77,2.02,-1.0,2.07,1.83,2.05,1.83,1,Eredivisie
1.2,6.5,15.0,1.2,7.25,14.0,1.15,7.0,15.0,1.19,7.09,12.9,1.18,6.5,13.0,1.19,7.2,14.0,1.2,7.25,16.0,1.18,6.9,13.77,1.44,2.7,1.45,2.73,1.46,3.05,1.43,2.73,-2.0,1.99,1.91,1.97,1.88,1,Eredivisie
1.95,3.75,3.6,2.05,3.7,3.3,2.0,3.5,3.5,1.98,3.72,3.59,2.0,3.5,3.4,2.0,3.74,3.52,2.06,3.75,3.6,1.99,3.65,3.49,1.73,2.08,1.74,2.12,1.77,2.16,1.73,2.08,-0.5,2.03,1.87,1.99,1.86,0,Eredivisie
2.0,3.4,3.9,2.05,3.5,3.5,2.0,3.5,3.6,2.0,3.53,3.73,2.05,3.3,3.4,2.02,3.6,3.58,2.06,3.6,3.9,2.0,3.49,3.62,1.9,1.95,1.89,1.94,1.94,1.97,1.87,1.91,-0.5,2.03,1.87,2.01,1.85,0,Eredivisie
1.42,4.33,8.0,1.41,4.8,7.5,1.36,4.75,7.5,1.38,4.81,7.89,1.4,4.5,7.5,1.41,4.75,7.6,1.42,4.81,8.5,1.39,4.65,7.69,1.7,2.1,1.74,2.12,1.74,2.2,1.69,2.12,-1.25,1.97,1.93,1.93,1.92,1,Eredivisie
1.14,9.0,15.0,1.15,9.25,16.0,1.1,9.0,19.0,1.12,9.69,17.15,1.12,8.0,21.0,1.13,8.7,21.0,1.15,9.69,23.0,1.12,8.75,18.08,1.36,3.1,1.36,3.08,1.36,3.25,1.34,3.09,-2.25,1.91,1.99,1.88,1.95,1,Eredivisie
3.75,3.5,2.0,3.6,3.5,2.05,3.75,3.4,2.0,3.65,3.46,2.05,3.5,3.4,2.05,3.58,3.58,2.03,3.75,3.58,2.05,3.58,3.47,2.02,1.93,1.93,1.94,1.89,1.98,1.98,1.91,1.87,0.5,1.85,2.05,1.81,2.06,0,Eredivisie
2.55,3.5,2.63,2.6,3.4,2.6,2.63,3.4,2.6,2.63,3.53,2.71,2.5,3.4,2.6,2.54,3.64,2.59,2.77,3.64,2.71,2.59,3.47,2.61,1.67,2.15,1.7,2.21,1.73,2.28,1.67,2.17,0.0,1.92,1.98,1.93,1.98,0,Eredivisie
1.62,4.0,5.5,1.63,4.0,5.25,1.6,3.9,5.5,1.63,3.89,5.43,1.65,3.9,5.0,1.67,3.92,5.05,1.67,4.09,5.6,1.63,3.92,5.26,1.9,1.95,1.94,1.91,1.95,2.06,1.84,1.94,-0.75,1.82,2.08,1.83,2.05,1,Eredivisie
3.1,3.7,2.15,3.1,3.5,2.2,2.9,3.5,2.25,3.17,3.33,2.3,3.0,3.3,2.3,3.12,3.44,2.27,3.17,3.7,2.31,3.07,3.42,2.25,1.98,1.88,2.01,1.85,2.02,1.94,1.94,1.84,0.25,1.95,1.95,1.88,2.0,1,Eredivisie
2.35,3.75,2.8,2.37,3.5,2.85,2.25,3.5,2.9,2.34,3.49,2.75,2.38,3.4,2.8,2.41,3.52,2.83,2.42,3.75,2.9,2.38,3.51,2.8,1.85,2.0,1.83,1.94,1.9,2.07,1.83,1.95,-0.25,2.08,1.82,2.06,1.75,1,Eredivisie
4.75,4.1,1.67,4.75,4.2,1.65,4.6,4.0,1.67,4.51,4.15,1.69,4.5,3.9,1.7,4.49,4.05,1.72,5.0,4.2,1.72,4.56,4.05,1.68,1.67,2.15,1.68,2.22,1.71,2.25,1.64,2.19,0.75,1.99,1.91,1.96,1.89,0,Eredivisie
1.67,4.33,4.5,1.68,4.2,4.4,1.62,4.2,4.6,1.66,4.25,4.59,1.7,4.0,4.33,1.71,4.25,4.34,1.71,4.33,4.6,1.67,4.18,4.44,1.48,2.6,1.5,2.59,1.52,2.65,1.48,2.55,-0.75,1.88,2.02,1.85,2.01,1,Eredivisie
1.62,4.0,5.5,1.63,4.0,5.25,1.62,3.9,5.0,1.61,4.13,5.23,1.65,3.8,5.0,1.63,4.1,5.15,1.66,4.13,5.6,1.62,3.98,5.17,1.83,2.03,1.81,2.03,1.89,2.1,1.79,2.0,-0.75,1.75,2.05,1.78,2.09,0,Eredivisie
2.8,3.6,2.4,2.9,3.25,2.45,2.8,3.3,2.4,2.9,3.36,2.46,2.88,3.2,2.45,2.9,3.32,2.46,2.92,3.6,2.5,2.85,3.33,2.43,2.1,1.7,2.14,1.72,2.2,1.77,2.09,1.71,0.0,2.05,1.75,2.1,1.78,1,Eredivisie
3.0,3.3,2.4,2.8,3.3,2.5,2.8,3.5,2.4,2.93,3.37,2.53,2.8,3.3,2.4,2.83,3.5,2.42,3.0,3.5,2.58,2.85,3.36,2.44,1.85,2.0,1.88,2.01,1.88,2.04,1.83,1.96,0.25,1.81,2.09,1.76,2.16,0,Eredivisie
2.7,3.4,2.6,2.65,3.4,2.55,2.6,3.5,2.55,2.56,3.46,2.52,2.62,3.4,2.5,2.63,3.55,2.54,2.7,3.55,2.62,2.6,3.46,2.54,1.8,2.0,1.79,2.05,1.82,2.05,1.78,2.0,0.0,2.0,1.9,1.91,1.88,0,Eredivisie
1.13,10.0,15.0,1.13,10.0,17.5,1.1,9.5,19.0,1.11,10.29,18.05,1.14,8.5,17.0,1.12,9.4,18.0,1.14,11.0,23.0,1.11,9.68,18.31,1.25,4.0,1.23,4.08,1.25,4.2,1.23,3.85,-2.5,1.95,1.95,1.92,1.93,1,Eredivisie
2.7,3.3,2.63,2.65,3.4,2.6,2.6,3.4,2.6,2.7,3.33,2.64,2.62,3.3,2.6,2.65,3.5,2.55,2.72,3.5,2.64,2.64,3.36,2.58,1.88,1.98,1.85,2.0,1.88,2.01,1.82,1.96,0.0,1.98,1.92,1.96,1.91,0,Eredivisie
1.36,5.25,7.5,1.39,5.25,7.0,1.33,5.0,8.0,1.43,5.25,6.0,1.36,5.0,7.0,1.38,5.3,7.2,1.43,5.3,8.0,1.39,5.09,6.98,1.44,2.7,1.45,2.77,1.45,3.05,1.41,2.75,-1.5,2.01,1.89,1.98,1.89,0,Eredivisie
1.38,5.0,7.5,1.4,4.8,7.5,1.33,4.75,8.0,1.41,4.56,6.17,1.4,4.5,7.0,1.42,4.75,7.3,1.42,5.0,8.3,1.39,4.69,7.31,1.67,2.15,1.66,2.13,1.73,2.25,1.67,2.14,-1.25,1.88,2.02,1.84,1.93,1,Eredivisie
1.42,5.0,6.25,1.46,4.6,6.5,1.36,5.0,6.5,1.47,4.79,6.0,1.44,4.6,6.0,1.44,4.9,6.51,1.48,5.0,7.0,1.43,4.74,6.32,1.53,2.4,1.53,2.51,1.53,2.63,1.5,2.48,-1.25,1.93,1.97,1.9,1.95,0,Eredivisie
1.75,3.8,4.5,1.77,3.5,4.75,1.75,3.5,4.6,1.79,3.68,4.46,1.75,3.5,4.6,1.81,3.6,4.53,1.81,3.8,4.75,1.77,3.6,4.5,2.1,1.7,2.15,1.72,2.15,1.76,2.09,1.71,-0.75,2.05,1.85,2.05,1.81,0,Eredivisie
2.15,3.6,3.2,2.15,3.5,3.2,2.1,3.4,3.3,2.14,3.53,3.34,2.1,3.5,3.25,2.15,3.56,3.26,2.18,3.6,3.35,2.13,3.49,3.24,1.9,1.95,1.89,1.94,1.9,1.99,1.85,1.92,-0.25,1.89,2.01,1.86,2.0,0,Eredivisie
12.0,7.0,1.22,11.5,7.0,1.22,14.0,7.0,1.17,10.28,7.24,1.21,11.0,6.5,1.22,11.0,6.85,1.23,14.0,7.8,1.23,11.34,7.08,1.21,1.33,3.4,1.31,3.43,1.33,3.8,1.31,3.28,2.0,1.95,1.95,1.95,1.9,1,Eredivisie
2.88,3.3,2.45,2.7,3.5,2.5,2.8,3.3,2.4,2.86,3.35,2.5,2.75,3.4,2.4,2.79,3.58,2.4,2.88,3.58,2.5,2.8,3.39,2.43,1.75,2.05,1.79,2.06,1.79,2.11,1.75,2.04,0.0,2.09,1.81,2.08,1.81,0,Eredivisie
9.0,5.0,1.33,9.0,5.0,1.35,9.0,5.5,1.29,8.51,5.24,1.34,8.5,4.8,1.35,8.7,5.25,1.34,9.2,5.5,1.35,8.61,5.14,1.33,1.62,2.25,1.65,2.26,1.66,2.26,1.62,2.22,1.5,1.88,2.02,1.88,2.0,0,Eredivisie
1.57,4.0,6.0,1.58,4.1,5.5,1.55,4.0,5.5,1.57,3.95,5.96,1.57,4.0,5.0,1.6,4.15,5.35,1.61,4.15,6.0,1.58,4.02,5.58,1.8,2.0,1.81,2.03,1.81,2.16,1.77,2.02,-1.0,2.03,1.87,2.02,1.85,1,Eredivisie
4.75,4.1,1.65,5.25,4.0,1.63,4.75,3.9,1.67,4.96,4.02,1.65,4.8,3.9,1.67,4.84,4.1,1.66,5.25,4.15,1.73,4.8,4.02,1.66,1.73,2.08,1.74,2.12,1.76,2.25,1.71,2.1,0.75,2.04,1.86,2.01,1.85,1,Eredivisie
2.38,3.3,3.0,2.35,3.4,2.95,2.3,3.4,2.88,2.38,3.23,3.13,2.3,3.3,2.9,2.35,3.44,2.98,2.43,3.44,3.13,2.36,3.3,2.98,2.0,1.85,1.97,1.86,2.0,1.9,1.93,1.85,-0.25,2.08,1.82,2.04,1.82,0,Eredivisie
5.75,4.1,1.6,5.25,4.2,1.6,5.5,4.33,1.5,5.08,4.25,1.61,4.8,4.0,1.62,4.9,4.25,1.64,5.75,4.33,1.64,5.1,4.18,1.6,1.62,2.25,1.65,2.27,1.67,2.38,1.62,2.26,1.0,1.85,2.05,1.83,2.03,0,Eredivisie
1.83,3.6,4.33,1.9,3.6,4.0,1.8,3.5,4.4,1.83,3.49,4.07,1.85,3.5,4.2,1.86,3.65,4.17,1.9,3.65,4.4,1.84,3.57,4.14,1.98,1.88,1.95,1.81,2.0,1.9,1.95,1.83,-0.5,1.86,2.04,1.83,1.94,1,Eredivisie
1.53,4.5,5.75,1.55,4.33,5.75,1.5,4.2,6.0,1.54,4.22,5.84,1.55,4.2,5.0,1.55,4.45,5.45,1.55,4.5,6.25,1.53,4.29,5.65,1.6,2.3,1.61,2.34,1.62,2.34,1.59,2.28,-1.0,1.91,1.99,1.91,1.94,0,Eredivisie
3.9,3.7,1.9,3.9,3.7,1.9,4.0,3.6,1.87,4.08,3.79,1.9,3.75,3.6,1.91,3.85,3.84,1.88,4.1,3.84,1.95,3.88,3.68,1.9,1.73,2.08,1.76,2.15,1.86,2.2,1.73,2.08,0.5,1.99,1.91,2.0,1.91,0,Eredivisie
1.11,10.0,19.0,1.11,10.5,21.0,1.08,11.0,26.0,1.09,11.73,18.88,1.11,10.0,23.0,1.09,10.7,22.0,1.11,11.73,26.0,1.09,10.55,20.98,1.25,4.0,1.23,4.14,1.25,4.14,1.22,3.89,-2.5,1.87,2.03,1.83,2.03,1,Eredivisie
2.25,3.5,3.1,2.25,3.4,3.2,2.2,3.3,3.3,2.3,3.23,3.28,2.25,3.25,3.1,2.26,3.38,3.19,2.32,3.5,3.3,2.26,3.3,3.16,2.05,1.75,2.09,1.78,2.14,1.79,2.04,1.75,-0.25,2.0,1.9,1.98,1.89,1,Eredivisie
2.1,3.5,3.4,2.05,3.5,3.5,2.0,3.4,3.5,2.12,3.55,3.37,2.1,3.4,3.4,2.13,3.48,3.38,2.13,3.55,3.5,2.09,3.49,3.38,1.98,1.88,1.98,1.86,1.99,1.91,1.93,1.85,-0.25,1.86,2.04,1.85,2.01,0,Eredivisie
2.55,3.4,2.7,2.6,3.3,2.65,2.5,3.3,2.75,2.52,3.44,2.77,2.5,3.3,2.7,2.53,3.42,2.72,2.6,3.45,2.78,2.52,3.37,2.71,1.98,1.88,1.95,1.88,1.98,1.93,1.92,1.86,0.0,1.88,2.02,1.83,2.02,1,Eredivisie
1.57,4.0,6.0,1.6,4.1,5.5,1.62,4.0,5.0,1.58,4.18,5.38,1.62,3.9,5.0,1.61,4.15,5.3,1.62,4.25,6.0,1.58,4.07,5.4,1.8,2.0,1.79,2.04,1.83,2.1,1.77,2.02,-1.0,2.05,1.85,2.03,1.83,0,Eredivisie
2.2,3.5,3.1,2.3,3.3,3.1,2.2,3.4,3.1,2.24,3.3,3.32,2.25,3.2,3.25,2.26,3.35,3.23,2.3,3.5,3.32,2.23,3.35,3.17,2.0,1.85,1.97,1.88,2.06,1.88,1.96,1.83,-0.25,1.95,1.95,1.94,1.93,0,Eredivisie
1.83,3.5,4.33,1.82,3.5,4.5,1.8,3.5,4.5,1.88,3.57,4.46,1.8,3.5,4.33,1.87,3.44,4.55,1.9,3.58,4.72,1.84,3.49,4.42,1.85,2.0,1.88,2.01,1.91,2.05,1.84,1.96,-0.5,1.88,2.02,1.89,2.02,0,Eredivisie
3.1,3.5,2.25,3.1,3.6,2.2,3.0,3.5,2.2,3.18,3.46,2.24,3.0,3.5,2.2,3.04,3.65,2.23,3.3,3.65,2.25,3.1,3.49,2.21,1.7,2.1,1.75,2.13,1.77,2.2,1.71,2.09,0.25,1.91,1.99,1.92,1.95,0,Eredivisie
1.95,3.5,3.9,2.05,3.6,3.4,2.0,3.5,3.6,1.97,3.53,3.83,2.0,3.4,3.5,1.97,3.64,3.69,2.06,3.64,3.9,1.98,3.53,3.68,1.9,1.95,1.9,1.95,1.92,1.99,1.87,1.92,-0.5,2.01,1.89,1.99,1.88,0,Eredivisie
5.75,5.0,1.48,6.0,4.8,1.47,6.0,4.75,1.4,6.4,4.67,1.46,5.8,4.6,1.44,6.05,4.85,1.47,6.4,5.0,1.48,6.05,4.7,1.46,1.44,2.7,1.49,2.63,1.49,2.75,1.45,2.62,1.25,1.86,2.04,1.88,1.98,0,Eredivisie
2.2,3.5,3.25,2.15,3.4,3.25,2.1,3.4,3.3,2.21,3.34,3.35,2.15,3.3,3.25,2.16,3.48,3.31,2.23,3.5,3.35,2.18,3.4,3.24,1.98,1.88,1.95,1.88,2.0,1.91,1.92,1.86,-0.25,1.95,1.95,1.91,1.94,0,Eredivisie
2.2,3.6,3.0,2.25,3.6,2.95,2.2,3.5,3.0,2.28,3.58,3.01,2.25,3.5,2.9,2.26,3.68,2.96,2.32,3.68,3.01,2.25,3.57,2.96,1.67,2.15,1.68,2.22,1.7,2.3,1.65,2.19,-0.25,2.0,1.9,1.99,1.86,1,Eredivisie
2.55,3.6,2.55,2.6,3.6,2.5,2.55,3.5,2.6,2.6,3.47,2.65,2.5,3.5,2.5,2.56,3.65,2.56,2.6,3.65,2.65,2.56,3.54,2.57,1.65,2.2,1.68,2.21,1.69,2.28,1.64,2.21,0.0,1.95,1.95,1.91,1.94,0,Eredivisie
1.8,3.6,4.75,1.77,3.5,4.75,1.75,3.6,4.6,1.79,3.5,4.81,1.8,3.5,4.4,1.8,3.7,4.43,1.82,3.7,5.0,1.78,3.53,4.59,2.03,1.83,2.01,1.83,2.06,1.85,1.98,1.81,-0.75,2.06,1.84,2.04,1.82,1,Eredivisie
5.0,3.5,1.73,4.33,3.6,1.83,4.6,3.6,1.75,4.84,3.61,1.75,4.4,3.5,1.8,4.58,3.74,1.77,5.0,3.74,1.83,4.66,3.6,1.75,2.03,1.83,1.98,1.86,2.06,1.87,1.97,1.82,0.75,1.88,2.02,1.87,1.99,0,Eredivisie
3.3,3.75,2.05,3.3,3.6,2.1,3.25,3.5,2.1,3.31,3.74,2.08,3.25,3.6,2.05,3.26,3.74,2.09,3.38,3.78,2.14,3.27,3.67,2.08,1.67,2.15,1.68,2.21,1.71,2.28,1.66,2.2,0.25,2.07,1.83,2.05,1.83,1,Eredivisie
1.11,9.0,19.0,1.13,9.75,18.0,1.1,9.0,20.0,1.11,10.5,17.08,1.12,9.0,21.0,1.1,9.9,23.0,1.13,12.0,23.0,1.11,9.86,18.77,1.3,3.5,1.29,3.53,1.33,3.65,1.28,3.44,-2.5,2.02,1.88,1.98,1.87,0,Eredivisie
3.1,3.25,2.38,2.95,3.3,2.4,2.9,3.3,2.38,3.07,3.35,2.35,3.0,3.25,2.3,3.04,3.38,2.34,3.15,3.4,2.45,3.02,3.3,2.35,2.05,1.75,2.06,1.78,2.1,1.83,2.04,1.77,0.25,1.85,2.05,1.84,2.04,1,Eredivisie
1.4,5.0,7.0,1.4,5.0,7.25,1.36,4.75,7.5,1.41,4.94,6.9,1.4,4.75,7.0,1.4,5.0,7.3,1.42,5.2,7.5,1.4,4.89,7.07,1.57,2.35,1.61,2.33,1.64,2.45,1.57,2.33,-1.25,1.91,1.99,1.92,1.95,1,Eredivisie
1.38,5.0,7.5,1.38,5.0,7.75,1.33,5.0,6.5,1.38,4.85,7.77,1.36,4.8,7.5,1.38,4.95,8.0,1.39,5.09,8.0,1.37,4.88,7.64,1.67,2.15,1.72,2.14,1.74,2.22,1.69,2.15,-1.25,1.87,2.03,1.88,1.98,0,Eredivisie
6.0,4.5,1.5,5.75,4.33,1.55,6.0,4.6,1.44,6.66,4.52,1.46,5.8,4.2,1.5,5.95,4.5,1.51,6.7,4.7,1.55,6.1,4.47,1.48,1.65,2.2,1.65,2.27,1.7,2.3,1.64,2.23,1.0,2.06,1.84,2.06,1.81,0,Eredivisie
2.6,3.5,2.6,2.65,3.5,2.5,2.6,3.4,2.6,2.58,3.57,2.62,2.6,3.4,2.5,2.57,3.64,2.56,2.65,3.64,2.63,2.57,3.51,2.58,1.7,2.1,1.7,2.17,1.77,2.25,1.69,2.14,0.0,1.95,1.95,1.92,1.93,1,Eredivisie
1.4,5.0,7.5,1.41,4.8,7.25,1.33,5.0,8.0,1.39,4.88,7.51,1.4,4.6,7.5,1.39,4.95,7.7,1.41,5.2,8.0,1.39,4.86,7.46,1.65,2.2,1.65,2.21,1.7,2.33,1.64,2.22,-1.25,1.91,1.99,1.89,1.96,1,Eredivisie
3.8,3.8,1.91,3.7,3.8,1.9,3.5,4.0,1.91,3.74,3.87,1.9,3.6,3.6,1.91,3.76,3.8,1.91,3.95,4.0,1.95,3.69,3.82,1.9,1.7,2.1,1.69,2.18,1.76,2.28,1.67,2.17,0.5,1.97,1.93,1.94,1.91,0,Eredivisie
1.17,8.0,13.0,1.16,7.75,14.5,1.13,8.5,18.0,1.16,8.42,15.65,1.14,7.5,17.0,1.17,7.7,15.0,1.18,8.8,18.0,1.16,7.79,15.44,1.44,2.7,1.45,2.82,1.49,2.88,1.44,2.74,-2.0,1.85,2.05,1.85,2.05,1,Ekstraklasa
2.25,3.25,3.2,2.25,3.25,3.1,2.25,3.3,3.2,2.26,3.28,3.31,2.2,3.3,3.2,2.26,3.36,3.23,2.31,3.37,3.39,2.26,3.28,3.21,2.08,1.73,2.12,1.75,2.16,1.78,2.09,1.74,-0.25,1.99,1.91,1.95,1.92,0,Ekstraklasa
1.91,3.4,4.0,1.93,3.4,3.8,1.95,3.3,4.0,1.91,3.47,4.17,1.91,3.5,3.9,1.94,3.52,3.96,1.97,3.6,4.3,1.93,3.47,3.98,2.08,1.73,2.11,1.75,2.16,1.79,2.08,1.74,-0.5,1.98,1.92,1.93,1.94,0,Ekstraklasa
1.18,6.5,15.0,1.19,6.75,14.0,1.15,7.5,15.0,1.17,7.35,14.81,1.15,7.0,17.0,1.18,7.3,15.0,1.19,8.1,17.0,1.18,7.17,14.72,1.53,2.4,1.52,2.57,1.55,2.63,1.52,2.5,-2.0,1.98,1.92,1.93,1.93,1,Ekstraklasa
2.15,3.1,3.6,2.1,3.2,3.5,2.1,3.1,3.6,2.21,3.25,3.45,2.15,3.2,3.4,2.2,3.24,3.46,2.27,3.33,3.6,2.18,3.22,3.47,2.35,1.57,2.42,1.58,2.52,1.61,2.38,1.57,-0.25,1.89,2.01,1.9,1.95,0,Ekstraklasa
7.0,4.33,1.44,6.0,4.5,1.47,6.5,4.75,1.4,6.55,4.79,1.44,6.5,4.5,1.44,6.6,4.75,1.45,7.0,5.0,1.47,6.54,4.68,1.44,1.57,2.35,1.58,2.41,1.61,2.47,1.58,2.36,1.25,1.91,1.99,1.88,1.97,1,Ekstraklasa
2.9,3.25,2.4,2.85,3.2,2.45,2.88,3.2,2.45,2.99,3.19,2.49,2.88,3.25,2.4,2.93,3.3,2.46,3.07,3.3,2.55,2.92,3.22,2.47,2.15,1.67,2.19,1.69,2.24,1.74,2.16,1.69,0.0,2.08,1.73,2.12,1.76,0,Ekstraklasa
1.38,4.75,7.5,1.37,5.0,7.25,1.33,5.0,8.0,1.37,5.12,7.42,1.35,5.0,7.5,1.39,5.05,7.5,1.4,5.4,8.0,1.38,5.04,7.45,1.53,2.4,1.57,2.44,1.6,2.55,1.54,2.42,-1.5,2.05,1.75,2.07,1.78,0,Ekstraklasa
2.88,3.4,2.38,2.85,3.4,2.3,2.8,3.3,2.45,2.88,3.39,2.45,2.8,3.4,2.38,2.84,3.48,2.43,2.95,3.48,2.51,2.85,3.4,2.42,1.93,1.93,1.9,1.93,1.95,1.97,1.89,1.91,0.25,1.8,2.1,1.76,2.11,0,Ekstraklasa
6.0,4.1,1.53,5.75,4.1,1.53,6.5,4.33,1.5,6.0,4.42,1.55,6.0,4.2,1.5,6.05,4.15,1.55,6.2,4.5,1.57,5.93,4.24,1.53,1.95,1.9,1.96,1.93,1.98,1.94,1.91,1.9,1.0,1.92,1.98,1.95,1.95,0,Ekstraklasa
2.2,3.25,3.3,2.25,3.3,3.0,2.2,3.2,3.4,2.31,3.35,3.32,2.25,3.3,3.1,2.27,3.38,3.17,2.34,3.4,3.4,2.28,3.3,3.19,2.08,1.73,2.1,1.79,2.13,1.82,2.05,1.77,-0.25,1.97,1.93,1.98,1.92,1,Ekstraklasa
2.0,3.3,3.9,1.98,3.4,3.6,2.0,3.3,3.8,2.01,3.42,3.83,2.05,3.4,3.5,2.02,3.54,3.66,2.08,3.54,3.96,2.01,3.42,3.75,2.03,1.83,2.01,1.85,2.06,1.87,1.99,1.82,-0.5,2.05,1.85,2.03,1.85,1,Ekstraklasa
10.0,6.0,1.25,10.5,6.0,1.25,11.0,6.0,1.22,10.39,6.13,1.24,12.0,5.8,1.22,11.0,6.0,1.26,12.0,6.7,1.27,10.74,6.03,1.25,1.57,2.35,1.57,2.4,1.62,2.45,1.57,2.37,1.75,1.9,2.0,1.88,1.96,0,Ekstraklasa
1.18,7.5,12.0,1.19,7.0,13.0,1.17,7.0,15.0,1.16,7.79,13.97,1.17,7.0,15.0,1.2,7.1,13.5,1.2,8.6,15.0,1.18,7.44,13.53,1.44,2.7,1.41,2.85,1.46,2.93,1.42,2.79,-2.0,1.95,1.95,1.92,1.93,1,Ekstraklasa
2.3,3.25,3.1,2.3,3.25,3.0,2.3,3.3,3.1,2.36,3.18,3.22,2.3,3.3,3.0,2.32,3.36,3.09,2.41,3.4,3.31,2.34,3.25,3.1,2.05,1.75,2.08,1.76,2.14,1.8,2.06,1.76,-0.25,2.03,1.87,2.02,1.84,1,Ekstraklasa
1.57,4.0,5.5,1.58,4.0,5.25,1.55,4.0,6.0,1.56,4.06,5.84,1.57,4.0,5.5,1.6,4.1,5.45,1.6,4.2,6.2,1.58,4.03,5.68,1.93,1.93,1.88,1.94,1.96,1.98,1.89,1.91,-1.0,2.05,1.85,2.01,1.85,1,Ekstraklasa
5.5,3.9,1.6,5.0,4.0,1.6,5.5,4.0,1.57,5.22,4.23,1.59,5.0,4.0,1.6,5.2,4.15,1.62,5.75,4.4,1.64,5.2,4.16,1.6,1.73,2.08,1.77,2.07,1.81,2.17,1.74,2.09,1.0,1.83,2.07,1.83,2.04,0,Ekstraklasa
2.5,3.2,2.88,2.45,3.2,2.85,2.55,3.1,2.88,2.52,3.22,2.92,2.4,3.25,2.88,2.46,3.28,2.94,2.6,3.32,3.0,2.48,3.22,2.91,2.15,1.67,2.2,1.68,2.25,1.72,2.18,1.67,0.0,1.82,2.08,1.79,2.08,0,Ekstraklasa
10.0,8.0,1.2,11.5,7.25,1.19,15.0,7.5,1.15,13.09,7.98,1.19,13.0,7.0,1.18,13.0,7.3,1.2,15.0,8.3,1.21,12.84,7.49,1.19,1.36,3.1,1.38,3.12,1.41,3.17,1.37,3.03,2.0,1.98,1.92,1.98,1.91,0,Ekstraklasa
2.75,3.1,2.63,2.6,3.2,2.6,2.7,3.2,2.6,2.79,3.27,2.59,2.62,3.3,2.6,2.74,3.34,2.56,2.83,3.36,2.7,2.74,3.26,2.58,2.05,1.75,2.08,1.78,2.13,1.8,2.05,1.76,0.0,2.01,1.89,2.01,1.86,0,Ekstraklasa
1.25,6.25,10.0,1.25,5.75,11.5,1.18,6.5,14.0,1.22,6.09,12.66,1.22,5.8,12.0,1.27,5.85,11.0,1.27,6.5,14.0,1.23,6.01,12.26,1.7,2.1,1.73,2.13,1.77,2.19,1.72,2.11,-1.75,2.02,1.88,1.99,1.87,1,Ekstraklasa
1.18,7.5,13.0,1.18,7.0,14.5,1.13,8.0,17.0,1.16,7.53,15.22,1.18,7.0,13.0,1.21,7.0,12.5,1.21,8.1,17.0,1.18,7.23,14.79,1.5,2.5,1.52,2.57,1.54,2.66,1.49,2.54,-2.0,1.95,1.95,1.94,1.91,1,Ekstraklasa
1.55,3.8,6.5,1.6,3.8,5.5,1.55,3.9,6.0,1.55,4.02,6.22,1.55,3.9,5.8,1.6,3.98,5.7,1.6,4.02,6.5,1.56,3.94,5.96,2.03,1.83,2.01,1.85,2.06,1.86,2.0,1.81,-1.0,2.04,1.86,2.02,1.86,1,Ekstraklasa
2.05,3.4,3.5,1.98,3.4,3.6,2.0,3.4,3.5,2.11,3.48,3.46,2.0,3.5,3.5,2.05,3.56,3.53,2.14,3.56,3.6,2.07,3.45,3.46,1.93,1.93,1.91,1.93,1.95,1.97,1.89,1.91,-0.5,2.05,1.75,2.11,1.76,1,Ekstraklasa
2.6,3.3,2.63,2.5,3.25,2.7,2.7,3.2,2.63,2.62,3.2,2.82,2.62,3.3,2.6,2.6,3.35,2.69,2.7,3.35,2.87,2.6,3.24,2.72,2.05,1.75,2.05,1.79,2.09,1.83,2.03,1.77,0.0,1.91,1.99,1.85,2.0,0,Ekstraklasa
4.2,3.3,1.91,3.9,3.4,1.9,3.9,3.4,1.95,4.04,3.52,1.93,3.7,3.5,1.95,3.82,3.64,1.94,4.2,3.64,2.0,3.84,3.48,1.93,1.95,1.9,1.98,1.86,1.99,1.94,1.92,1.87,0.5,1.93,1.97,1.92,1.93,1,Ekstraklasa
1.57,4.33,5.25,1.57,4.0,5.5,1.55,4.0,5.5,1.55,4.17,5.82,1.53,4.0,5.8,1.58,4.15,5.66,1.58,4.33,6.0,1.56,4.11,5.59,1.85,2.0,1.89,1.94,1.9,2.04,1.85,1.95,-1.0,2.03,1.87,1.98,1.88,1,Ekstraklasa
7.0,4.33,1.44,6.75,4.33,1.44,7.5,4.5,1.4,7.32,4.68,1.45,7.5,4.4,1.4,7.2,4.5,1.45,7.6,4.8,1.47,7.19,4.52,1.44,1.85,2.0,1.88,2.01,1.9,2.05,1.84,1.96,1.25,1.87,2.03,1.87,2.04,0,Ekstraklasa
1.8,3.4,4.75,1.85,3.4,4.2,1.8,3.3,4.75,1.81,3.56,4.73,1.83,3.5,4.2,1.81,3.62,4.48,1.87,3.64,4.8,1.83,3.49,4.43,2.1,1.7,2.11,1.76,2.16,1.81,2.09,1.74,-0.5,1.83,2.07,1.83,2.08,1,Ekstraklasa
2.25,3.1,3.3,2.3,3.1,3.2,2.3,3.1,3.2,2.36,3.04,3.37,2.25,3.2,3.2,2.32,3.22,3.24,2.41,3.22,3.41,2.32,3.11,3.27,2.35,1.57,2.43,1.58,2.46,1.62,2.37,1.58,-0.25,2.0,1.9,2.01,1.86,0,Ekstraklasa
2.3,3.2,3.2,2.25,3.1,3.2,2.25,3.2,3.3,2.31,3.22,3.25,2.25,3.2,3.2,2.32,3.24,3.22,2.38,3.29,3.33,2.29,3.2,3.24,2.35,1.57,2.41,1.59,2.45,1.62,2.37,1.58,-0.25,2.02,1.88,1.99,1.88,0,Ekstraklasa
1.75,3.8,4.33,1.78,3.75,4.1,1.75,3.75,4.4,1.78,3.67,4.58,1.75,3.8,4.2,1.76,3.96,4.33,1.84,3.96,4.75,1.78,3.76,4.37,1.7,2.1,1.71,2.18,1.76,2.24,1.71,2.14,-0.75,2.03,1.87,2.02,1.85,1,Ekstraklasa
2.2,3.4,3.2,2.2,3.4,3.0,2.25,3.3,3.1,2.23,3.43,3.23,2.15,3.5,3.1,2.22,3.5,3.17,2.27,3.52,3.32,2.22,3.42,3.18,1.9,1.95,1.89,1.94,1.98,1.98,1.89,1.91,-0.25,1.95,1.95,1.93,1.93,1,Ekstraklasa
2.3,3.25,3.1,2.3,3.25,3.0,2.38,3.2,3.0,2.32,3.28,3.19,2.25,3.3,3.1,2.31,3.38,3.09,2.38,3.38,3.27,2.32,3.28,3.11,2.05,1.75,2.05,1.78,2.11,1.82,2.04,1.77,-0.25,2.02,1.88,1.99,1.86,1,Ekstraklasa
4.5,3.8,1.73,4.2,3.7,1.77,4.6,3.8,1.73,4.64,3.9,1.72,4.33,3.8,1.73,4.42,3.94,1.75,4.75,4.0,1.8,4.49,3.85,1.74,1.73,2.08,1.76,2.09,1.81,2.14,1.75,2.07,0.75,1.91,1.99,1.92,1.93,0,Ekstraklasa
1.95,3.4,3.9,1.93,3.3,3.9,2.0,3.3,3.8,1.95,3.36,4.12,1.95,3.4,3.8,1.98,3.44,3.9,2.05,3.5,4.2,1.97,3.38,3.92,2.15,1.67,2.22,1.68,2.27,1.75,2.17,1.68,-0.5,2.01,1.89,1.96,1.89,1,Ekstraklasa
13.0,6.0,1.22,11.5,6.75,1.21,13.0,6.5,1.2,12.99,7.15,1.21,11.0,6.5,1.22,9.9,6.4,1.26,13.02,7.6,1.26,12.11,6.7,1.21,1.44,2.7,1.46,2.77,1.48,2.86,1.45,2.72,2.0,1.78,2.03,1.83,2.05,0,Ekstraklasa
2.7,3.0,2.8,2.65,3.1,2.7,2.63,2.9,2.88,2.78,2.92,2.85,2.62,3.1,2.7,2.66,3.13,2.79,2.85,3.15,2.92,2.71,3.01,2.81,2.5,1.5,2.6,1.51,2.63,1.55,2.52,1.51,0.0,1.92,1.98,1.9,1.95,1,Ekstraklasa
2.7,3.1,2.75,2.6,3.1,2.7,2.63,3.2,2.7,2.63,3.15,2.81,2.6,3.25,2.7,2.61,3.3,2.71,2.7,3.3,2.88,2.61,3.19,2.75,2.1,1.7,2.14,1.71,2.19,1.74,2.12,1.7,0.0,1.9,2.0,1.87,1.99,1,Ekstraklasa
1.25,6.0,10.0,1.25,6.0,10.5,1.2,6.5,12.0,1.23,6.25,11.56,1.25,5.8,10.0,1.28,5.85,10.5,1.28,6.8,14.0,1.24,6.16,11.38,1.65,2.2,1.65,2.24,1.7,2.31,1.65,2.24,-1.75,2.04,1.86,2.01,1.83,1,Ekstraklasa
1.85,3.3,4.5,1.9,3.4,4.0,1.91,3.3,4.2,1.84,3.44,4.51,1.85,3.4,4.2,1.86,3.52,4.34,1.95,3.55,4.7,1.87,3.44,4.31,2.15,1.67,2.19,1.68,2.25,1.73,2.17,1.68,-0.5,1.9,2.0,1.85,2.0,0,Ekstraklasa
1.14,7.5,21.0,1.14,8.5,17.5,1.12,8.0,20.0,1.12,8.89,18.36,1.12,8.0,17.0,1.17,8.0,14.5,1.17,10.0,22.0,1.13,8.41,18.5,1.48,2.6,1.47,2.65,1.5,2.8,1.45,2.68,-2.25,1.99,1.91,1.98,1.84,1,Ekstraklasa
2.3,3.3,3.1,2.2,3.3,3.1,2.25,3.3,3.2,2.32,3.37,3.06,2.3,3.3,3.0,2.33,3.34,3.09,2.38,3.47,3.2,2.3,3.34,3.07,2.08,1.73,2.1,1.74,2.19,1.78,2.09,1.74,-0.25,2.03,1.87,2.01,1.83,1,Ekstraklasa
2.0,3.6,3.5,1.98,3.3,3.75,1.95,3.5,3.75,1.99,3.43,3.83,1.95,3.4,3.75,1.97,3.52,3.84,2.05,3.6,3.91,1.99,3.47,3.75,2.08,1.73,2.08,1.75,2.14,1.8,2.07,1.75,-0.5,2.04,1.86,2.0,1.84,0,Ekstraklasa
1.91,3.3,4.2,1.9,3.25,4.1,1.95,3.2,4.2,1.9,3.25,4.51,1.91,3.3,4.2,1.91,3.4,4.28,1.99,3.4,4.7,1.92,3.29,4.3,2.35,1.57,2.36,1.6,2.43,1.63,2.36,1.58,-0.5,1.95,1.95,1.91,1.93,0,Ekstraklasa
5.25,3.8,1.65,4.75,4.0,1.65,5.0,3.9,1.65,5.23,4.19,1.65,5.0,3.9,1.65,5.25,3.78,1.68,5.5,4.2,1.69,5.04,3.98,1.65,1.62,2.25,1.68,2.27,1.7,2.33,1.65,2.24,0.75,1.95,1.71,2.09,1.83,0,Ekstraklasa
1.91,3.4,4.1,1.98,3.2,3.9,1.95,3.3,4.2,1.92,3.34,4.33,1.91,3.25,4.2,1.94,3.34,4.26,2.0,3.45,4.4,1.94,3.31,4.2,2.4,1.53,2.47,1.57,2.5,1.6,2.41,1.56,-0.5,1.95,1.95,1.93,1.93,0,Ekstraklasa
1.75,3.5,5.0,1.77,3.5,4.5,1.75,3.5,4.6,1.74,3.61,4.96,1.8,3.5,4.5,1.78,3.58,4.77,1.85,3.72,5.1,1.77,3.57,4.73,2.1,1.7,2.16,1.72,2.22,1.74,2.13,1.71,-0.75,2.02,1.88,2.0,1.88,1,Ekstraklasa
3.5,3.1,2.2,3.4,3.2,2.15,3.5,3.2,2.15,3.63,3.18,2.17,3.4,3.2,2.15,3.46,3.22,2.21,3.67,3.23,2.26,3.5,3.17,2.19,2.2,1.65,2.25,1.67,2.29,1.72,2.22,1.66,0.25,2.01,1.89,2.01,1.87,0,Ekstraklasa
2.55,3.0,3.0,2.55,3.1,2.8,2.5,3.1,2.9,2.53,3.11,3.01,2.45,3.2,2.88,2.53,3.18,2.93,2.6,3.2,3.07,2.52,3.1,2.95,2.35,1.57,2.43,1.58,2.48,1.62,2.38,1.58,0.0,1.8,2.1,1.78,2.13,0,Ekstraklasa
2.1,3.1,3.8,2.05,3.2,3.6,2.1,3.2,3.75,2.09,3.19,3.85,2.05,3.25,3.7,2.09,3.28,3.73,2.15,3.28,3.93,2.1,3.18,3.74,2.35,1.57,2.42,1.57,2.46,1.62,2.37,1.57,-0.25,1.82,2.08,1.79,2.08,0,Ekstraklasa
2.7,3.1,2.7,2.6,3.25,2.6,2.63,3.3,2.63,2.65,3.4,2.64,2.6,3.4,2.6,2.63,3.45,2.6,2.72,3.47,2.75,2.64,3.34,2.63,1.95,1.9,1.92,1.92,2.0,1.95,1.92,1.89,0.0,1.95,1.95,1.93,1.93,0,Ekstraklasa
1.07,12.0,23.0,1.08,11.0,26.0,1.06,13.0,29.0,1.07,13.09,23.14,1.06,11.0,29.0,1.08,11.0,28.0,1.09,15.0,34.0,1.07,11.72,25.98,1.3,3.5,1.31,3.38,1.36,3.5,1.31,3.32,-2.75,2.02,1.88,2.0,1.82,1,Ekstraklasa
11.0,6.0,1.25,11.0,5.5,1.26,13.0,6.0,1.2,10.89,5.9,1.25,12.0,5.8,1.22,11.5,5.85,1.26,13.0,6.4,1.28,11.49,5.81,1.25,1.7,2.1,1.69,2.16,1.78,2.28,1.69,2.15,1.75,1.77,2.01,1.83,2.02,0,Ekstraklasa
13.0,7.5,1.17,14.5,7.5,1.17,17.0,8.5,1.14,15.05,8.26,1.17,15.0,7.5,1.15,14.5,7.5,1.18,18.0,8.5,1.19,14.79,7.74,1.17,1.4,2.88,1.41,2.94,1.45,3.1,1.4,2.87,2.0,2.06,1.84,2.05,1.85,0,Ekstraklasa
2.9,3.2,2.45,2.87,3.1,2.45,2.9,3.1,2.5,3.01,3.08,2.55,2.88,3.1,2.5,3.0,3.1,2.53,3.08,3.2,2.61,2.96,3.1,2.51,2.3,1.6,2.4,1.58,2.45,1.62,2.34,1.59,0.0,2.1,1.8,2.12,1.78,1,Ekstraklasa
3.9,3.25,2.0,3.9,3.2,1.98,4.0,3.2,2.0,4.06,3.2,2.03,3.9,3.2,2.0,4.06,3.2,2.03,4.2,3.35,2.08,3.97,3.23,2.02,2.35,1.57,2.47,1.56,2.5,1.6,2.39,1.57,0.5,1.83,2.07,1.83,2.05,0,Ekstraklasa
1.2,7.0,11.0,1.2,7.0,12.5,1.15,7.5,14.0,1.18,7.44,12.96,1.18,6.5,15.0,1.2,6.9,13.5,1.2,8.2,15.0,1.19,7.17,13.37,1.48,2.6,1.49,2.63,1.53,2.8,1.47,2.62,-2.0,2.01,1.89,1.98,1.87,1,Ekstraklasa
1.6,3.75,5.75,1.6,3.8,5.5,1.57,3.8,5.5,1.61,3.9,5.68,1.6,3.8,5.5,1.64,3.82,5.55,1.64,4.0,6.0,1.61,3.83,5.59,2.0,1.85,2.01,1.83,2.05,1.87,1.98,1.83,-0.75,1.8,2.1,1.79,2.08,0,Ekstraklasa
1.2,6.25,15.0,1.2,6.75,13.0,1.17,6.5,15.0,1.18,6.86,14.84,1.18,6.5,15.0,1.21,6.75,13.5,1.21,7.8,17.0,1.19,6.84,14.55,1.53,2.4,1.54,2.48,1.58,2.7,1.52,2.46,-2.0,2.05,1.85,2.03,1.82,1,Ekstraklasa
1.57,4.0,5.5,1.58,3.7,6.0,1.57,3.8,6.0,1.59,3.79,6.1,1.57,3.8,5.8,1.62,3.8,5.85,1.68,4.0,6.3,1.6,3.79,5.91,2.15,1.67,2.23,1.67,2.27,1.71,2.2,1.66,-0.75,1.73,2.08,1.78,2.09,1,Ekstraklasa
1.36,4.75,8.0,1.4,4.75,7.0,1.36,4.6,7.5,1.39,4.81,7.76,1.4,4.6,7.0,1.43,4.7,7.1,1.43,5.0,8.1,1.4,4.74,7.44,1.7,2.1,1.72,2.15,1.75,2.17,1.71,2.1,-1.25,1.95,1.95,1.93,1.92,1,Ekstraklasa
1.91,3.5,4.0,1.9,3.5,3.8,1.85,3.5,4.2,1.88,3.71,3.96,1.91,3.6,3.75,1.91,3.66,3.91,2.0,3.83,4.2,1.9,3.63,3.94,1.95,1.9,1.93,1.91,2.0,1.92,1.92,1.88,-0.5,1.92,1.98,1.89,1.96,0,Ekstraklasa
2.9,3.0,2.6,2.87,2.95,2.55,3.0,2.9,2.63,3.07,2.99,2.69,2.9,3.0,2.6,2.89,3.13,2.61,3.07,3.13,2.72,2.96,2.98,2.62,2.6,1.48,2.71,1.51,2.72,1.52,2.62,1.49,0.0,2.08,1.82,2.09,1.83,0,Ekstraklasa
1.85,3.5,4.2,1.9,3.4,3.9,1.85,3.4,4.2,1.86,3.48,4.4,1.85,3.4,4.2,1.89,3.46,4.28,1.91,3.66,4.5,1.88,3.48,4.23,2.08,1.73,2.1,1.76,2.16,1.8,2.08,1.75,-0.5,1.89,2.01,1.88,2.0,1,Ekstraklasa
2.4,3.25,2.88,2.5,3.0,2.9,2.55,3.0,3.0,2.58,3.04,3.01,2.5,3.1,2.9,2.59,3.04,2.97,2.62,3.25,3.08,2.53,3.06,2.98,2.4,1.53,2.49,1.56,2.6,1.59,2.46,1.54,0.0,1.79,2.11,1.79,2.1,1,Ekstraklasa
2.05,3.5,3.3,2.1,3.3,3.4,2.1,3.5,3.3,2.14,3.28,3.6,2.05,3.4,3.5,2.13,3.38,3.48,2.17,3.5,3.69,2.11,3.37,3.5,2.15,1.67,2.21,1.69,2.27,1.75,2.16,1.69,-0.25,1.85,2.05,1.85,2.03,0,Ekstraklasa
1.13,10.0,13.0,1.13,9.0,17.5,1.08,10.0,21.0,1.12,9.46,17.72,1.1,8.5,21.0,1.13,8.6,21.0,1.14,10.0,23.0,1.12,9.04,19.17,1.4,2.88,1.41,2.93,1.45,3.0,1.4,2.89,-2.25,1.91,1.99,1.92,1.93,1,Ekstraklasa
2.25,3.4,3.1,2.2,3.4,3.0,2.25,3.3,3.2,2.26,3.27,3.31,2.2,3.4,3.1,2.27,3.3,3.25,2.3,3.45,3.37,2.24,3.32,3.22,2.05,1.75,2.03,1.81,2.11,1.85,2.02,1.79,-0.25,1.98,1.92,1.94,1.91,1,Ekstraklasa
1.42,4.2,8.5,1.46,4.33,6.75,1.36,4.6,8.0,1.41,4.48,7.89,1.4,4.4,7.5,1.44,4.45,7.5,1.46,4.7,8.5,1.43,4.4,7.66,1.93,1.93,1.94,1.89,1.98,1.95,1.92,1.89,-1.25,2.04,1.86,2.01,1.85,0,Ekstraklasa
1.6,3.75,6.0,1.63,4.0,4.75,1.55,4.1,5.5,1.57,4.25,5.43,1.57,4.0,5.5,1.61,4.1,5.35,1.63,4.4,6.0,1.59,4.16,5.32,1.67,2.15,1.65,2.26,1.7,2.31,1.66,2.22,-1.0,2.02,1.88,1.98,1.88,1,Ekstraklasa
2.1,3.4,3.4,2.1,3.2,3.5,2.1,3.1,3.7,2.18,3.22,3.78,2.1,3.2,3.5,2.13,3.24,3.64,2.19,3.4,3.8,2.13,3.22,3.63,2.25,1.62,2.34,1.65,2.45,1.67,2.31,1.61,-0.25,1.84,2.06,1.86,2.05,1,Ekstraklasa
2.1,3.1,3.9,2.1,2.95,3.8,2.1,2.9,4.1,2.16,3.0,4.19,2.05,3.1,3.8,2.14,3.08,3.85,2.19,3.1,4.2,2.13,3.0,3.96,2.88,1.4,2.88,1.45,2.93,1.46,2.83,1.43,-0.25,1.81,2.09,1.83,2.1,1,Ekstraklasa
3.0,3.2,2.4,2.9,3.1,2.45,3.0,3.1,2.45,3.02,3.11,2.52,2.9,3.2,2.4,2.98,3.24,2.46,3.1,3.25,2.57,2.99,3.15,2.46,2.25,1.62,2.31,1.64,2.34,1.67,2.27,1.63,0.25,1.79,2.11,1.74,2.15,1,Ekstraklasa
3.4,3.1,2.25,3.25,3.1,2.25,3.3,3.0,2.3,3.44,3.1,2.29,3.3,3.2,2.2,3.39,3.18,2.27,3.51,3.25,2.35,3.38,3.11,2.27,2.4,1.53,2.48,1.56,2.55,1.59,2.45,1.54,0.25,1.92,1.98,1.91,1.96,0,Ekstraklasa
7.0,5.5,1.36,8.25,4.8,1.36,8.5,5.0,1.3,8.96,5.06,1.34,9.0,4.8,1.33,8.7,4.95,1.36,9.7,5.5,1.38,8.69,4.96,1.35,1.75,2.05,1.8,2.06,1.83,2.09,1.78,2.03,1.25,2.07,1.83,2.07,1.8,0,Ekstraklasa
1.33,6.0,7.0,1.33,5.5,7.75,1.29,5.5,9.0,1.31,5.55,8.92,1.33,5.0,8.5,1.34,5.3,8.5,1.35,6.0,9.3,1.31,5.45,8.58,1.54,2.35,1.59,2.4,1.63,2.45,1.57,2.35,-1.5,1.95,1.95,1.97,1.88,1,Ekstraklasa
1.17,7.5,13.0,1.18,7.25,13.5,1.15,7.5,16.0,1.17,7.58,13.67,1.17,7.0,15.0,1.19,7.3,14.0,1.19,8.0,17.0,1.17,7.32,14.59,1.48,2.6,1.45,2.71,1.5,2.79,1.46,2.64,-2.0,1.91,1.99,1.9,1.93,1,Ekstraklasa
4.75,3.4,1.8,4.33,3.4,1.83,4.6,3.3,1.8,4.65,3.43,1.83,4.5,3.4,1.8,4.49,3.48,1.85,4.75,3.65,1.92,4.51,3.42,1.83,2.25,1.62,2.29,1.64,2.34,1.67,2.26,1.63,0.5,2.05,1.85,2.02,1.83,0,Ekstraklasa
9.0,5.5,1.3,9.25,5.25,1.31,11.0,5.0,1.25,10.2,5.45,1.29,10.0,5.5,1.29,9.9,5.3,1.31,11.0,5.6,1.31,10.0,5.36,1.29,1.75,2.05,1.78,2.06,1.82,2.13,1.77,2.04,1.5,1.85,1.93,1.92,1.93,0,Ekstraklasa
1.08,11.0,19.0,1.09,11.0,23.0,1.06,13.0,36.0,1.08,12.54,27.85,1.06,11.0,29.0,1.08,11.0,29.0,1.11,13.0,36.0,1.08,11.16,26.6,1.3,3.5,1.3,3.56,1.35,3.56,1.3,3.4,-2.75,2.03,1.87,2.01,1.86,1,Ekstraklasa
2.2,3.25,3.3,2.15,3.1,3.4,2.15,3.2,3.5,2.21,3.24,3.45,2.15,3.2,3.4,2.2,3.32,3.37,2.25,3.33,3.56,2.19,3.22,3.43,2.2,1.65,2.26,1.67,2.33,1.7,2.25,1.64,-0.25,1.92,1.98,1.91,1.96,0,Ekstraklasa
11.0,6.5,1.22,11.5,6.5,1.21,13.0,7.5,1.17,12.39,6.87,1.2,12.0,6.5,1.2,12.0,6.8,1.22,13.0,7.5,1.22,12.24,6.79,1.2,1.4,2.88,1.42,2.82,1.45,3.0,1.41,2.84,2.0,1.88,2.02,1.85,2.01,0,Ekstraklasa
1.67,3.6,5.5,1.66,3.6,5.25,1.67,3.6,5.0,1.65,3.76,5.5,1.62,3.7,5.5,1.68,3.76,5.25,1.71,3.91,5.7,1.67,3.72,5.32,2.1,1.7,2.13,1.73,2.19,1.77,2.12,1.72,-0.75,1.91,1.99,1.86,2.01,0,Ekstraklasa
3.1,3.0,2.45,2.95,3.0,2.45,3.0,3.0,2.5,3.13,3.03,2.5,3.1,3.0,2.4,3.08,3.04,2.51,3.16,3.1,2.52,3.06,3.03,2.47,2.5,1.5,2.56,1.52,2.6,1.56,2.52,1.52,0.25,1.78,2.13,1.76,2.12,0,Ekstraklasa
4.33,3.9,1.73,4.33,3.8,1.73,4.33,3.8,1.75,4.51,3.89,1.74,4.33,3.8,1.73,4.33,3.92,1.77,4.6,4.0,1.8,4.36,3.87,1.75,1.73,2.08,1.75,2.11,1.78,2.16,1.73,2.1,0.75,1.9,2.0,1.89,1.96,0,Ekstraklasa
1.7,3.6,5.25,1.73,3.4,5.0,1.73,3.3,5.5,1.7,3.53,5.43,1.7,3.5,5.0,1.74,3.54,5.15,1.76,3.6,5.5,1.72,3.48,5.23,2.35,1.57,2.38,1.59,2.43,1.63,2.36,1.58,-0.75,1.98,1.92,1.95,1.9,1,Ekstraklasa
1.14,8.0,15.0,1.15,8.0,17.0,1.13,8.0,18.0,1.14,8.38,17.08,1.12,7.5,19.0,1.14,8.1,20.0,1.16,8.8,21.0,1.14,7.97,17.51,1.44,2.7,1.45,2.74,1.5,3.0,1.44,2.71,-2.25,2.05,1.85,2.01,1.83,1,Ekstraklasa
3.3,3.1,2.25,3.3,3.1,2.2,3.4,3.1,2.2,3.26,3.17,2.34,3.2,3.1,2.3,3.26,3.13,2.35,3.4,3.3,2.35,3.27,3.16,2.28,2.35,1.57,2.4,1.58,2.45,1.62,2.37,1.58,0.25,1.91,1.99,1.85,2.0,1,Ekstraklasa
2.3,3.0,3.4,2.3,3.0,3.25,2.3,2.88,3.5,2.39,2.97,3.6,2.3,3.1,3.2,2.29,3.14,3.39,2.43,3.14,3.6,2.34,3.0,3.4,2.5,1.5,2.61,1.53,2.61,1.56,2.52,1.52,-0.25,2.0,1.9,2.01,1.89,1,Ekstraklasa
1.95,3.3,4.0,1.98,3.25,3.8,2.0,3.3,4.0,1.97,3.3,4.15,1.95,3.3,3.9,1.97,3.4,4.02,2.02,3.4,4.2,1.98,3.3,4.0,2.2,1.65,2.27,1.66,2.31,1.69,2.24,1.64,-0.5,2.0,1.9,1.98,1.88,0,Ekstraklasa
2.25,3.0,3.5,2.3,3.1,3.2,2.38,3.1,3.2,2.29,3.08,3.45,2.2,3.25,3.2,2.26,3.28,3.31,2.38,3.28,3.55,2.28,3.14,3.33,2.25,1.62,2.33,1.63,2.4,1.67,2.3,1.61,-0.25,1.97,1.93,1.96,1.91,0,Ekstraklasa
1.91,3.5,4.0,1.95,3.3,3.9,1.85,3.3,4.33,1.91,3.27,4.48,1.91,3.4,4.0,1.91,3.42,4.25,2.03,3.5,4.6,1.92,3.35,4.21,2.3,1.6,2.36,1.61,2.41,1.65,2.3,1.61,-0.5,1.93,1.97,1.93,1.94,0,Ekstraklasa
2.75,3.1,2.7,2.65,3.2,2.6,2.7,3.1,2.7,2.74,3.12,2.74,2.75,3.25,2.5,2.76,3.2,2.63,2.8,3.25,2.75,2.73,3.12,2.67,2.25,1.62,2.37,1.61,2.41,1.64,2.31,1.61,0.0,1.95,1.95,1.93,1.93,0,Ekstraklasa
2.2,3.4,3.2,2.2,3.25,3.2,2.2,3.2,3.3,2.25,3.27,3.34,2.2,3.25,3.2,2.22,3.36,3.29,2.27,3.4,3.37,2.22,3.28,3.26,2.1,1.7,2.16,1.71,2.19,1.76,2.13,1.71,-0.25,1.99,1.91,1.93,1.92,1,Ekstraklasa
2.9,3.0,2.6,2.9,3.0,2.5,2.9,2.9,2.6,2.89,3.01,2.69,2.88,3.1,2.5,2.88,3.1,2.6,3.0,3.1,2.72,2.89,3.01,2.61,2.6,1.48,2.65,1.49,2.66,1.54,2.56,1.49,0.0,2.05,1.85,2.0,1.85,1,Ekstraklasa
5.25,4.2,1.57,4.8,4.1,1.6,5.5,4.2,1.55,5.5,4.15,1.58,5.0,4.2,1.57,5.2,4.35,1.59,5.6,4.4,1.63,5.25,4.22,1.58,1.57,2.35,1.61,2.36,1.63,2.43,1.59,2.34,1.0,1.91,1.99,1.88,1.97,0,Ekstraklasa
2.1,3.3,3.5,2.05,3.5,3.3,2.0,3.4,3.5,2.1,3.38,3.58,2.1,3.4,3.4,2.11,3.5,3.42,2.13,3.5,3.58,2.09,3.42,3.44,1.98,1.88,1.98,1.86,2.03,1.92,1.96,1.84,-0.25,1.85,2.05,1.82,2.05,1,Ekstraklasa
2.2,3.25,3.4,2.1,3.1,3.5,2.2,3.1,3.5,2.23,3.24,3.61,2.2,3.2,3.3,2.2,3.3,3.39,2.32,3.3,3.61,2.21,3.2,3.44,2.3,1.6,2.34,1.65,2.42,1.66,2.3,1.61,-0.25,1.91,1.99,1.91,2.0,1,Ekstraklasa
2.8,3.2,2.55,2.8,3.1,2.5,2.88,3.0,2.55,2.96,3.02,2.63,2.88,3.1,2.5,2.97,2.99,2.6,3.07,3.2,2.69,2.92,3.05,2.58,2.35,1.57,2.39,1.6,2.53,1.63,2.37,1.58,0.0,2.06,1.84,2.06,1.82,1,Ekstraklasa
1.91,3.4,4.0,1.88,3.4,4.0,1.91,3.4,4.0,1.96,3.46,3.96,1.91,3.4,4.0,1.99,3.34,4.02,2.0,3.57,4.5,1.94,3.42,4.0,2.15,1.67,2.18,1.7,2.22,1.74,2.15,1.69,-0.5,1.99,1.91,1.98,1.89,0,Ekstraklasa
1.17,6.5,17.0,1.17,7.25,15.0,1.14,7.5,18.0,1.15,8.03,16.06,1.18,6.5,15.0,1.2,6.7,14.5,1.2,9.0,19.5,1.16,7.43,16.32,1.65,2.2,1.65,2.26,1.67,2.34,1.62,2.25,-2.0,2.01,1.89,1.99,1.87,0,Ekstraklasa
3.2,3.4,2.2,3.2,3.2,2.2,3.2,3.3,2.2,3.43,3.12,2.28,3.25,3.1,2.25,3.35,3.2,2.28,3.45,3.4,2.3,3.3,3.18,2.24,2.35,1.57,2.45,1.56,2.47,1.61,2.4,1.56,0.25,1.92,1.98,1.91,1.94,1,Ekstraklasa
9.5,5.75,1.27,10.5,6.0,1.25,11.0,6.0,1.22,9.89,6.02,1.26,11.0,5.8,1.25,11.0,5.9,1.27,11.0,6.3,1.27,10.21,5.93,1.26,1.53,2.4,1.54,2.49,1.58,2.55,1.53,2.45,1.75,1.87,2.03,1.83,2.01,0,Ekstraklasa
5.5,3.9,1.6,5.0,3.9,1.63,5.0,3.9,1.62,5.54,4.03,1.6,5.0,4.0,1.6,5.15,4.05,1.64,5.7,4.1,1.64,5.37,3.97,1.6,1.85,2.0,1.88,1.96,1.91,2.02,1.85,1.95,1.0,1.82,2.08,1.8,2.07,0,Ekstraklasa
1.67,3.8,5.0,1.68,3.6,4.8,1.67,3.75,5.0,1.68,3.74,5.16,1.67,3.7,5.0,1.72,3.74,4.9,1.72,3.81,5.2,1.68,3.73,5.0,2.05,1.75,2.06,1.78,2.12,1.82,2.04,1.77,-0.75,1.91,1.99,1.9,1.95,1,Ekstraklasa
1.2,6.25,13.0,1.21,6.5,12.5,1.17,6.5,15.0,1.18,7.09,13.67,1.18,6.5,15.0,1.22,6.6,12.5,1.22,7.4,15.0,1.2,6.62,13.19,1.53,2.4,1.52,2.54,1.57,2.57,1.52,2.46,-1.75,1.78,2.03,1.78,2.06,1,Ekstraklasa
8.5,4.75,1.36,7.5,5.0,1.36,8.5,5.5,1.3,8.72,5.14,1.34,8.5,5.0,1.33,8.5,5.0,1.36,9.0,5.5,1.37,8.44,5.02,1.34,1.73,2.08,1.75,2.11,1.8,2.13,1.74,2.07,1.5,1.83,2.07,1.79,2.06,1,Ekstraklasa
2.8,3.1,2.63,2.8,2.95,2.65,2.8,2.9,2.7,2.86,2.97,2.76,2.75,3.1,2.6,2.78,3.18,2.62,2.88,3.18,2.76,2.81,3.02,2.66,2.35,1.57,2.33,1.63,2.4,1.63,2.33,1.59,0.0,1.99,1.91,1.97,1.9,0,Ekstraklasa
2.8,3.1,2.6,2.7,3.1,2.6,2.8,3.1,2.6,2.84,3.09,2.68,2.7,3.2,2.6,2.81,3.13,2.64,2.88,3.2,2.68,2.8,3.1,2.62,2.25,1.62,2.31,1.64,2.31,1.65,2.26,1.62,0.0,2.03,1.87,2.0,1.88,1,Ekstraklasa
1.08,10.0,23.0,1.1,11.5,18.5,1.07,12.0,26.0,1.07,13.05,20.77,1.07,11.0,21.0,1.1,10.5,21.0,1.1,14.0,41.0,1.08,11.3,22.96,1.25,4.0,1.24,4.0,1.25,4.2,1.23,3.88,-2.75,2.02,1.88,1.96,1.88,1,Ekstraklasa
3.1,3.2,2.3,3.2,3.1,2.3,3.2,3.1,2.38,3.28,3.06,2.39,3.1,3.2,2.3,3.22,3.2,2.34,3.28,3.2,2.39,3.19,3.08,2.34,2.35,1.57,2.41,1.57,2.44,1.58,2.37,1.56,0.25,1.86,2.04,1.83,2.03,1,Ekstraklasa
13.0,7.0,1.18,14.5,7.25,1.17,16.0,8.0,1.14,15.34,7.67,1.16,17.0,7.0,1.15,15.0,7.2,1.18,18.0,8.0,1.18,15.35,7.19,1.16,1.53,2.4,1.55,2.44,1.56,2.8,1.5,2.48,2.0,1.95,1.95,1.91,1.93,0,Ekstraklasa
2.63,3.1,2.75,2.65,3.1,2.65,2.6,3.1,2.8,2.65,3.1,2.87,2.6,3.2,2.7,2.6,3.22,2.78,2.75,3.25,2.87,2.62,3.12,2.76,2.25,1.62,2.29,1.64,2.3,1.64,2.25,1.62,0.0,1.89,2.01,1.85,2.01,0,Ekstraklasa
1.48,4.2,6.5,1.49,4.2,6.0,1.44,4.2,7.0,1.49,4.32,6.59,1.5,4.2,6.0,1.51,4.3,6.35,1.51,4.5,7.0,1.48,4.26,6.44,1.88,1.98,1.86,1.98,1.92,2.04,1.84,1.94,-1.0,1.84,2.06,1.83,2.04,0,Ekstraklasa
1.14,7.5,19.0,1.15,7.75,17.5,1.12,8.0,19.0,1.13,8.89,17.94,1.11,8.0,21.0,1.13,8.3,21.0,1.15,8.89,22.0,1.13,8.13,18.96,1.48,2.6,1.45,2.7,1.48,2.8,1.45,2.64,-2.25,2.01,1.89,1.94,1.89,1,Ekstraklasa
3.7,3.3,2.05,3.6,3.25,2.05,3.6,3.3,2.1,3.82,3.24,2.08,3.6,3.3,2.05,3.59,3.34,2.11,3.82,3.5,2.11,3.67,3.29,2.06,2.2,1.65,2.27,1.65,2.27,1.72,2.2,1.65,0.25,2.05,1.75,2.08,1.78,0,Ekstraklasa
8.5,7.0,1.25,10.0,6.0,1.25,11.0,7.0,1.2,10.8,6.4,1.23,12.0,6.0,1.22,11.0,6.3,1.25,12.0,7.0,1.26,10.6,6.32,1.24,1.4,2.88,1.44,2.76,1.48,2.88,1.43,2.76,1.75,1.95,1.95,1.96,1.88,0,Ekstraklasa
2.3,3.1,3.5,2.35,3.0,3.2,2.3,2.9,3.5,2.4,2.95,3.6,2.4,2.9,3.1,2.3,3.16,3.35,2.47,3.16,3.6,2.35,2.99,3.34,2.5,1.5,2.54,1.56,2.56,1.56,2.47,1.53,-0.25,2.0,1.9,2.02,1.89,1,Ekstraklasa
1.75,3.4,5.25,1.8,3.4,4.5,1.75,3.4,4.75,1.78,3.42,5.01,1.8,3.3,4.6,1.8,3.56,4.63,1.82,3.56,5.25,1.79,3.43,4.72,2.15,1.67,2.22,1.68,2.28,1.74,2.2,1.65,-0.75,2.05,1.85,2.06,1.83,0,Ekstraklasa
2.25,3.2,3.3,2.25,3.1,3.25,2.3,3.1,3.3,2.3,3.12,3.39,2.3,3.0,3.3,2.3,3.18,3.33,2.3,3.2,3.39,2.27,3.14,3.28,2.35,1.57,2.42,1.58,2.43,1.63,2.31,1.59,-0.25,1.98,1.92,1.97,1.9,0,Ekstraklasa
7.0,4.1,1.48,6.5,4.1,1.49,7.0,4.33,1.4,6.46,4.26,1.5,6.5,4.0,1.5,6.77,4.2,1.5,7.0,4.6,1.51,6.68,4.18,1.48,2.05,1.75,2.06,1.81,2.17,1.81,2.03,1.77,1.0,2.04,1.86,2.0,1.88,0,Ekstraklasa
3.1,3.2,2.3,3.1,3.2,2.25,3.3,3.2,2.25,3.2,3.2,2.35,3.1,3.1,2.3,3.19,3.24,2.32,3.3,3.25,2.35,3.14,3.18,2.3,2.25,1.62,2.23,1.67,2.33,1.68,2.22,1.64,0.25,1.87,2.03,1.84,2.02,0,Ekstraklasa
7.0,5.25,1.38,7.5,5.0,1.37,7.5,5.0,1.33,7.75,5.41,1.34,7.5,4.8,1.36,7.9,5.25,1.36,9.0,5.41,1.38,7.66,5.1,1.35,1.53,2.4,1.53,2.53,1.56,2.55,1.51,2.45,1.5,1.85,2.05,1.84,2.02,0,Ekstraklasa
1.08,9.5,23.0,1.1,10.5,21.0,1.08,10.5,23.0,1.08,12.23,23.2,1.12,9.0,19.0,1.11,9.7,19.0,1.12,12.23,27.0,1.09,10.02,21.76,1.33,3.4,1.32,3.33,1.35,3.4,1.31,3.24,-2.5,1.91,1.99,1.86,1.97,1,Ekstraklasa
1.53,3.9,6.25,1.52,4.0,6.0,1.5,4.0,6.5,1.54,4.07,6.16,1.55,3.9,5.8,1.56,4.15,5.9,1.56,4.2,6.5,1.53,4.04,6.05,1.98,1.88,1.95,1.88,2.0,1.9,1.92,1.86,-1.0,1.95,1.95,1.96,1.89,0,Ekstraklasa
2.35,3.3,3.0,2.37,3.25,2.87,2.38,3.2,3.0,2.38,3.21,3.15,2.38,3.2,3.0,2.35,3.34,3.05,2.4,3.35,3.15,2.36,3.24,3.0,2.1,1.7,2.13,1.73,2.2,1.74,2.1,1.71,-0.25,2.06,1.84,2.04,1.83,1,Ekstraklasa
2.25,3.25,3.2,2.3,3.0,3.2,2.3,3.1,3.4,2.39,3.12,3.39,2.4,2.9,3.25,2.4,3.02,3.3,2.42,3.25,3.42,2.34,3.06,3.26,2.35,1.57,2.44,1.6,2.55,1.63,2.38,1.57,-0.25,2.02,1.88,2.03,1.88,0,Ekstraklasa
2.45,3.0,3.1,2.4,3.1,3.0,2.45,3.1,3.0,2.5,3.08,3.07,2.45,3.1,2.9,2.46,3.22,2.99,2.5,3.22,3.1,2.45,3.08,3.01,2.25,1.62,2.33,1.63,2.38,1.63,2.29,1.6,-0.25,2.11,1.79,2.14,1.76,0,Ekstraklasa
3.25,3.0,2.4,3.1,3.1,2.35,3.3,3.0,2.38,3.22,3.02,2.45,3.1,3.0,2.38,3.15,3.15,2.4,3.3,3.15,2.45,3.16,3.03,2.4,2.5,1.5,2.55,1.53,2.55,1.53,2.48,1.51,0.25,1.82,2.08,1.8,2.09,0,Ekstraklasa
1.13,9.0,15.0,1.13,9.0,18.0,1.1,9.0,23.0,1.11,9.45,19.48,1.12,8.0,23.0,1.12,8.8,22.0,1.13,9.5,23.0,1.11,8.79,19.86,1.4,2.88,1.42,2.85,1.44,2.88,1.41,2.76,-2.25,1.91,1.99,1.87,1.99,1,Ekstraklasa
4.2,3.5,1.85,4.2,3.5,1.8,4.4,3.5,1.8,4.2,3.55,1.88,4.2,3.4,1.85,4.21,3.58,1.87,4.4,3.6,1.88,4.18,3.51,1.84,2.08,1.73,2.1,1.75,2.14,1.78,2.07,1.73,0.5,2.0,1.9,1.97,1.88,0,Ekstraklasa
2.2,3.1,3.5,2.15,3.2,3.3,2.15,3.2,3.4,2.2,3.13,3.61,2.15,3.25,3.3,2.14,3.42,3.42,2.21,3.42,3.61,2.17,3.21,3.41,2.08,1.73,2.1,1.75,2.19,1.75,2.08,1.73,-0.25,1.9,2.0,1.88,1.98,1,Ekstraklasa
1.42,4.5,7.5,1.4,4.6,7.5,1.36,4.6,8.5,1.4,4.66,7.69,1.4,4.4,7.5,1.42,4.65,7.5,1.42,4.9,8.5,1.39,4.56,7.59,1.83,2.03,1.83,2.02,1.83,2.12,1.79,2.0,-1.25,1.98,1.92,1.97,1.88,0,Ekstraklasa
2.5,3.6,2.6,2.45,3.6,2.55,2.55,3.5,2.6,2.53,3.63,2.64,2.5,3.5,2.5,2.53,3.65,2.59,2.6,3.66,2.75,2.5,3.57,2.59,1.67,2.15,1.7,2.18,1.7,2.25,1.66,2.16,0.0,1.9,2.0,1.88,1.97,1,Ekstraklasa
2.7,2.9,2.88,2.6,2.9,2.85,2.7,2.88,2.88,2.72,2.93,2.94,2.7,2.8,2.9,2.71,2.93,2.9,2.75,2.97,2.94,2.68,2.9,2.87,2.7,1.44,2.76,1.45,2.76,1.45,2.68,1.43,0.0,1.9,2.0,1.85,2.01,0,Ekstraklasa
3.8,3.5,1.95,3.7,3.4,1.95,3.9,3.4,1.95,4.07,3.61,1.95,3.6,3.4,2.0,3.73,3.58,1.98,4.07,3.61,2.01,3.78,3.48,1.96,1.95,1.9,1.97,1.92,1.99,1.92,1.93,1.85,0.5,1.92,1.98,1.94,1.96,0,Ekstraklasa
1.8,3.4,4.5,1.83,3.3,4.5,1.8,3.3,4.75,1.85,3.31,4.73,1.85,3.2,4.5,1.88,3.35,4.5,1.88,3.4,5.0,1.84,3.31,4.55,2.4,1.53,2.53,1.54,2.55,1.55,2.45,1.52,-0.5,1.87,2.03,1.87,2.0,0,Ekstraklasa
1.42,4.5,7.0,1.43,4.6,6.5,1.36,4.75,7.0,1.42,4.84,6.75,1.44,4.5,6.5,1.45,4.75,6.6,1.45,5.0,7.0,1.42,4.69,6.67,1.57,2.35,1.59,2.4,1.59,2.45,1.57,2.35,-1.25,1.98,1.92,1.95,1.92,0,Ekstraklasa
2.75,3.1,2.63,2.7,3.2,2.55,2.75,3.2,2.6,2.79,3.21,2.64,2.8,3.1,2.5,2.78,3.24,2.59,2.8,3.24,2.64,2.76,3.18,2.58,2.25,1.62,2.32,1.63,2.38,1.65,2.27,1.61,0.0,2.01,1.89,1.99,1.88,0,Ekstraklasa
1.67,3.4,6.0,1.68,3.4,5.5,1.67,3.4,5.5,1.67,3.45,5.97,1.7,3.4,5.0,1.71,3.58,5.35,1.71,3.58,6.0,1.67,3.45,5.57,2.35,1.57,2.37,1.6,2.4,1.6,2.35,1.56,-0.75,1.93,1.97,1.9,1.95,0,Ekstraklasa
2.35,3.1,3.2,2.4,3.0,3.0,2.4,2.9,3.2,2.4,3.06,3.27,2.4,3.0,3.1,2.35,3.15,3.24,2.4,3.15,3.27,2.37,3.02,3.17,2.5,1.5,2.55,1.52,2.65,1.53,2.51,1.5,-0.25,2.04,1.86,2.04,1.83,0,Ekstraklasa
2.25,3.1,3.3,2.3,3.1,3.1,2.3,2.9,3.3,2.33,2.94,3.55,2.3,2.9,3.4,2.37,2.89,3.52,2.37,3.1,3.55,2.29,2.99,3.35,2.25,1.62,2.33,1.62,2.35,1.62,2.28,1.59,-0.25,1.98,1.92,1.97,1.88,0,Ekstraklasa
2.2,3.2,3.4,2.1,3.2,3.5,2.1,3.2,3.5,2.23,3.06,3.63,2.15,3.2,3.4,2.15,3.38,3.44,2.23,3.38,3.7,2.15,3.17,3.47,2.15,1.67,2.17,1.7,2.23,1.7,2.15,1.67,-0.25,1.92,1.98,1.89,1.96,0,Ekstraklasa
8.5,4.75,1.36,8.0,5.0,1.35,9.0,5.0,1.3,8.81,5.23,1.36,8.5,4.8,1.35,8.1,4.9,1.38,10.0,5.8,1.38,8.62,5.03,1.34,1.73,2.08,1.8,2.09,1.8,2.23,1.73,2.09,1.5,1.78,2.03,1.8,2.11,1,Ekstraklasa
1.25,6.25,9.5,1.25,5.75,10.5,1.2,6.5,13.0,1.23,6.6,12.43,1.25,5.5,10.0,1.27,5.9,11.0,1.27,7.0,13.0,1.23,6.22,11.37,1.53,2.4,1.56,2.51,1.59,2.55,1.54,2.41,-1.75,1.99,1.91,1.95,1.93,1,Ekstraklasa
1.7,3.4,5.5,1.71,3.5,5.0,1.73,3.4,5.0,1.72,3.57,5.19,1.75,3.3,5.0,1.75,3.5,5.15,1.75,3.6,5.5,1.71,3.49,5.12,2.4,1.53,2.46,1.56,2.46,1.61,2.39,1.55,-0.75,2.0,1.9,1.97,1.89,0,Ekstraklasa
9.5,5.5,1.3,8.75,5.5,1.29,10.5,5.5,1.25,9.21,5.87,1.28,9.5,5.0,1.3,9.7,5.75,1.29,10.5,6.4,1.3,9.24,5.69,1.28,1.53,2.4,1.54,2.52,1.54,2.63,1.51,2.47,1.5,2.02,1.88,2.02,1.86,0,Ekstraklasa
1.55,3.9,6.25,1.6,3.8,5.25,1.55,3.9,6.0,1.55,4.09,6.01,1.6,3.8,5.5,1.58,4.05,5.85,1.64,4.09,6.25,1.57,3.96,5.71,1.98,1.88,1.97,1.88,2.0,1.88,1.94,1.84,-1.0,2.0,1.9,1.99,1.88,0,Ekstraklasa
1.9,3.2,4.33,1.9,3.25,4.2,1.95,3.2,4.2,1.91,3.23,4.55,1.95,3.1,4.2,1.92,3.32,4.35,2.0,3.35,4.55,1.91,3.24,4.27,2.5,1.5,2.57,1.51,2.6,1.55,2.51,1.5,-0.5,1.98,1.92,1.92,1.93,0,Ekstraklasa
2.05,3.2,3.75,2.1,3.1,3.6,2.1,3.2,3.75,2.08,3.27,3.79,2.1,3.2,3.5,2.08,3.34,3.69,2.1,3.35,3.79,2.07,3.23,3.66,2.25,1.62,2.3,1.63,2.3,1.65,2.25,1.62,-0.25,1.75,2.05,1.79,2.09,1,Ekstraklasa
5.0,3.8,1.67,4.75,3.75,1.68,5.0,3.8,1.67,4.83,3.93,1.68,4.6,3.75,1.73,4.66,3.9,1.72,5.0,3.93,1.73,4.76,3.82,1.68,1.85,2.0,1.85,1.99,1.87,2.0,1.83,1.95,0.75,2.0,1.9,1.96,1.89,0,Ekstraklasa
7.5,4.5,1.4,7.75,4.5,1.4,8.5,4.5,1.36,8.19,4.62,1.39,7.5,4.2,1.4,8.0,4.5,1.42,9.0,5.3,1.42,7.93,4.51,1.39,2.0,1.85,1.98,1.86,2.0,1.96,1.94,1.84,1.25,1.91,1.99,1.91,1.94,1,Ekstraklasa
3.4,3.0,2.3,3.25,3.1,2.25,3.3,3.0,2.3,3.27,3.16,2.34,3.1,3.0,2.3,3.27,3.22,2.33,3.4,3.22,2.35,3.22,3.09,2.31,2.4,1.53,2.43,1.57,2.43,1.57,2.37,1.55,0.25,1.9,2.0,1.85,2.0,0,Ekstraklasa
2.3,3.1,3.25,2.3,3.1,3.1,2.38,3.0,3.3,2.43,3.13,3.32,2.38,3.0,3.1,2.4,3.13,3.17,2.43,3.15,3.32,2.37,3.08,3.19,2.5,1.5,2.64,1.52,2.64,1.53,2.53,1.51,-0.25,2.05,1.85,2.06,1.85,1,Ekstraklasa
1.82,3.4,4.33,1.87,3.3,4.2,1.85,3.3,4.33,1.87,3.41,4.45,1.85,3.3,4.2,1.89,3.45,4.3,1.9,3.46,4.45,1.87,3.39,4.28,2.2,1.65,2.28,1.64,2.45,1.65,2.25,1.62,-0.5,1.9,2.0,1.88,1.98,0,Ekstraklasa
2.55,2.9,3.0,2.5,3.0,2.95,2.5,3.0,2.9,2.6,3.03,3.0,2.5,3.0,2.9,2.54,3.14,2.91,2.6,3.14,3.0,2.55,3.01,2.94,2.4,1.5,2.42,1.57,2.49,1.57,2.41,1.54,0.0,1.82,2.08,1.8,2.09,0,Ekstraklasa
8.5,4.75,1.38,7.75,4.8,1.36,8.5,4.75,1.33,8.44,4.96,1.36,7.5,4.5,1.4,7.8,4.8,1.4,8.5,5.0,1.4,7.96,4.85,1.37,1.7,2.1,1.74,2.11,1.77,2.23,1.72,2.11,1.25,2.02,1.88,1.98,1.88,1,Ekstraklasa
1.14,9.5,12.0,1.15,8.25,15.5,1.11,9.0,19.0,1.13,9.58,15.32,1.15,7.5,17.0,1.15,8.1,16.5,1.15,9.58,20.0,1.13,8.71,15.83,1.37,2.87,1.37,3.01,1.39,3.4,1.36,2.95,-2.25,1.99,1.91,1.96,1.89,1,Ekstraklasa
4.2,3.6,1.83,4.2,3.5,1.82,4.4,3.5,1.8,4.31,3.64,1.83,4.2,3.4,1.85,4.24,3.64,1.85,4.4,3.7,1.88,4.2,3.58,1.82,2.03,1.83,2.03,1.81,2.14,1.87,2.01,1.79,0.5,2.04,1.86,2.02,1.84,1,Ekstraklasa
1.45,4.1,7.5,1.47,4.1,6.75,1.4,4.2,7.5,1.46,4.12,7.64,1.5,3.9,7.0,1.49,4.15,7.2,1.5,4.2,8.0,1.46,4.12,7.29,2.1,1.7,2.16,1.71,2.16,1.8,2.12,1.71,-1.0,1.84,2.06,1.83,2.03,0,Ekstraklasa
1.22,6.5,11.0,1.22,6.25,12.0,1.2,6.0,13.0,1.21,6.51,12.48,1.22,6.0,13.0,1.22,6.5,12.6,1.22,6.51,14.0,1.21,6.33,12.43,1.53,2.4,1.55,2.45,1.57,2.45,1.54,2.39,-1.75,1.89,2.01,1.83,2.01,1,Ekstraklasa
2.9,3.0,2.55,2.7,3.1,2.6,2.8,3.0,2.63,2.97,3.1,2.57,2.88,3.0,2.5,2.91,3.18,2.52,2.97,3.18,2.63,2.88,3.09,2.54,2.35,1.57,2.39,1.59,2.43,1.62,2.34,1.57,0.0,2.09,1.81,2.08,1.79,1,Ekstraklasa
3.6,2.9,2.2,3.4,3.0,2.2,3.6,3.0,2.2,3.68,3.08,2.28,3.4,3.0,2.25,3.49,3.18,2.22,3.68,3.18,2.31,3.52,3.03,2.23,2.5,1.5,2.63,1.53,2.63,1.54,2.54,1.51,0.25,1.95,1.95,1.97,1.93,0,Ekstraklasa
2.5,3.2,2.88,2.45,3.2,2.8,2.5,3.1,2.88,2.58,3.16,2.9,2.5,3.1,2.8,2.53,3.26,2.83,2.58,3.3,2.9,2.52,3.16,2.84,2.15,1.67,2.28,1.66,2.28,1.72,2.2,1.65,0.0,1.81,2.09,1.83,2.06,0,Ekstraklasa
2.1,3.1,3.8,2.1,3.1,3.6,2.1,3.0,3.8,2.12,3.07,3.95,2.15,2.9,3.75,2.11,3.13,3.89,2.17,3.13,3.95,2.11,3.04,3.8,2.7,1.44,2.76,1.46,2.76,1.48,2.66,1.44,-0.25,1.81,2.09,1.81,2.08,1,Ekstraklasa
2.15,3.25,3.4,2.1,3.2,3.5,2.1,3.1,3.8,2.18,3.1,3.71,2.1,3.2,3.5,2.13,3.35,3.54,2.2,3.35,3.8,2.14,3.18,3.55,2.25,1.62,2.25,1.67,2.26,1.68,2.21,1.65,-0.25,1.88,2.02,1.87,2.01,0,Ekstraklasa
1.36,5.25,7.0,1.37,4.6,8.5,1.33,5.0,8.5,1.37,4.78,8.4,1.36,4.5,8.5,1.37,4.8,8.8,1.39,5.25,9.0,1.36,4.74,8.32,1.93,1.93,1.88,1.97,2.02,1.97,1.89,1.9,-1.25,1.86,2.04,1.85,2.02,1,Ekstraklasa
1.14,8.0,17.0,1.14,8.5,17.0,1.1,8.5,26.0,1.12,9.63,16.02,1.14,8.0,21.0,1.12,8.6,20.0,1.14,9.63,26.0,1.12,8.53,18.26,1.44,2.7,1.41,2.86,1.47,2.86,1.41,2.75,-2.25,1.98,1.92,1.96,1.88,1,Ekstraklasa
9.0,5.75,1.29,9.5,5.5,1.29,11.0,5.5,1.22,8.97,5.98,1.27,10.0,5.0,1.29,10.5,5.75,1.28,11.0,6.0,1.29,9.72,5.68,1.27,1.6,2.3,1.6,2.37,1.6,2.38,1.58,2.32,1.5,2.04,1.86,2.04,1.81,0,Ekstraklasa
4.2,3.5,1.9,4.0,3.4,1.9,4.0,3.3,1.95,4.08,3.49,1.93,3.9,3.3,1.95,3.96,3.52,1.94,4.2,3.7,2.0,3.95,3.46,1.92,2.05,1.75,2.09,1.75,2.09,1.81,2.04,1.76,0.5,1.95,1.95,1.92,1.93,0,Ekstraklasa
7.0,4.5,1.42,6.5,4.4,1.46,7.0,4.6,1.4,7.28,4.68,1.42,7.0,4.4,1.44,7.3,4.65,1.43,7.4,4.75,1.46,6.98,4.58,1.42,1.75,2.05,1.78,2.06,1.81,2.13,1.75,2.04,1.25,1.87,2.03,1.85,2.01,0,Ekstraklasa
2.8,3.1,2.55,2.8,3.1,2.55,2.88,3.1,2.55,2.97,3.08,2.69,2.8,2.9,2.5,2.9,3.08,2.6,3.02,3.2,2.69,2.87,3.06,2.6,2.15,1.67,2.26,1.69,2.29,1.74,2.21,1.66,0.0,2.03,1.87,2.05,1.86,0,Ekstraklasa
4.2,3.2,1.95,4.2,3.2,1.93,4.4,3.1,1.95,4.31,3.16,1.99,4.0,3.0,1.95,4.27,3.24,1.97,4.4,3.29,2.03,4.24,3.17,1.96,2.7,1.44,2.72,1.48,2.72,1.52,2.61,1.47,0.5,1.89,2.01,1.87,2.0,0,Ekstraklasa
1.18,7.0,13.0,1.2,6.75,13.0,1.17,6.5,16.0,1.18,7.16,13.83,1.2,5.8,12.0,1.22,6.6,12.5,1.22,8.0,16.0,1.19,6.91,13.71,1.57,2.35,1.58,2.37,1.62,2.45,1.57,2.35,-2.0,2.06,1.84,2.03,1.83,1,Ekstraklasa
3.1,3.0,2.4,3.1,3.1,2.3,3.2,3.1,2.38,3.18,3.04,2.46,3.0,2.9,2.3,3.15,3.08,2.44,3.25,3.2,2.47,3.13,3.03,2.41,2.35,1.57,2.41,1.58,2.6,1.62,2.38,1.57,0.25,1.81,2.09,1.79,2.1,0,Ekstraklasa
1.55,3.9,6.5,1.57,3.8,6.0,1.5,3.9,6.0,1.54,4.09,6.18,1.53,3.7,5.8,1.56,4.0,6.2,1.57,4.2,6.5,1.54,3.98,6.12,2.08,1.73,2.1,1.75,2.19,1.79,2.08,1.74,-1.0,2.0,1.9,1.97,1.88,1,Ekstraklasa
2.3,3.2,3.1,2.3,3.25,3.0,2.3,3.2,3.2,2.35,3.18,3.24,2.25,3.1,3.0,2.32,3.3,3.15,2.35,3.3,3.27,2.31,3.2,3.13,2.2,1.65,2.25,1.66,2.31,1.69,2.23,1.65,-0.25,2.03,1.87,2.01,1.85,0,Ekstraklasa
1.55,4.2,5.5,1.55,4.2,5.5,1.55,4.0,5.5,1.54,4.13,6.04,1.55,3.8,5.0,1.58,4.15,5.6,1.58,4.2,6.2,1.55,4.12,5.7,1.88,1.98,1.9,1.93,1.95,1.98,1.88,1.92,-1.0,2.01,1.89,1.98,1.87,1,Ekstraklasa
1.8,3.4,4.5,1.82,3.4,4.4,1.8,3.3,4.6,1.85,3.39,4.62,1.8,3.2,4.2,1.87,3.44,4.58,1.87,3.45,4.7,1.83,3.38,4.47,2.3,1.6,2.36,1.6,2.43,1.63,2.32,1.59,-0.5,1.88,2.02,1.85,2.0,1,Ekstraklasa
1.91,3.25,4.2,1.95,3.3,3.8,1.91,3.3,4.0,1.98,3.36,4.03,1.95,3.2,3.6,1.97,3.48,3.89,2.02,3.48,4.2,1.96,3.34,3.9,2.1,1.7,2.14,1.72,2.16,1.79,2.1,1.71,-0.5,2.0,1.9,1.99,1.87,0,Ekstraklasa
